,Date,Auction ID,Final Judgment,Assessed Value,Plaintiff Max Bid,Beds,Bath,Living Area,ZEstimate,Day Count,Place in Line,Court Year,Defendant Count,Previous Auctions,Sold Amount
13,2021-02-10,1280452,213137.62,145229,175500.00,3.0,2.0,1090.0,242061.0,23,14,2019,2.0,1.0,182500.00
19,2021-02-10,1280196,171588.80,230826,173429.59,0.0,1.0,438.0,282947.0,23,20,2020,4.0,0.0,253000.00
81,2021-01-20,1280968,19042.83,133384,19042.83,1.0,1.0,1057.0,208386.0,37,37,2020,3.0,1.0,61000.0
88,2021-01-20,1280767,213729.18,246600,213730.00,3.0,2.0,1520.0,423778.0,37,23,2019,3.0,1.0,213800.0
100,2021-01-20,1280966,10319.29,122000,10600.00,1.0,1.0,730.0,157977.0,37,36,2020,1.0,1.0,97100.0
106,2021-01-20,1280966,10319.29,122000,10600.00,1.0,1.0,730.0,157977.0,37,36,2020,1.0,1.0,97100.0
167,2021-01-13,1280854,31932.19,85437,43811.96,3.0,2.0,1715.0,209838.0,38,26,2019,3.0,2.0,134000.0
179,2021-01-13,1279550,12750.3,100425,13454.87,1.0,1.0,855.0,139211.0,38,37,2020,1.0,1.0,79000.0
182,2021-01-12,1279427,54218.33,322100,56582.37,2.0,2.0,1622.0,457700.0,41,26,2019,1.0,1.0,108100.0
203,2021-01-12,1278348,65370.15,310800,69885.18,1.0,1.0,852.0,381160.0,41,19,2018,1.0,2.0,90100.0
220,2021-01-11,1279099,147012.48,70786,130000.00,2.0,2.0,1011.0,195921.0,59,41,2019,4.0,1.0,147300.0
245,2021-01-11,1279822,16894.11,61554,16894.11,2.0,1.0,718.0,111891.0,59,59,2020,1.0,1.0,35100.0
281,2021-01-06,1274734,223590.69,197652,226617.49,1.0,1.0,806.0,291608.0,75,56,2019,7.0,1.0,227100.0
349,2021-01-05,1279220,28264.5,68009,28600.00,2.0,2.0,1130.0,136410.0,27,17,2019,1.0,2.0,28700.0
359,2021-01-04,1275472,142960.83,126600,137475.00,2.0,2.0,861.0,164960.0,72,46,2019,5.0,1.0,137500.0
426,2020-12-16,1277851,12215.68,707800,12285.77,3.0,3.0,1557.0,818614.0,20,19,2020,1.0,1.0,235600.0
439,2020-12-16,1277724,186687.06,135000,139200.00,3.0,2.0,1070.0,173866.0,20,5,2016,4.5,4.0,146100.0
461,2020-12-14,1276503,191828.42,168560,196609.80,2.0,2.0,1160.0,233830.0,14,5,2018,9.0,1.0,196700.0
464,2020-12-14,1278775,14981.51,39359,14981.51,2.0,2.0,1040.0,124930.0,14,7,2019,1.0,3.0,61200.0
468,2020-12-09,1277083,16531.74,130000,16531.74,2.0,2.0,965.0,255142.0,5,3,2018,7.0,2.0,96100.0
517,2020-12-02,1273071,546868.87,213200,187161.76,3.0,2.0,1364.0,288638.0,5,1,2015,5.0,2.0,243700.0
543,2020-11-30,1270585,10214.3,79673,18527.31,1.0,1.0,846.0,128163.0,28,27,2020,1.0,1.0,91200.0
547,2020-11-30,1271043,402648.04,398534,407900.00,1.0,2.0,912.0,538546.0,28,21,2019,3.0,1.0,408000.0
557,2020-11-25,1275048,143001.16,125000,143001.16,2.0,1.0,891.0,165841.0,10,7,2018,3.0,3.0,143100.0
589,2020-11-18,1273983,164233.06,194000,172207.49,3.0,2.0,1256.0,254464.0,10,5,2019,5.0,2.0,200100.0
595,2020-11-18,1273827,10172.76,113000,8872.83,1.0,1.0,546.0,144461.0,10,8,2019,3.0,2.0,75300.0
723,2020-10-28,1273067,22236.01,354197,27200.00,2.0,2.0,1088.0,407911.0,2,2,2019,2.0,2.0,69100.0
771,2020-10-21,1271189,13842.53,41444,13842.53,0.0,0.0,112.0,110771.0,27,22,2019,2.0,1.0,38800.0
782,2020-10-20,1273887,61134.87,53534,60723.00,3.0,2.0,1125.0,165475.0,8,7,2019,9.0,1.0,123600.0
788,2020-10-19,1271943,127645.05,83400,89000.00,2.0,1.0,1075.0,113782.0,25,20,2019,3.0,1.0,89300.0
884,2020-09-29,1270518,174230.68,189360,174230.68,2.0,2.0,1268.0,266992.0,20,19,2019,5.0,2.0,174300.0
899,2020-09-29,1269620,197332.85,126443,121824.42,2.0,2.0,996.0,344185.0,20,3,2016,6.0,6.0,146300.0
914,2020-09-23,1270400,10172.76,113000,10400.00,1.0,1.0,546.0,145085.0,16,14,2019,3.0,2.0,69100.0
927,2020-09-21,1267561,59200.83,53852,62632.78,2.0,2.0,812.0,165882.0,13,8,2019,15.0,2.0,140300.0
936,2020-09-14,1267731,195352.48,180069,202992.46,4.0,3.0,1500.0,228955.0,6,4,2018,3.0,2.0,203000.0
2069,2020-03-11,1252653,177773.94,140000,135000.00,2.0,2.0,870.0,179454.0,16,15,2019,5.0,1.0,142000.0
2099,2020-03-10,1251855,142855.71,125345,133400.00,2.0,1.0,1140.0,192164.0,55,15,2018,7.0,3.0,155800.0
2171,2020-03-04,1252414,43419.12,673814,43419.12,2.0,2.0,1595.0,964200.0,57,39,2019,1.0,1.0,422000.0
2241,2020-03-02,1251486,79267.35,83037,80170.08,2.0,2.0,750.0,294650.0,59,40,2019,2.0,1.0,148200.0
2289,2020-02-26,1249987,422258.78,205373,209901.75,3.0,2.0,1470.0,280154.0,30,5,2014,4.0,8.0,210000.0
2332,2020-02-24,1248226,44910.63,143000,44910.63,4.0,2.0,1846.0,172700.0,56,14,2017,1.0,3.0,45000.0
2345,2020-02-24,1243150,34715.54,89000,36107.23,2.0,2.0,1594.0,423862.0,56,42,2019,7.0,2.0,243100.0
2360,2020-02-24,1249818,9662.46,92988,10100.00,2.0,2.0,1315.0,121477.0,56,56,2019,1.0,2.0,72400.0
2363,2020-02-24,1249947,107747.88,116676,20048.79,2.0,1.0,981.0,309502.0,56,17,2017,2.0,2.0,41300.0
2544,2020-02-10,1249357,235239.77,104509,108243.90,1.0,1.0,639.0,137380.0,68,17,2016,11.0,1.0,108300.0
2600,2020-02-05,1236058,217338.07,148547,182992.11,3.0,2.0,1360.0,251375.0,28,10,2018,5.0,1.0,183000.0
2643,2020-02-04,1236185,283325.68,112356,121200.00,2.0,2.0,1061.0,168193.0,26,10,2017,5.0,1.0,129200.0
2707,2020-01-29,1247644,120095.86,128000,124365.58,0.0,1.0,518.0,179837.0,8,7,2019,4.0,1.0,124400.0
2722,2020-01-28,1244158,276110.62,346895,285600.17,2.0,2.0,1111.0,418894.0,25,24,2019,4.0,1.0,315100.0
2726,2020-01-28,1243883,141467.05,111384,111610.86,2.0,2.0,973.0,195087.0,25,1,2007,4.0,1.0,129000.0
2756,2020-01-27,1235034,144317.0,118320,133000.00,3.0,2.0,1255.0,195042.0,76,64,2019,4.0,1.0,138200.0
2808,2020-01-22,1247629,153507.95,89921,109900.00,1.0,1.0,749.0,132976.0,32,20,2019,2.0,1.0,125800.0
2894,2020-01-21,1246379,85716.94,158000,90091.77,3.0,2.0,1262.0,207154.0,110,45,2018,4.0,2.0,168000.0
2924,2020-01-21,1247307,160798.98,73607,76700.00,2.0,2.0,815.0,171600.0,110,79,2019,15.0,1.0,76800.0
3004,2020-01-13,1241135,125041.58,234934,137801.24,3.0,2.0,1459.0,299008.0,72,39,2018,5.0,3.0,228400.0
3094,2020-01-08,1245758,99817.75,70821,100862.23,2.0,1.0,800.0,205836.0,58,41,2019,3.0,1.0,123500.0
3098,2020-01-08,1243203,63646.19,253725,63646.19,2.0,2.0,1024.0,313557.0,58,53,2019,2.0,1.0,63700.0
3201,2020-01-06,1234501,415411.56,171000,148200.00,1.0,1.0,1000.0,243687.0,211,83,2017,5.5,1.0,148800.0
3311,2020-01-06,1241332,65918.06,132407,65918.06,2.0,2.0,856.0,164012.0,211,66,2017,12.0,3.0,146700.0
3332,2020-01-06,1241904,20490.66,179388,31751.80,2.0,2.0,1542.0,348527.0,211,139,2018,1.0,3.0,207600.0
3361,2020-01-06,1240882,469165.83,688480,474915.20,0.0,0.0,5296.0,204500.0,211,192,2019,11.0,2.0,700100.0
3411,2019-12-18,1241313,224686.15,134592,125550.00,2.0,1.0,800.0,159426.0,33,28,2019,6.0,1.0,136300.0
3436,2019-12-17,1241381,137606.32,154900,138760.62,0.0,1.0,600.0,180306.0,28,27,2019,6.0,1.0,152400.0
3496,2019-12-16,1238375,144323.96,61380,48058.00,1.0,2.0,861.0,167400.0,61,30,2018,8.0,1.0,48100.0
3530,2019-12-11,1240880,331271.63,158484,150000.00,3.0,2.0,1652.0,197601.0,57,49,2019,7.0,1.0,150100.0
3560,2019-12-09,1226330,38688.67,69156,38688.67,1.0,1.0,825.0,88828.0,88,68,2018,1.0,1.0,55300.0
3621,2019-12-09,1238358,169896.26,137739,143370.00,2.0,2.0,1140.0,175720.0,88,13,2016,4.0,3.0,143400.0
3638,2019-12-09,1240198,258157.16,130950,135270.00,2.0,1.0,968.0,204300.0,88,75,2019,6.0,1.0,142600.0
3644,2019-12-04,1235087,128672.7,109290,97658.56,2.0,2.0,960.0,141568.0,28,26,2019,3.0,1.0,97700.0
3684,2019-12-03,1239694,21809.76,79599,21809.76,2.0,2.0,1428.0,150647.0,25,23,2019,1.0,1.0,47900.0
3722,2019-12-02,1237922,137850.25,119500,100800.00,1.0,1.0,756.0,147513.0,75,47,2018,5.0,1.0,100900.0
3744,2019-12-02,1226470,222495.37,148516,137280.00,2.0,2.0,1224.0,180757.0,75,26,2017,10.0,1.0,158900.0
3747,2019-12-02,1237916,993445.83,323380,337500.00,2.0,2.0,1105.0,397436.0,75,11,2015,6.0,1.0,337600.0
3767,2019-11-27,1238342,150208.09,104408,110000.00,2.0,2.0,750.0,143773.0,51,35,2018,3.0,1.0,110100.0
3774,2019-11-27,1236797,682401.71,619818,600000.00,2.0,2.0,1694.0,894411.0,51,17,2017,6.0,4.0,600100.0
3776,2019-11-27,1238343,124827.84,184500,125653.60,1.0,1.0,980.0,344234.0,51,18,2017,6.0,1.0,210000.0
3814,2019-11-26,1232600,150571.07,99750,83200.00,1.0,1.0,648.0,131761.0,16,14,2019,7.0,1.0,105200.0
3869,2019-11-25,1238149,61543.86,98000,61543.86,2.0,1.0,750.0,153158.0,66,65,2019,3.0,1.0,115000.0
3895,2019-11-20,1237624,171014.73,113000,95031.74,1.0,1.0,862.0,320800.0,31,28,2019,4.0,1.0,126100.0
3929,2019-11-19,1236868,50662.31,164780,5000.00,3.0,2.0,1150.0,218803.0,19,6,2017,2.0,5.0,71100.0
3952,2019-11-18,1235992,38664.41,101100,39000.21,1.0,1.0,741.0,142460.0,49,42,2018,5.0,1.0,90300.0
3956,2019-11-18,1235990,146063.32,88900,80803.62,1.0,1.0,533.0,123079.0,49,46,2018,3.0,1.0,98600.0
4053,2019-11-12,1224867,219589.93,136705,122500.00,2.0,2.0,1190.0,199865.0,109,97,2019,5.0,1.0,130100.0
4120,2019-11-06,1229950,121562.28,163000,123525.59,3.0,2.0,1715.0,208505.0,40,17,2018,9.0,1.0,125600.0
4121,2019-11-06,1233659,74403.43,130114,7440.43,1.0,1.0,825.0,255133.0,40,8,2016,2.0,4.0,25100.0
4169,2019-11-05,1232263,139347.4,158700,139347.40,2.0,2.0,1064.0,195148.0,33,7,2013,9.0,1.0,147400.0
4207,2019-11-04,1220691,100422.32,89863,75551.67,1.0,1.0,760.0,123800.0,37,21,2018,2.0,1.0,90200.0
4263,2019-10-29,1231150,10942.89,120000,10942.89,3.0,2.0,1452.0,170200.0,57,53,2019,2.0,2.0,20100.0
4270,2019-10-29,1231195,1268552.31,1002600,1299000.00,1.0,1.0,767.0,579017.0,57,43,2018,3.0,2.0,1299100.0
4280,2019-10-29,1231202,184769.3,92000,83374.01,2.0,2.0,892.0,134861.0,57,18,2017,6.0,2.0,90000.0
4285,2019-10-29,1231191,340631.44,143750,125000.00,2.0,2.0,1417.0,180106.0,57,28,2018,8.0,2.0,147500.0
4296,2019-10-29,1231217,106240.99,108864,108685.14,2.0,2.0,870.0,166407.0,57,33,2018,13.0,2.0,131900.0
4354,2019-10-28,1234441,127524.27,214200,128763.30,1.0,1.0,962.0,373940.0,58,58,2019,15.0,1.0,180400.0
4399,2019-10-23,1229158,161768.11,99000,115740.00,3.0,2.0,1195.0,163800.0,44,21,2018,6.0,1.0,115800.0
4426,2019-10-22,1232585,18963.25,48719,19100.00,1.0,1.0,752.0,63108.0,33,30,2018,1.0,1.0,39200.0
4448,2019-10-21,1231422,272470.19,130000,128700.00,2.0,2.0,965.0,166174.0,50,23,2017,4.0,1.0,145100.0
4491,2019-10-21,1230296,218080.91,136500,119000.00,2.0,1.0,1123.0,160352.0,50,43,2019,25.0,2.0,132100.0
4528,2019-10-16,1229954,293328.33,131657,122500.00,2.0,1.0,866.0,172337.0,45,44,2019,4.0,1.0,130800.0
4572,2019-10-15,1230386,422258.78,205373,206655.96,3.0,2.0,1470.0,281215.0,104,9,2014,4.0,8.0,215500.0
4573,2019-10-15,1218866,16682.13,72226,16800.00,2.0,2.0,1065.0,156336.0,104,14,2015,1.0,1.0,17700.0
4609,2019-10-15,1232150,14860.05,313573,14860.05,2.0,2.0,1267.0,365491.0,104,100,2019,1.0,1.0,129800.0
4627,2019-10-15,1230637,82211.96,121728,78378.88,2.0,2.0,1096.0,189277.0,104,92,2019,4.0,1.0,126300.0
4707,2019-10-02,1230510,320593.8,122418,109350.00,2.0,1.0,829.0,307300.0,27,15,2018,6.0,1.0,116200.0
4759,2019-10-01,1225867,156886.73,142653,112000.00,1.0,1.0,760.0,192844.0,94,78,2018,12.0,1.0,112100.0
4766,2019-10-01,1230275,21552.36,331290,21552.36,1.0,1.0,788.0,420148.0,94,94,2019,1.0,1.0,21600.0
4813,2019-09-25,1228018,391354.25,207000,182250.00,3.0,2.0,1380.0,265362.0,42,38,2019,4.0,1.0,193600.0
4882,2019-09-23,1224691,38267.45,116900,10000.00,2.0,2.0,996.0,253200.0,53,43,2018,1.0,2.0,10100.0
4892,2019-09-23,1215482,71127.79,68565,48736.00,2.0,2.0,1040.0,166700.0,53,28,2018,14.0,1.0,54600.0
4964,2019-09-16,1225848,18341.1,100000,18341.10,2.0,2.0,1065.0,175549.0,68,65,2019,1.0,1.0,18400.0
4965,2019-09-16,1224209,170513.57,124260,94250.00,3.0,2.0,1266.0,182863.0,68,63,2019,6.0,1.0,138800.0
5051,2019-09-09,1226900,22855.67,95000,22855.67,2.0,2.0,1070.0,121863.0,79,59,2018,2.0,1.0,75400.0
5061,2019-09-09,1226463,352957.19,168000,149600.00,2.0,2.0,1214.0,207141.0,79,36,2017,6.0,3.0,150000.0
5091,2019-09-09,1212893,174345.79,99500,91000.00,2.0,2.0,1180.0,131564.0,79,49,2018,5.0,1.0,96100.0
5214,2019-08-28,1221951,180690.35,198700,182739.11,1.0,1.0,990.0,224449.0,46,34,2018,7.0,1.0,182800.0
5243,2019-08-28,1225418,217606.24,101975,105000.00,1.0,1.0,658.0,158062.0,46,40,2018,6.0,1.0,105100.0
5405,2019-08-20,1223706,218836.71,268000,222325.35,3.0,2.0,1712.0,328032.0,24,24,2019,9.0,1.0,250900.0
5433,2019-08-19,1210017,399229.06,144000,125550.00,3.0,2.0,1168.0,198253.0,75,26,2016,28.5,1.0,157900.0
5476,2019-08-19,1210002,84946.35,123700,84946.35,2.0,2.0,1045.0,194745.0,75,47,2018,4.0,2.0,156500.0
5529,2019-08-12,1217945,10467.38,61270,12069.88,1.0,1.0,765.0,98717.0,61,44,2018,2.0,1.0,36100.0
5538,2019-08-12,1223211,290082.84,136000,116900.00,2.0,2.0,1084.0,174492.0,61,61,2019,3.0,1.0,122300.0
5543,2019-08-12,1202884,290721.37,182100,152958.50,2.0,2.0,1100.0,232898.0,61,16,2017,3.0,1.0,163800.0
5551,2019-08-12,1223119,62989.67,103000,100.00,1.0,1.0,887.0,136260.0,61,7,2015,5.0,1.0,35100.0
5559,2019-08-12,1208778,240193.96,117251,124000.00,1.0,1.0,755.0,139798.0,61,6,2015,6.0,1.0,124100.0
5573,2019-08-12,1220899,299775.64,117000,118327.23,2.0,1.0,883.0,155709.0,61,10,2016,3.0,3.0,118400.0
5582,2019-08-07,1222008,95952.35,123074,99202.35,2.0,1.0,910.0,164655.0,10,10,2019,1.0,1.0,124100.0
5597,2019-08-06,1220857,192429.48,115500,91000.00,2.0,2.0,980.0,278500.0,37,33,2019,6.0,1.0,116200.0
5610,2019-08-06,1220679,159183.2,122000,121500.00,2.0,2.0,780.0,144646.0,37,25,2018,3.0,1.0,121600.0
5628,2019-08-05,1217758,168266.27,230565,170466.27,2.0,2.0,963.0,279487.0,68,62,2019,3.0,1.0,191300.0
5643,2019-08-05,1220138,485343.49,248000,251933.96,1.0,2.0,1290.0,348084.0,68,38,2018,7.0,1.0,252600.0
5652,2019-08-05,1221758,166283.26,121000,112000.00,2.0,1.0,971.0,329200.0,68,66,2019,7.0,1.0,120100.0
5687,2019-08-05,1221761,194169.31,125840,112700.00,1.0,1.0,811.0,163680.0,68,63,2019,3.0,1.0,121300.0
5775,2019-07-29,1220686,159660.52,120000,90350.00,2.0,1.0,1035.0,271700.0,75,72,2019,2.0,1.0,98400.0
5900,2019-07-22,1218847,179368.89,169500,156000.00,3.0,2.0,1055.0,212471.0,87,82,2019,4.0,1.0,156100.0
5905,2019-07-22,1217114,274096.09,141360,130500.00,2.0,1.0,832.0,181897.0,87,55,2018,8.0,1.0,130600.0
5920,2019-07-17,1218862,15265.71,406200,16600.00,2.0,2.0,1580.0,516436.0,28,26,2019,1.0,1.0,330000.0
5936,2019-07-16,1218766,249884.62,116550,91650.00,1.0,1.0,1125.0,150144.0,36,36,2019,5.0,1.0,116400.0
5946,2019-07-16,1218735,70638.51,157740,71466.78,3.0,2.0,1040.0,187640.0,36,22,2017,5.0,1.0,161000.0
6065,2019-07-10,1217737,67249.44,135571,61782.00,1.0,1.0,712.0,162232.0,40,35,2018,3.0,1.0,127300.0
6179,2019-07-03,1216199,451887.84,225623,221250.00,2.0,2.0,1311.0,302779.0,35,34,2019,4.0,1.0,242100.0
6235,2019-07-01,1200392,291042.26,144000,146960.00,2.0,2.0,1120.0,190535.0,85,45,2017,8.0,1.0,155100.0
6319,2019-06-26,1206917,15186.9,99000,15186.90,2.0,2.0,1160.0,134304.0,25,12,2018,1.0,2.0,89700.0
6339,2019-06-25,1213985,492008.76,158400,219900.00,0.0,0.0,960.0,256200.0,31,5,2010,4.0,5.0,220000.0
6419,2019-06-19,1214515,324697.54,149100,135000.00,2.0,2.0,1415.0,202300.0,17,14,2018,18.0,1.0,138200.0
6427,2019-06-19,1208775,169105.89,123375,125550.00,1.0,1.0,780.0,170774.0,17,11,2018,2.0,1.0,127600.0
6442,2019-06-18,1212609,335622.34,132000,129600.00,2.0,2.0,897.0,168108.0,31,14,2016,6.0,2.0,137000.0
6467,2019-06-17,1214312,144611.63,108989,115800.00,2.0,2.0,1064.0,184742.0,84,63,2018,19.0,1.0,126100.0
6486,2019-06-17,1213027,15113.58,424040,10113.58,2.0,2.0,1134.0,407100.0,84,76,2018,1.0,2.0,114900.0
6566,2019-06-11,1213072,13108.94,73509,13600.00,1.0,1.0,1036.0,94803.0,24,21,2018,1.0,1.0,63800.0
6658,2019-06-05,1210207,189967.74,215280,195540.69,3.0,2.0,1420.0,288414.0,45,35,2018,5.0,3.0,234100.0
6756,2019-06-03,1207224,392444.41,342854,255300.00,2.0,2.0,1464.0,364700.0,88,34,2017,7.0,3.0,260100.0
6799,2019-05-29,1196027,144871.19,194300,149054.95,2.0,2.0,996.0,205439.0,19,9,2017,2.5,1.0,149100.0
6808,2019-05-28,1206919,252883.22,124900,117334.00,3.0,2.0,1195.0,170686.0,98,65,2018,4.0,1.0,156200.0
6903,2019-05-22,1208754,30070.4,59500,31309.40,2.0,2.0,960.0,91266.0,36,22,2017,2.0,3.0,47100.0
6939,2019-05-21,1210043,44326.33,216000,44990.51,1.0,1.0,969.0,259767.0,39,32,2018,1.0,1.0,55600.0
6956,2019-05-21,1207718,301024.18,309049,310543.39,2.0,2.0,1158.0,403721.0,39,38,2018,21.0,2.0,310600.0
6971,2019-05-20,1194798,233619.36,141750,143500.00,2.0,2.0,1106.0,169882.0,54,38,2018,4.0,1.0,147600.0
6979,2019-05-20,1209654,156098.9,191232,157082.05,2.0,2.0,1036.0,303844.0,54,52,2019,3.0,1.0,186200.0
7000,2019-05-20,1209628,473316.6,207820,214200.00,0.0,0.0,1064.0,407700.0,54,31,2017,3.0,1.0,214600.0
7016,2019-05-15,1207554,279887.5,240521,236523.00,1.0,1.0,945.0,488949.0,34,33,2018,4.0,1.0,236600.0
7078,2019-05-13,1193386,238935.88,156450,148982.73,2.0,2.0,845.0,198076.0,89,29,2016,4.0,1.0,157400.0
7107,2019-05-13,1206535,18031.85,80000,18031.85,1.0,1.0,830.0,109544.0,89,84,2018,1.0,1.0,18100.0
7140,2019-05-13,1202706,117911.76,123200,116485.75,2.0,2.0,793.0,149142.0,89,63,2018,4.0,1.0,116500.0
7189,2019-05-07,1192571,290447.1,122535,119000.00,0.0,0.0,723.0,145210.0,29,23,2018,8.0,1.0,119100.0
7226,2019-05-06,1206916,376996.85,200346,191070.96,2.0,2.0,935.0,272517.0,61,18,2016,6.0,1.0,191100.0
7231,2019-05-06,1202440,7879.93,128000,7961.92,3.0,2.0,1379.0,149281.0,61,60,2018,1.0,1.0,119300.0
7241,2019-05-06,1200880,272179.68,125600,171000.00,2.0,2.0,940.0,188860.0,61,43,2018,2.0,1.0,171100.0
7300,2019-04-30,1205014,117093.19,127347,95875.00,0.0,0.0,1150.0,152240.0,41,12,2015,3.0,3.0,111000.0
7350,2019-04-29,1205737,172031.49,96300,81500.00,1.0,1.0,550.0,117812.0,65,63,2018,3.0,1.0,81600.0
7489,2019-04-17,1201158,82799.15,107100,87509.08,2.0,1.0,850.0,163593.0,27,13,2017,2.0,2.0,150100.0
7635,2019-04-08,1196344,57792.54,103000,2000.00,1.0,1.0,887.0,126956.0,86,17,2015,3.0,3.0,10100.0
7703,2019-04-08,1199203,228901.29,268900,234009.19,1.0,2.0,1214.0,368852.0,86,82,2018,4.0,2.0,265100.0
7804,2019-04-01,1186482,266677.51,190826,199900.00,2.0,1.0,926.0,292944.0,80,54,2018,5.0,1.0,200000.0
7864,2019-03-27,1198989,317662.13,189482,219830.00,1.0,1.0,762.0,367000.0,45,35,2018,4.0,1.0,228200.0
7887,2019-03-27,1198319,711069.55,698600,716248.99,2.0,2.0,1097.0,648916.0,45,41,2018,5.0,1.0,716300.0
7893,2019-03-27,1197648,681810.68,442095,437750.00,3.0,2.0,1453.0,671195.0,45,34,2018,5.0,2.0,437800.0
8072,2019-03-18,1184811,89746.5,105652,92002.54,1.0,1.0,628.0,401000.0,78,3,2012,9.0,1.0,105600.0
8091,2019-03-13,1196775,33273.64,66950,33474.99,2.0,1.0,1075.0,91826.0,17,4,2014,11.0,6.0,44800.0
8098,2019-03-13,1189876,141102.18,111500,115202.50,0.0,0.0,918.0,167000.0,17,10,2017,2.5,1.0,118100.0
8128,2019-03-11,1197560,183565.5,698600,70000.00,2.0,2.0,1097.0,648916.0,87,71,2018,3.0,2.0,100000.0
8270,2019-03-04,1194404,9287.77,162750,12296.80,3.0,2.0,1325.0,198651.0,72,59,2017,2.0,3.0,12300.0
8277,2019-03-04,1194358,226238.16,247864,190000.00,2.0,2.0,791.0,416366.0,72,69,2018,3.0,1.0,216000.0
8295,2019-03-04,1190046,80224.6,144800,92609.66,2.0,1.0,743.0,150862.0,72,35,2016,7.0,8.0,100300.0
8338,2019-02-27,1195029,137899.16,160650,138900.13,2.0,2.0,1030.0,191042.0,41,37,2018,9.0,1.0,139000.0
8373,2019-02-26,1190368,65673.59,153000,69142.59,2.0,2.0,824.0,176906.0,47,36,2018,7.0,1.0,150200.0
8411,2019-02-26,1194912,365388.75,230100,200000.00,3.0,2.0,1740.0,273838.0,47,47,2018,4.0,1.0,201200.0
8464,2019-02-25,1192643,11703.52,203900,13500.00,1.0,1.0,600.0,244387.0,65,62,2018,2.0,2.0,55100.0
8553,2019-02-19,1190339,273426.92,263000,242000.00,2.0,2.0,1244.0,345205.0,82,81,2018,3.0,1.0,250100.0
8619,2019-02-12,1192850,14249.15,91290,14249.15,2.0,2.0,940.0,116374.0,21,21,2018,3.0,1.0,14300.0
8679,2019-02-11,1189011,49425.01,95000,49425.01,2.0,2.0,1040.0,126162.0,58,32,2016,1.0,2.0,50200.0
8687,2019-02-11,1187703,157052.54,207000,160266.68,3.0,2.0,1207.0,255421.0,58,49,2018,6.0,2.0,186100.0
8691,2019-02-11,1191077,157414.01,146300,156581.15,0.0,0.0,1300.0,231104.0,58,57,2018,2.0,1.0,156600.0
8750,2019-02-04,1188344,126615.71,105000,86830.21,1.0,1.0,870.0,171847.0,65,11,2015,5.0,2.0,90800.0
8869,2019-01-28,1186465,666373.76,233783,229500.00,1.0,1.0,760.0,315646.0,75,51,2017,5.0,1.0,229600.0
8969,2019-01-22,1187872,119386.15,100425,85555.00,1.0,1.0,855.0,133367.0,126,102,2018,5.0,1.0,86000.0
9021,2019-01-22,1187878,802649.06,402040,360300.00,3.0,2.0,1416.0,634612.0,126,26,2014,3.0,1.0,360400.0
9091,2019-01-16,1185556,39490.87,226100,60427.92,1.0,1.0,1026.0,326664.0,54,42,2017,2.0,4.0,60500.0
9370,2019-01-08,1181726,349480.84,133515,157080.00,2.0,1.0,610.0,173615.0,155,34,2014,2.0,2.0,157100.0
9429,2019-01-08,1179641,316562.53,200550,186893.75,4.0,3.0,1500.0,250750.0,155,69,2016,3.0,2.0,199100.0
9461,2019-01-07,1184913,31300.67,71797,32300.00,2.0,1.0,1036.0,102096.0,203,123,2017,5.0,1.0,36500.0
9525,2019-01-07,1176858,350295.89,379477,350295.89,2.0,2.0,1882.0,747358.0,203,166,2018,4.0,1.0,382000.0
9552,2019-01-07,1173431,167155.56,104908,92262.81,1.0,1.0,635.0,386100.0,203,107,2017,7.0,1.0,98600.0
9625,2019-01-07,1184553,184329.54,128260,113400.00,2.0,2.0,939.0,156307.0,203,62,2016,5.0,2.0,113500.0
9680,2018-12-11,1182707,277038.43,170100,169600.00,2.0,1.0,677.0,229620.0,19,4,2015,5.0,3.0,170100.0
9810,2018-12-05,1180362,228418.73,159000,151200.00,2.0,1.0,958.0,186560.0,52,10,2012,4.0,3.0,151300.0
9824,2018-12-04,1181456,152921.09,113700,82500.00,2.0,2.0,1156.0,125862.0,20,7,2016,7.0,3.0,105400.0
9917,2018-12-03,1181400,233790.55,89612,156330.00,4.0,2.0,1716.0,203431.0,138,135,2018,3.0,1.0,156400.0
10015,2018-11-26,1171108,306853.48,140000,131750.00,2.0,1.0,861.0,225385.0,93,50,2016,3.0,1.0,131800.0
10135,2018-11-20,1179490,240296.22,107635,80200.00,2.0,1.0,634.0,119488.0,24,5,2015,3.0,1.0,88100.0
10208,2018-11-14,1169708,285025.52,164000,170158.49,2.0,2.0,970.0,197460.0,29,12,2017,6.0,1.0,172100.0
10257,2018-11-13,1176756,12704.44,137000,12704.44,3.0,2.0,1230.0,174401.0,113,99,2018,2.0,1.0,12800.0
10385,2018-11-06,1177424,192237.15,115400,110800.07,1.0,1.0,670.0,384100.0,89,11,2017,4.0,1.0,124100.0
10425,2018-11-05,1163530,188359.37,90000,192056.57,0.0,0.0,810.0,257738.0,93,33,2016,1.0,1.0,192100.0
10439,2018-11-05,1166007,197072.49,233481,201028.35,3.0,2.0,1270.0,296503.0,93,80,2017,4.0,2.0,210300.0
10512,2018-10-31,1176744,227076.99,124129,111500.00,2.0,1.0,752.0,172396.0,44,36,2017,5.0,1.0,111600.0
10547,2018-10-29,1172136,180752.57,162824,143500.00,2.0,2.0,1250.0,190071.0,84,78,2018,5.0,1.0,166300.0
10555,2018-10-29,1175648,283963.27,130950,120200.00,2.0,1.0,968.0,170523.0,84,31,2016,2.0,3.0,134800.0
10557,2018-10-29,1172407,269308.14,151525,142760.00,3.0,2.0,1114.0,178623.0,84,50,2017,4.0,1.0,142800.0
10558,2018-10-29,1174848,9287.77,162750,12296.80,3.0,2.0,1325.0,186184.0,84,65,2017,2.0,3.0,37000.0
10571,2018-10-29,1176042,177485.11,119000,117660.00,1.0,1.0,810.0,150742.0,84,69,2017,5.0,1.0,117900.0
10628,2018-10-24,1165700,462599.99,312141,345213.18,0.0,1.0,760.0,405312.0,31,21,2016,4.0,1.0,345300.0
10675,2018-10-23,1174270,17108.64,172000,25669.98,4.0,2.0,1716.0,172000.0,30,25,2017,1.0,5.0,30300.0
10703,2018-10-22,1155951,242365.13,130000,112677.78,1.0,1.0,620.0,149808.0,80,41,2016,5.0,1.0,120100.0
10780,2018-10-17,1173128,41956.27,122574,37887.40,2.0,1.0,1000.0,391200.0,70,53,2017,4.0,1.0,181100.0
10784,2018-10-17,1173127,126051.81,100937,87425.00,1.0,1.0,722.0,125078.0,70,58,2017,4.0,1.0,90800.0
10881,2018-10-16,1172172,10813.6,96625,11283.56,0.0,0.0,340.0,115575.0,79,67,2017,7.0,1.0,29100.0
10952,2018-10-15,1171323,114974.87,141900,116343.05,2.0,1.0,1596.0,179259.0,97,41,2016,8.0,1.0,116400.0
10953,2018-10-15,1170955,29845.97,44000,31196.97,1.0,1.0,688.0,272500.0,97,69,2017,1.0,2.0,31200.0
10973,2018-10-15,1171149,103924.9,68000,49300.00,2.0,2.0,1012.0,92989.0,97,89,2018,5.0,1.0,49400.0
11173,2018-10-03,1169740,491796.95,525453,495738.51,2.0,2.0,1532.0,686612.0,76,66,2018,5.0,1.0,495800.0
11175,2018-10-03,1169955,71595.6,128391,71514.26,2.0,2.0,1000.0,164742.0,76,61,2017,2.0,1.0,126600.0
11176,2018-10-03,1169844,34603.81,140076,35600.00,1.0,2.0,997.0,183787.0,76,30,2016,3.0,1.0,35700.0
11195,2018-10-02,1171895,28685.86,55800,28685.86,3.0,2.0,959.0,69979.0,72,72,2018,1.0,1.0,40400.0
11221,2018-10-02,1167396,16836.98,130000,16836.98,2.0,2.0,965.0,159610.0,72,52,2017,1.0,1.0,40100.0
11234,2018-10-02,1169746,105169.46,165000,105169.46,0.0,0.0,1100.0,310600.0,72,69,2018,5.0,1.0,105200.0
11281,2018-10-01,1162106,226196.66,96300,81000.00,1.0,1.0,550.0,114091.0,64,48,2017,18.0,1.0,81800.0
11286,2018-10-01,1172073,179456.75,698600,150000.00,2.0,2.0,1097.0,683109.0,64,64,2018,3.0,2.0,151100.0
11298,2018-10-01,1165981,154911.51,125440,100093.38,2.0,1.0,948.0,165032.0,64,26,2016,2.0,3.0,121100.0
11299,2018-10-01,1172980,160353.22,191000,161088.76,2.0,2.0,1346.0,249600.0,64,45,2017,5.0,1.0,181100.0
11451,2018-09-24,1150833,186346.69,107200,122501.85,2.0,2.0,890.0,155009.0,51,35,2017,4.0,1.0,122600.0
11455,2018-09-24,1164870,253979.88,154000,170000.00,3.0,2.0,1252.0,193766.0,51,3,2009,11.0,5.0,170100.0
11460,2018-09-24,1156221,67167.48,111550,68767.48,2.0,2.0,956.0,123751.0,51,48,2017,3.0,1.0,100700.0
11499,2018-09-18,1159300,159542.88,120360,118000.00,3.0,2.0,1255.0,163216.0,78,56,2017,4.0,4.0,124600.0
11551,2018-09-18,1169182,227036.51,105001,133000.00,3.0,2.0,1062.0,131834.0,78,61,2017,2.0,1.0,133100.0
11682,2018-09-11,1163767,413096.07,122000,145365.00,1.0,1.0,595.0,261800.0,91,60,2017,2.0,1.0,145400.0
11762,2018-09-05,1163365,236076.47,160000,141439.76,3.0,2.0,1258.0,210107.0,52,10,2013,6.0,6.0,150200.0
11834,2018-09-04,1161444,445235.96,152509,105300.00,3.0,2.0,1205.0,213888.0,35,20,2016,5.0,2.0,132800.0
11873,2018-08-29,1165034,120514.21,72450,59250.00,1.0,1.0,826.0,255800.0,46,43,2018,3.0,1.0,59300.0
11878,2018-08-29,1162911,267306.28,167100,160800.00,2.0,2.0,1110.0,191004.0,46,25,2016,4.0,1.0,160900.0
11885,2018-08-28,1163895,25229.31,143750,25229.31,3.0,2.0,1638.0,203452.0,92,47,2016,1.0,1.0,25300.0
11908,2018-08-28,1163941,108469.62,91000,93280.00,2.0,2.0,815.0,108768.0,92,42,2016,2.0,1.0,93300.0
11910,2018-08-28,1164848,57961.69,118500,58604.85,2.0,2.0,890.0,154893.0,92,87,2018,6.0,1.0,112700.0
11974,2018-08-27,1151587,360748.97,185700,179100.00,1.0,1.0,990.0,225804.0,80,42,2016,4.0,1.0,179600.0
12063,2018-08-22,1156415,367776.37,363100,367776.37,2.0,2.0,1100.0,461728.0,52,52,2018,4.0,1.0,367800.0
12086,2018-08-22,1163538,206154.84,123600,125730.00,2.0,1.0,848.0,262500.0,52,49,2017,20.0,1.0,126000.0
12112,2018-08-21,1163549,22064.06,181857,22064.06,1.0,1.0,822.0,374600.0,59,49,2017,4.0,1.0,26600.0
12125,2018-08-21,1163374,387420.0,155400,133745.61,2.0,2.0,883.0,168062.0,59,39,2017,5.0,1.0,133800.0
12134,2018-08-21,1163541,161482.04,96177,120000.00,1.0,1.0,583.0,120152.0,59,47,2017,6.0,1.0,120100.0
12158,2018-08-20,1159298,41822.15,165000,64176.93,3.0,2.0,1130.0,193451.0,67,5,2012,7.0,1.0,136400.0
12240,2018-08-14,1159142,119275.34,105948,76500.00,2.0,2.0,1180.0,114537.0,33,25,2017,4.0,1.0,79100.0
12291,2018-08-13,1162341,111456.12,203788,124118.45,3.0,2.0,1240.0,259419.0,68,2,2009,3.0,4.0,203600.0
12329,2018-08-08,1162316,237323.67,116000,120000.00,1.0,1.0,546.0,160920.0,41,37,2017,4.0,1.0,120100.0
12613,2018-07-26,1160063,65197.31,111150,66295.88,1.0,1.0,1010.0,153346.0,50,19,2016,2.0,2.0,66300.0
12660,2018-07-25,1160448,18465.77,147600,18465.77,1.0,1.0,646.0,254707.0,51,36,2017,2.0,1.0,115400.0
12755,2018-07-23,1154746,227313.26,103434,86300.00,2.0,1.0,764.0,158759.0,50,39,2017,6.0,2.0,105600.0
12796,2018-07-20,1159338,131564.98,147100,134564.98,2.0,2.0,885.0,181963.0,24,10,2015,9.0,1.0,150700.0
12810,2018-07-20,1159144,121369.85,110800,122603.15,1.0,1.0,670.0,375600.0,24,21,2017,7.0,1.0,140000.0
12912,2018-07-16,1149116,330562.83,127602,121500.00,1.0,1.0,507.0,169342.0,60,32,2016,10.0,1.0,131100.0
12913,2018-07-16,1155741,184537.25,119953,103700.00,3.0,2.0,1142.0,178503.0,60,54,2017,5.0,1.0,132100.0
12986,2018-07-13,1158849,113332.88,117600,113953.61,2.0,2.0,866.0,150952.0,42,27,2016,4.0,1.0,118300.0
13055,2018-07-11,1148119,156116.72,139360,158816.72,2.0,2.0,972.0,182026.0,35,32,2017,2.0,2.0,158900.0
13153,2018-07-06,1156416,39490.87,226100,44346.36,1.0,1.0,1026.0,355576.0,62,58,2017,2.0,4.0,56100.0
13156,2018-07-06,1155091,14018.65,90960,16900.00,2.0,2.0,1317.0,116320.0,62,7,2012,2.0,2.0,17600.0
13168,2018-07-06,1156633,285175.31,114000,106920.00,2.0,2.0,890.0,136574.0,62,44,2017,26.0,1.0,107000.0
13256,2018-07-02,1151560,298740.83,136188,113400.00,2.0,1.0,901.0,180908.0,32,24,2016,3.0,2.0,113500.0
13307,2018-06-27,1154166,213061.88,136800,95732.82,2.0,2.0,1275.0,195528.0,54,3,2011,4.0,4.0,123700.0
13331,2018-06-25,1149655,199242.71,95809,92340.00,0.0,1.0,355.0,331500.0,53,52,2017,2.0,1.0,93900.0
13344,2018-06-22,1145334,281337.68,121920,150000.00,2.0,2.0,1100.0,157007.0,39,18,2016,58.0,1.0,160100.0
13350,2018-06-22,1140447,414096.68,160930,175400.00,2.0,2.0,600.0,264500.0,39,30,2017,3.0,1.0,192200.0
13440,2018-06-19,1149388,312180.18,176800,170100.00,3.0,2.0,1190.0,197400.0,12,11,2017,4.0,3.0,176000.0
13579,2018-06-12,1151838,220604.58,93000,81249.50,2.0,2.0,822.0,112451.0,50,24,2016,8.0,1.0,81300.0
13587,2018-06-12,1148206,57970.66,95000,57970.66,1.0,0.0,432.0,119673.0,50,46,2017,10.0,1.0,98500.0
13747,2018-06-04,1149098,262439.23,130000,109200.00,2.0,2.0,979.0,337300.0,73,62,2017,4.0,1.0,109300.0
13815,2018-06-01,1150029,275565.47,112000,106920.00,1.0,1.0,680.0,141275.0,67,15,2014,9.0,2.0,107000.0
13841,2018-06-01,1150173,278008.05,165700,149113.60,2.0,2.0,1144.0,236092.0,67,48,2017,8.0,1.0,155300.0
14021,2018-05-24,1148636,113921.96,139340,108213.93,2.0,2.0,955.0,348200.0,30,22,2017,6.0,1.0,147100.0
14081,2018-05-23,1148443,6924.35,162750,6924.35,3.0,2.0,1325.0,195745.0,62,62,2018,1.0,1.0,10200.0
14126,2018-05-21,1148432,375315.46,282417,314468.14,2.0,2.0,1117.0,380061.0,57,3,2009,5.0,6.0,314500.0
14150,2018-05-21,1145083,69633.18,52965,42800.00,1.0,1.0,836.0,61028.0,57,55,2017,4.0,1.0,43900.0
14171,2018-05-18,1147352,115054.95,132190,115054.95,2.0,2.0,882.0,201863.0,40,40,2018,4.0,1.0,120600.0
14177,2018-05-18,1147670,134727.98,122364,103740.00,2.0,2.0,1113.0,146170.0,40,25,2016,8.0,1.0,110100.0
14243,2018-05-16,1131448,214415.55,112549,101250.00,1.0,1.0,801.0,162516.0,47,16,2015,4.0,1.0,115600.0
14369,2018-05-11,1145923,115377.18,148983,116677.18,2.0,2.0,1137.0,165179.0,62,59,2017,2.5,1.0,138200.0
14484,2018-05-02,1144254,130938.71,167400,144040.92,2.0,2.0,996.0,186194.0,49,20,2014,3.0,5.0,147700.0
14635,2018-04-26,1144292,273197.46,361800,275471.46,1.0,1.0,1102.0,443200.0,22,20,2017,5.0,1.0,275500.0
14673,2018-04-24,1143243,147977.53,99492,101400.00,2.0,1.0,600.0,129746.0,46,43,2017,3.0,1.0,106400.0
14755,2018-04-23,1139600,205658.61,181440,154600.00,3.0,2.0,1523.0,215274.0,59,55,2017,6.0,1.0,154700.0
14785,2018-04-19,1127257,206833.41,143260,133000.00,2.0,2.0,1190.0,186703.0,61,13,2017,3.0,1.0,150800.0
14841,2018-04-17,1141743,21288.58,72332,21700.00,2.0,1.0,1036.0,113296.0,50,44,2017,1.0,1.0,56200.0
14870,2018-04-16,1138933,357369.0,172855,139965.00,2.0,2.0,1430.0,228920.0,64,55,2017,2.0,1.0,160100.0
14895,2018-04-16,1138851,547882.27,354000,337565.69,2.0,2.0,1505.0,414615.0,64,59,2017,4.0,1.0,337600.0
14928,2018-04-13,1129609,73312.82,88500,73312.82,1.0,1.0,900.0,121195.0,22,17,2017,8.0,1.0,77000.0
14986,2018-04-11,1139784,508546.16,297128,327250.00,2.0,2.0,1362.0,469633.0,64,30,2016,7.0,6.0,332000.0
14987,2018-04-11,1140370,212802.9,127500,111653.95,1.0,1.0,574.0,519500.0,64,15,2014,6.0,1.0,122500.0
14993,2018-04-11,1140918,277195.18,210000,210900.00,3.0,2.0,1464.0,246506.0,64,29,2016,4.0,1.0,211000.0
15010,2018-04-11,1141193,29264.37,182574,29264.37,3.0,2.0,1523.0,216562.0,64,63,2017,1.0,1.0,35100.0
15054,2018-04-10,1109848,284051.98,142800,131750.00,2.0,2.0,1415.0,193900.0,38,15,2015,4.0,1.0,138300.0
15142,2018-04-05,1139466,78895.14,90000,78895.14,2.0,2.0,970.0,110255.0,113,21,2016,8.0,4.0,79300.0
15231,2018-04-03,1140169,186273.65,205000,194686.49,3.0,2.0,1313.0,247523.0,10,10,2017,7.0,3.0,195200.0
15244,2018-04-02,1136917,225694.05,230000,241400.00,2.0,2.0,1276.0,333799.0,44,38,2017,10.0,1.0,241500.0
15250,2018-04-02,1136716,169883.2,93450,52885.94,2.0,1.0,860.0,160000.0,44,35,2016,5.0,1.0,52900.0
15373,2018-03-27,1139148,365787.0,367400,395127.00,2.0,2.0,952.0,292200.0,50,48,2017,4.0,4.0,397100.0
15395,2018-03-26,1139143,418843.03,310859,418843.00,2.0,2.0,1552.0,433458.0,60,14,2015,5.0,4.0,418900.0
15493,2018-03-22,1140931,360801.45,216000,214900.00,3.0,2.0,1478.0,352843.0,38,22,2015,5.0,1.0,222100.0
15533,2018-03-21,1137228,16283.2,357319,20210.07,0.0,0.0,1760.0,721845.0,72,62,2017,1.0,4.0,180100.0
15568,2018-03-20,1139141,254408.81,111089,104447.93,2.0,2.0,804.0,158709.0,21,5,2015,10.0,1.0,111200.0
15609,2018-03-19,1138209,187078.08,91290,51707.70,2.0,2.0,940.0,102749.0,64,33,2016,4.0,2.0,66100.0
15668,2018-03-16,1136097,285232.23,168286,141973.52,2.0,2.0,955.0,199520.0,27,11,2016,10.0,1.0,142000.0
15697,2018-03-15,1136701,13770.32,234000,15493.82,2.0,2.0,1286.0,342859.0,114,65,2017,2.0,1.0,32900.0
15831,2018-03-12,1132974,270940.93,126442,125300.00,2.0,1.0,952.0,154472.0,33,22,2016,3.0,2.0,134400.0
15905,2018-03-07,1134995,58990.19,488000,58990.19,2.0,2.0,1340.0,692669.0,11,3,2012,1.0,6.0,111300.0
15918,2018-03-06,1135995,9577.77,100937,9577.77,1.0,1.0,722.0,118309.0,23,21,2017,4.0,1.0,46300.0
15922,2018-03-06,1136001,198354.22,70300,71886.62,1.0,1.0,813.0,95423.0,23,13,2016,7.0,1.0,71900.0
16010,2018-03-02,1131110,80224.6,144800,87874.26,2.0,1.0,743.0,140769.0,19,14,2016,7.0,8.0,120100.0
16135,2018-02-23,1119692,152609.59,168592,115500.00,1.0,1.0,760.0,171529.0,14,14,2017,4.0,1.0,120200.0
16174,2018-02-21,1133042,260797.2,22975,76375.00,1.0,1.0,603.0,131452.0,33,5,2010,5.0,2.0,76400.0
16177,2018-02-21,1134764,160079.7,122100,162000.00,1.0,1.0,630.0,267300.0,33,20,2016,3.0,2.0,162100.0
16226,2018-02-20,1129479,8376.27,142000,8376.27,3.0,2.0,1264.0,183068.0,45,27,2016,1.0,2.0,125100.0
16243,2018-02-16,1132569,8062.5,205000,8062.50,2.0,2.0,1010.0,256753.0,44,27,2016,1.0,2.0,50100.0
16444,2018-02-08,1131328,203387.4,150200,108471.99,2.0,2.0,970.0,180186.0,73,21,2017,7.0,2.0,166000.0
16449,2018-02-08,1127418,195549.83,169496,145283.98,2.0,2.0,1350.0,211987.0,73,18,2017,6.0,1.0,170200.0
16540,2018-02-05,1126689,310358.02,195000,196362.90,3.0,2.0,1260.0,227923.0,34,28,2016,5.0,1.0,196400.0
16546,2018-02-02,1127576,206902.0,156450,140774.35,2.0,2.0,845.0,186355.0,11,11,2017,2.0,5.0,146100.0
16571,2018-02-01,1130981,126400.83,118000,88269.00,2.0,2.0,898.0,343900.0,72,5,2014,3.0,5.0,106900.0
16587,2018-01-31,1130346,133415.73,203900,140184.79,0.0,1.0,570.0,249343.0,21,10,2015,9.0,2.0,153100.0
16771,2018-01-24,1130328,195423.96,118346,71300.00,1.0,1.0,750.0,238700.0,62,39,2016,9.0,1.0,97600.0
16789,2018-01-24,1130343,39923.03,180697,39923.03,2.0,2.0,1050.0,190538.0,62,40,2016,2.0,1.0,195200.0
16847,2018-01-23,1126704,125012.76,109000,89800.00,1.0,1.0,727.0,133625.0,61,24,2015,16.0,3.0,91600.0
16937,2018-01-19,1125883,269774.45,126521,109350.00,2.0,1.0,1025.0,135572.0,54,35,2016,16.0,1.0,109400.0
16951,2018-01-19,1127269,196977.66,98682,92200.00,1.0,1.0,542.0,114529.0,54,31,2016,3.0,1.0,92300.0
17013,2018-01-17,1127273,173675.44,112035,91586.00,2.0,2.0,980.0,125533.0,53,25,2015,14.0,1.0,96100.0
17327,2018-01-08,1114357,71364.23,119288,65415.91,1.0,1.0,712.0,142100.0,97,75,2016,11.0,1.0,119200.0
17525,2018-01-03,1123462,53532.84,105900,53532.84,4.0,3.0,1660.0,129484.0,67,53,2017,6.0,1.0,73100.0
17574,2017-12-15,1117690,23828.79,324928,23828.79,2.0,2.0,1093.0,324916.0,43,39,2017,1.0,2.0,23900.0
17629,2017-12-14,1118189,137634.85,126500,87172.56,2.0,2.0,1025.0,266100.0,123,53,2016,2.0,2.0,129100.0
17806,2017-12-07,1106355,101696.97,104100,89860.56,1.0,1.0,865.0,141733.0,82,13,2015,5.0,3.0,110300.0
17952,2017-12-01,1104186,172451.92,111152,83853.00,2.0,1.0,765.0,229400.0,16,12,2016,5.0,1.0,83900.0
17954,2017-12-01,1122134,232248.5,162673,157140.00,2.0,2.0,1330.0,193030.0,16,14,2016,5.0,1.0,157200.0
17957,2017-12-01,1123405,243960.69,144270,123047.50,3.0,2.0,1190.0,168898.0,16,2,2015,7.0,4.0,126900.0
17998,2017-11-28,1118657,21998.63,244000,22500.19,2.0,2.0,1488.0,311572.0,34,29,2016,2.0,1.0,26100.0
18019,2017-11-28,1118853,308379.4,120000,99500.00,3.0,2.0,1151.0,131477.0,34,21,2016,12.0,1.0,112000.0
18109,2017-11-21,1117602,15012.54,87997,15200.00,2.0,2.0,1122.0,110115.0,35,18,2016,2.0,1.0,30000.0
18175,2017-11-17,1115842,99606.86,113000,87333.00,2.0,2.0,1156.0,87038.0,38,36,2017,4.0,1.0,87400.0
18227,2017-11-16,1116467,592896.06,379721,361000.00,0.0,0.0,1424.0,516566.0,39,27,2016,9.0,1.0,361100.0
18329,2017-11-13,1112651,193382.46,246239,193382.46,2.0,2.0,1200.0,476364.0,41,10,2013,4.0,2.0,317300.0
18337,2017-11-09,1115296,19805.27,195700,20900.00,2.0,2.0,1235.0,254438.0,21,14,2016,3.0,3.0,111100.0
18352,2017-11-08,1114957,7143.98,120915,14793.48,1.0,1.0,908.0,220406.0,42,5,2011,4.0,1.0,60200.0
18372,2017-11-08,1105150,216816.19,159000,120128.94,2.0,2.0,1197.0,186946.0,42,9,2013,4.0,1.0,141900.0
18378,2017-11-08,1115719,15052.25,68200,15052.25,1.0,1.0,742.0,97230.0,42,33,2016,1.0,2.0,50200.0
18417,2017-11-06,1106406,197537.07,124200,139900.00,2.0,2.0,750.0,326100.0,75,22,2014,22.0,2.0,140000.0
18512,2017-11-02,1115288,281261.0,131500,117300.00,2.0,2.0,838.0,149655.0,7,7,2017,3.0,1.0,139400.0
18517,2017-11-01,1110132,299122.38,191050,184900.00,3.0,2.0,1560.0,252143.0,23,9,2016,4.0,2.0,193600.0
18544,2017-10-31,1112886,124359.01,139025,125116.44,1.0,1.0,1067.0,165475.0,22,18,2016,6.0,1.0,131100.0
18645,2017-10-25,1114684,595651.46,492166,595651.46,2.0,2.0,1255.0,761237.0,9,9,2017,5.0,1.0,595700.0
18825,2017-10-17,1104685,282800.05,96970,89100.00,1.0,1.0,555.0,112428.0,34,15,2016,4.0,1.0,89200.0
19005,2017-10-11,1113093,11169.89,84700,11169.89,1.0,1.0,553.0,275900.0,80,55,2016,4.0,1.0,11300.0
19054,2017-10-10,1110460,8762.79,105057,14217.15,1.0,1.0,709.0,786500.0,79,70,2016,1.0,4.0,14300.0
19103,2017-10-06,1108142,25030.0,87264,26800.00,2.0,2.0,1315.0,111558.0,67,36,2016,1.0,3.0,60100.0
19115,2017-10-06,1109823,351884.1,359400,353678.34,2.0,2.0,2154.0,375800.0,67,67,2017,3.5,1.0,353700.0
19127,2017-10-06,1110291,129959.52,87980,62812.76,1.0,1.0,576.0,100059.0,67,61,2017,4.0,1.0,88100.0
19173,2017-10-05,1100939,28284.34,80000,28284.34,1.0,1.0,830.0,93086.0,51,25,2016,1.0,2.0,45600.0
19277,2017-10-03,1092534,202423.95,178900,139251.30,1.0,1.0,442.0,231126.0,55,37,2016,11.0,1.0,146000.0
19374,2017-09-29,1107765,253338.25,159000,145237.24,3.0,2.0,1558.0,251211.0,27,23,2016,5.0,1.0,156600.0
19445,2017-09-26,1107283,111460.62,73746,43528.48,1.0,1.0,670.0,89271.0,57,41,2016,3.0,1.0,68200.0
19468,2017-09-26,1107779,103003.06,142200,104208.10,2.0,2.0,970.0,151075.0,57,54,2017,5.0,1.0,105100.0
20110,2017-09-06,1101126,209701.14,105057,106110.00,1.0,1.0,709.0,152039.0,42,38,2016,6.0,1.0,106200.0
20202,2017-09-01,1091935,199600.81,88000,65000.00,2.0,1.0,863.0,82843.0,23,4,2013,5.0,1.0,65100.0
20218,2017-08-31,1096186,112404.66,128700,121669.64,2.0,2.0,866.0,143361.0,14,5,2013,114.0,4.0,121700.0
20235,2017-08-30,1074190,797135.13,366300,295591.00,0.0,1.0,660.0,397234.0,41,6,2013,5.0,1.0,298400.0
20253,2017-08-30,1101591,200342.03,195946,153900.00,3.0,2.0,1325.0,232900.0,41,12,2014,4.0,7.0,175100.0
20258,2017-08-30,1098437,181484.63,139628,126500.00,2.0,1.0,783.0,146214.0,41,32,2016,3.0,1.0,127000.0
20290,2017-08-29,1097988,110945.77,173275,113946.95,2.0,1.0,1032.0,184026.0,41,32,2016,2.0,2.0,124700.0
20292,2017-08-29,1097278,810332.5,901444,960332.50,3.0,2.0,2224.0,427800.0,41,21,2015,1.0,6.0,960400.0
20390,2017-08-25,1101947,137843.07,91180,87886.10,1.0,1.0,583.0,121485.0,61,59,2017,5.0,1.0,87900.0
20528,2017-08-22,1096921,212369.09,247445,219177.34,2.0,2.0,963.0,301867.0,59,58,2017,2.0,1.0,225400.0
20555,2017-08-22,1095559,65726.9,73483,48300.00,2.0,1.0,1067.0,81927.0,59,20,2014,3.0,2.0,48400.0
20613,2017-08-21,1084465,284432.73,162410,153218.37,3.0,2.0,1315.0,200714.0,42,14,2014,8.0,1.0,154600.0
20683,2017-08-17,1099427,241283.37,126000,103014.87,2.0,1.0,1010.0,149238.0,66,60,2016,6.0,1.0,117600.0
20714,2017-08-16,1098338,107622.53,84727,70483.75,2.0,2.0,800.0,88259.0,58,58,2017,4.0,1.0,70500.0
20794,2017-08-15,1100789,9420.26,169100,9420.26,3.0,2.0,1083.0,211292.0,48,43,2016,1.0,1.0,9600.0
20857,2017-08-14,1100860,167954.88,146300,129277.14,3.0,2.0,1296.0,156922.0,77,66,2016,8.0,1.0,138600.0
20892,2017-08-11,1100833,74981.03,90000,74115.00,2.0,2.0,960.0,95975.0,26,24,2016,16.0,1.0,74200.0
20996,2017-08-08,1092959,22317.12,164470,22317.12,1.0,1.0,775.0,198850.0,30,18,2016,3.0,3.0,22400.0
21003,2017-08-07,1098915,212152.33,88811,66420.00,1.0,1.0,606.0,109051.0,61,50,2016,10.0,1.0,72600.0
21123,2017-08-02,1096240,431955.0,525962,434372.03,2.0,2.0,1078.0,642347.0,42,41,2017,3.0,1.0,570200.0
21154,2017-08-02,1096452,13713.52,147290,13713.52,2.0,2.0,1140.0,180921.0,42,35,2016,1.0,1.0,15100.0
21226,2017-07-28,1095569,31001.4,117828,31496.55,3.0,2.0,1085.0,141320.0,26,20,2016,11.0,1.0,76600.0
21253,2017-07-27,1096152,155021.69,103000,94238.61,1.0,1.0,870.0,244100.0,55,54,2017,6.0,1.0,94300.0
21259,2017-07-27,1095374,189878.18,95000,98340.00,0.0,0.0,873.0,141910.0,55,51,2016,2.0,1.0,98400.0
21262,2017-07-27,1095386,186099.92,187000,168000.00,3.0,2.0,1737.0,238280.0,55,40,2016,4.0,1.0,177000.0
21289,2017-07-27,1096139,63591.87,93600,54000.00,2.0,2.0,895.0,100765.0,55,24,2015,18.0,1.0,57000.0
21350,2017-07-25,1091867,236221.98,132819,141289.48,2.0,2.0,972.0,299600.0,54,21,2014,7.0,2.0,141300.0
21394,2017-07-24,1095886,110586.73,158974,120763.43,2.0,2.0,1293.0,267839.0,72,26,2014,6.0,3.0,172100.0
21561,2017-07-19,1093230,595668.31,299500,271150.00,2.0,2.0,1310.0,310585.0,68,53,2016,2.0,1.0,271200.0
21576,2017-07-19,1092902,237969.98,167000,149700.00,2.0,2.0,1020.0,173183.0,68,67,2017,4.0,1.0,149800.0
21643,2017-07-17,1087989,242484.19,149100,106650.54,2.0,2.0,1502.0,191602.0,70,3,2009,6.0,4.0,132000.0
21690,2017-07-17,1076993,856070.15,586070,658750.00,2.0,2.0,1056.0,743733.0,70,29,2015,4.0,1.0,658800.0
21812,2017-07-10,1086751,192218.31,124200,82646.97,2.0,2.0,932.0,143006.0,68,28,2014,9.0,2.0,105600.0
22102,2017-06-29,1091630,238469.86,112000,97200.00,1.0,1.0,680.0,186100.0,61,47,2016,3.0,1.0,101000.0
22168,2017-06-27,1084321,25447.73,106080,25447.73,2.0,2.0,870.0,113880.0,31,16,2014,2.0,2.0,25500.0
22221,2017-06-26,1073146,255698.81,135833,126360.00,2.0,2.0,1075.0,162553.0,36,10,2014,7.0,1.0,135000.0
22310,2017-06-21,1088645,48757.06,137000,48757.06,3.0,2.0,1230.0,153436.0,35,21,2015,2.0,2.0,97000.0
22331,2017-06-20,1083832,292721.34,109200,97200.00,2.0,1.0,835.0,141413.0,31,17,2016,7.0,1.0,116000.0
22482,2017-06-16,1071257,305497.44,162000,146200.00,3.0,2.0,1152.0,288700.0,34,4,2013,7.0,1.0,161100.0
22513,2017-06-14,1085927,234348.67,159600,104611.31,1.0,1.0,743.0,202046.0,67,55,2016,6.0,1.0,130100.0
22653,2017-06-12,1083280,229951.5,78650,58800.00,2.0,2.0,768.0,198000.0,97,77,2016,4.0,1.0,90100.0
22695,2017-06-09,1087695,231901.85,268692,172229.00,2.0,2.0,1382.0,419998.0,53,33,2016,13.0,1.0,234400.0
22777,2017-06-08,1083963,19834.76,94729,20261.48,2.0,2.0,1000.0,139903.0,96,38,2016,4.0,1.0,63900.0
22787,2017-06-07,1086855,14781.01,104685,15000.00,2.0,2.0,1012.0,126780.0,31,28,2016,3.0,1.0,40000.0
22821,2017-06-06,1080628,376873.24,316800,298166.40,2.0,2.0,1030.0,447342.0,38,33,2016,4.0,3.0,298200.0
22989,2017-05-31,1079552,299928.42,171333,168501.00,1.0,1.0,630.0,284525.0,48,34,2016,4.0,1.0,185200.0
22996,2017-05-31,1085154,199510.0,233900,199510.00,2.0,2.0,1190.0,372791.0,48,36,2016,2.0,1.0,261000.0
23088,2017-05-26,1082585,92185.83,124200,93983.33,2.0,2.0,932.0,123437.0,51,42,2016,6.0,1.0,110800.0
23114,2017-05-26,1082340,265004.34,323351,266935.70,2.0,2.0,1058.0,442472.0,51,39,2016,28.0,1.0,267900.0
23252,2017-05-22,1072754,197169.96,93304,81443.60,2.0,2.0,1315.0,123530.0,72,8,2010,9.0,1.0,81500.0
23360,2017-05-18,1081523,206198.72,115432,80400.98,1.0,1.0,631.0,220600.0,94,48,2016,2.0,1.0,95200.0
23543,2017-05-11,1078811,6956.0,101800,100.00,2.0,2.0,1175.0,74660.0,59,25,2016,7.0,2.0,42600.0
23572,2017-05-10,1080000,306339.43,100269,80750.00,1.0,1.0,605.0,118750.0,60,41,2016,5.0,1.0,86000.0
23587,2017-05-10,1079561,114919.26,120000,115607.86,2.0,2.0,830.0,162089.0,60,57,2016,9.0,1.0,130900.0
23678,2017-05-08,1062685,378385.46,182882,171117.91,1.0,1.0,721.0,259619.0,87,30,2014,3.0,1.0,202300.0
23762,2017-05-03,1078504,251375.56,115500,90188.00,1.0,1.0,1149.0,143760.0,47,10,2014,9.0,1.0,97200.0
23799,2017-05-02,1077209,140913.08,140000,121500.00,3.0,2.0,1194.0,155760.0,66,31,2014,5.0,1.0,121600.0
23802,2017-05-02,1077235,85005.7,123500,85870.67,2.0,2.0,812.0,131271.0,66,66,2016,2.0,1.0,101100.0
23947,2017-04-27,1073959,321594.58,185000,175000.00,2.0,2.0,885.0,194870.0,26,19,2016,15.0,1.0,175100.0
23949,2017-04-27,1073148,96242.97,195800,96242.97,1.0,1.0,837.0,300032.0,26,21,2016,1.0,1.0,96300.0
23954,2017-04-27,1073962,9036.43,111240,9036.43,1.0,1.0,851.0,85648.0,26,23,2016,1.0,1.0,80200.0
23959,2017-04-27,1070820,173612.24,227700,179453.24,3.0,2.0,1560.0,243582.0,26,7,2014,3.0,3.0,198100.0
24005,2017-04-26,1076940,63216.45,67857,51300.00,1.0,1.0,560.0,58035.0,64,52,2016,5.0,1.0,51400.0
24117,2017-04-24,1077838,329698.79,193000,295000.00,2.0,2.0,831.0,826869.0,68,64,2016,6.0,1.0,318100.0
24173,2017-04-20,1074272,12770.53,210600,12303.53,3.0,2.0,1396.0,238031.0,93,48,2016,1.0,1.0,202300.0
24261,2017-04-18,1073957,23793.28,99745,24190.55,2.0,2.0,1046.0,112881.0,37,32,2016,4.0,1.0,67800.0
24381,2017-04-12,1075395,150333.0,64350,79400.00,3.0,2.0,1620.0,230500.0,33,24,2016,2.0,1.0,79500.0
24695,2017-04-03,1062302,309234.1,149000,117450.00,2.0,1.0,868.0,166858.0,40,38,2016,3.0,1.0,131600.0
24751,2017-03-30,1072411,468653.83,498800,471115.85,2.0,2.0,1218.0,295100.0,41,32,2016,9.0,1.0,500100.0
24836,2017-03-28,1070176,123118.99,93000,49406.05,2.0,2.0,1180.0,100498.0,43,21,2015,2.0,1.0,65800.0
24854,2017-03-28,1069808,61075.73,186700,27000.00,1.0,2.0,990.0,385600.0,43,2,2010,4.0,3.0,50000.0
25019,2017-03-22,1071144,14691.92,201780,15000.00,2.0,1.0,1282.0,279638.0,85,57,2016,1.0,1.0,143200.0
25059,2017-03-20,1067797,20127.43,121900,20761.43,2.0,1.0,981.0,142494.0,69,30,2014,2.0,2.0,116200.0
25258,2017-03-14,1068698,350105.7,110250,74900.00,3.0,3.0,1423.0,122191.0,23,14,2015,2.0,2.0,80000.0
25392,2017-03-08,1068467,5349.53,874900,5687.63,4.0,4.0,3464.0,1583145.0,68,48,2016,2.0,1.0,325600.0
25435,2017-03-08,1068362,6098.13,59800,6098.13,1.0,1.0,595.0,71194.0,68,56,2016,1.0,1.0,21100.0
