,Date,Auction ID,Final Judgment,Assessed Value,Beds,Bath,Living Area,Lot Size,ZEstimate,Day Count,Place in Line,Court Year,Association Binary,Defendant Count,Previous Auctions,Plaintiff Max Bid
16,2021-02-10,1282591,13369.40,128824,4.0,3.0,1860.0,2054.0,215678.0,23,17,2020,1.0,2.0,0.0,13369.40
37,2021-02-08,1281247,1469908.96,1174289,3.0,2.0,1764.0,8234.0,1616441.0,15,11,2019,1.0,10.0,0.0,1481370.57
43,2021-02-03,1280965,764191.64,373137,3.0,3.0,2246.0,8082.02,573837.0,19,2,2017,0.0,4.0,0.0,451950.00
101,2021-01-20,1279554,1041834.1,492694,5.0,3.0,2268.0,15000.0,1085371.0,37,6,2014,0.0,2.0,6.0,799900.00
102,2021-01-20,1279554,1041834.1,492694,5.0,3.0,2268.0,15000.0,1085371.0,37,6,2014,0.0,2.0,6.0,799900.00
129,2021-01-19,1280269,179424.41,189527,3.0,2.0,1798.0,7929.0,311424.0,41,29,2019,0.0,6.0,1.0,194900.00
180,2021-01-12,1278356,438129.47,85869,4.0,2.0,1789.0,6362.0,332859.0,41,21,2019,1.0,1.0,3.0,300000.00
187,2021-01-12,1278198,35996.08,189746,3.0,2.0,1035.0,30100.0,300938.0,41,16,2018,0.0,3.0,5.0,56553.52
211,2021-01-12,1278876,12687.84,145625,2.0,2.0,1089.0,2520.0,256820.0,41,32,2019,1.0,1.0,1.0,12687.84
234,2021-01-11,1272415,33546.37,33595,2.0,1.0,980.0,3675.0,217887.0,59,12,2017,0.0,1.0,4.0,50543.83
237,2021-01-11,1279820,105195.63,46313,2.0,1.0,1162.0,5500.0,258596.0,59,31,2019,0.0,4.0,1.0,108357.76
248,2021-01-11,1278840,8366.0,172201,3.0,2.0,1432.0,2025.0,234040.0,59,28,2019,1.0,5.0,1.0,8366.00
319,2021-01-06,1279218,11482.91,192500,3.0,2.0,1705.0,1760.0,266478.0,75,10,2016,1.0,2.0,6.0,11482.91
332,2021-01-06,1278921,375886.08,176200,4.0,2.0,1820.0,4829.0,324800.0,75,34,2018,1.0,9.0,2.0,239900.00
406,2021-01-04,1270038,590291.89,538202,5.0,4.0,4081.0,15000.0,726906.0,72,34,2019,0.0,2.0,1.0,603451.93
432,2020-12-16,1277550,289679.85,118842,3.0,2.0,1232.0,11001.0,160000.0,20,2,2009,0.0,5.0,6.0,289000.00
434,2020-12-16,1277727,689308.28,180151,4.0,2.0,1812.0,2400.0,369367.0,20,8,2017,1.0,3.5,5.0,342000.00
495,2020-12-07,1275184,359397.6,257428,4.0,2.0,2161.0,5254.0,456194.0,33,25,2019,0.0,2.0,2.0,379048.50
502,2020-12-07,1271792,261005.71,266378,3.0,2.0,1463.0,7800.0,395952.0,33,17,2018,0.0,4.0,4.0,261005.71
503,2020-12-07,1276619,246007.44,127815,2.0,2.0,1275.0,1920.0,338970.0,33,27,2019,1.0,3.0,2.0,251969.19
564,2020-11-24,1269978,65296.0,111475,4.0,2.0,1728.0,7500.0,333109.0,5,5,2020,0.0,2.0,1.0,72716.00
572,2020-11-23,1275554,7090.06,199700,3.0,2.0,1565.0,1760.0,248570.0,21,21,2020,1.0,1.0,1.0,7090.06
582,2020-11-23,1276167,332093.86,93674,4.0,3.0,1811.0,1896.0,254993.0,21,12,2019,1.0,5.0,1.0,211650.00
637,2020-11-10,1273564,333547.5,336882,4.0,3.0,2417.0,6020.0,443961.0,31,21,2019,0.0,2.0,4.0,300000.00
638,2020-11-10,1274735,94781.61,2790720,3.0,4.0,3529.0,1.0,5168404.0,31,27,2019,1.0,1.0,1.0,94781.61
640,2020-11-10,1273654,376538.03,264002,3.0,2.0,1357.0,7500.0,400713.0,31,6,2016,1.0,4.0,5.0,300000.00
651,2020-11-10,1275437,156423.95,161334,2.0,1.0,1189.0,7000.0,252102.0,31,20,2019,0.0,2.0,1.0,159878.09
655,2020-11-10,1272946,135174.33,168390,3.0,2.0,1380.0,6450.0,278263.0,31,26,2019,0.0,2.0,5.0,180074.33
689,2020-11-03,1271183,178077.41,702298,4.0,3.0,2426.0,15146.0,916833.0,8,6,2019,0.0,1.0,2.0,183358.79
690,2020-11-03,1269525,277088.79,147355,3.0,3.0,1512.0,2400.0,338142.0,8,1,2014,1.0,6.0,8.0,268800.00
732,2020-10-27,1272523,398092.95,405856,3.0,1.0,1866.0,8000.0,732359.0,15,3,2014,0.0,7.0,10.0,398092.95
735,2020-10-27,1273124,204432.76,174328,3.0,1.0,816.0,10080.0,258057.0,15,11,2019,0.0,3.0,1.0,201000.00
755,2020-10-21,1271152,305101.81,157667,3.0,2.0,1287.0,8800.0,397174.0,27,1,2010,0.0,1.0,2.0,249900.00
756,2020-10-21,1272992,8410.15,175001,2.0,2.0,1130.0,1485.0,229488.0,27,21,2019,1.0,1.0,1.0,8410.15
790,2020-10-19,1270517,181595.32,75068,3.0,2.0,1591.0,6890.0,284089.0,25,5,2018,0.0,7.0,1.0,131250.00
791,2020-10-19,1267887,434733.78,273736,4.0,3.0,1874.0,6750.0,394493.0,25,18,2019,0.0,4.0,1.0,296700.00
796,2020-10-19,1267735,255977.92,239446,3.0,2.0,1898.0,4243.0,342236.0,25,12,2019,1.0,2.5,2.0,259900.00
816,2020-10-13,1268057,314474.96,137760,3.0,2.0,1292.0,7425.0,434672.0,31,21,2019,1.0,3.0,2.0,311797.00
827,2020-10-13,1269619,226844.4,171020,3.0,2.0,1231.0,5121.0,249901.0,31,22,2019,0.0,2.0,4.0,226844.40
846,2020-10-06,1267732,240075.09,134512,4.0,2.0,1512.0,8250.0,290751.0,2,1,2017,0.0,7.0,2.0,235000.00
855,2020-10-05,1271494,79855.21,82982,3.0,2.0,1456.0,5300.0,259315.0,22,19,2019,0.0,3.0,3.0,79855.21
860,2020-10-05,1268771,942109.38,428431,5.0,4.0,2944.0,6304.0,550851.0,22,16,2019,0.0,9.0,4.0,433500.00
885,2020-09-29,1269628,131704.58,125090,3.0,2.0,2158.0,7875.0,325036.0,20,10,2018,0.0,2.0,3.0,141142.00
887,2020-09-29,1268056,43121.48,74608,3.0,2.0,1126.0,6950.0,261412.0,20,12,2019,0.0,8.0,2.0,44928.91
920,2020-09-21,1268317,246007.44,127815,2.0,2.0,1275.0,1920.0,330921.0,13,10,2019,1.0,3.0,2.0,248952.87
997,2020-07-06,1258524,275301.69,235770,3.0,2.0,1146.0,2977.0,331858.0,13,1,2009,0.0,8.0,18.0,275301.69
2083,2020-03-10,1251896,504081.0,311002,4.0,2.0,2168.0,4360.0,399447.0,55,5,2014,1.0,5.0,6.0,291923.56
2161,2020-03-09,1239687,73430.92,53879,2.0,2.0,910.0,2610.0,194369.0,66,28,2017,1.0,13.0,1.0,75609.69
2188,2020-03-04,1252459,225821.06,93819,2.0,1.0,859.0,3500.0,158341.0,57,40,2019,1.0,8.0,1.0,78650.00
2207,2020-03-04,1252463,573275.61,519952,5.0,3.0,3026.0,5500.0,623852.0,57,31,2018,1.0,2.0,1.0,449000.00
2255,2020-03-02,1245673,433766.14,251345,4.0,2.0,2023.0,8480.0,436527.0,59,12,2017,1.0,6.0,4.0,276494.55
2292,2020-02-26,1249444,286109.61,82561,3.0,2.0,1220.0,8400.0,270454.0,30,12,2017,1.0,2.0,4.0,183750.00
2314,2020-02-25,1250779,375287.91,393708,3.0,2.0,2104.0,2720.0,494438.0,16,15,2019,1.0,2.0,1.0,380012.91
2324,2020-02-24,1247835,523321.79,277186,3.0,2.0,1652.0,1.0,315787.0,56,5,2014,0.0,1.0,2.0,209790.00
2367,2020-02-24,1239708,287342.38,152295,3.0,1.0,1056.0,7800.0,272188.0,56,15,2017,1.0,4.0,1.0,171722.06
2398,2020-02-19,1249615,473225.73,257402,3.0,2.0,1668.0,5000.0,388757.0,36,21,2018,0.0,5.0,5.0,292502.39
2404,2020-02-19,1249602,74804.8,82982,3.0,2.0,1456.0,5300.0,246905.0,36,36,2019,0.0,3.0,3.0,74804.80
2414,2020-02-18,1246866,364152.57,278517,3.0,2.0,1576.0,8250.0,369795.0,99,7,2013,0.0,3.0,7.0,152342.67
2442,2020-02-18,1243148,663107.07,458522,4.0,2.0,1876.0,6750.0,617912.0,99,3,2009,0.0,8.0,1.0,287250.00
2454,2020-02-18,1249069,106337.85,107078,2.0,1.0,1210.0,5400.0,320700.0,99,19,2015,0.0,4.0,10.0,122875.51
2465,2020-02-18,1247496,193076.79,125434,4.0,2.0,1742.0,7875.0,279454.0,99,84,2019,0.0,1.0,1.0,195293.96
2499,2020-02-12,1242823,314678.65,266075,3.0,2.0,2027.0,9862.0,292942.0,38,21,2018,1.0,5.0,1.0,113400.00
2530,2020-02-11,1247321,386535.79,392894,4.0,2.0,2132.0,10107.9,165800.0,10,2,2017,0.0,4.0,1.0,391231.96
2545,2020-02-10,1248044,323017.41,140411,3.0,2.0,995.0,7950.0,248564.0,68,29,2017,1.0,9.0,2.0,157500.00
2629,2020-02-04,1236004,508112.15,344334,3.0,2.0,1654.0,6179.0,415369.0,26,18,2018,1.0,14.5,1.0,279000.00
2652,2020-02-03,1246225,375703.28,320164,4.0,2.0,2632.0,5000.0,422682.0,63,33,2018,1.0,5.0,3.0,336150.00
2673,2020-02-03,1244187,382650.66,313554,4.0,3.0,2675.0,6653.0,413963.0,63,29,2018,0.0,5.0,2.0,264945.56
2675,2020-02-03,1236006,789366.7,409593,4.0,3.0,2968.0,6082.0,501291.0,63,23,2017,1.0,12.0,1.0,355500.00
2680,2020-02-03,1240143,478004.07,148372,4.0,2.0,1616.0,1750.0,230916.0,63,36,2018,1.0,6.0,1.0,182250.00
2718,2020-01-28,1243767,224712.38,216773,3.0,1.0,936.0,6300.0,297172.0,25,3,2012,0.0,13.0,2.0,229716.00
2737,2020-01-27,1245297,491446.13,241181,4.0,2.0,1540.0,7140.0,361197.0,76,28,2017,1.0,5.0,2.0,263250.00
2769,2020-01-27,1235235,796022.27,444251,5.0,3.0,3039.0,16786.0,587281.0,76,6,2013,0.0,8.0,4.0,498500.00
2775,2020-01-27,1231451,648271.8,337262,3.0,2.0,1644.0,15000.0,493285.0,76,39,2018,0.0,5.0,1.0,348000.00
2776,2020-01-27,1242910,371127.75,260991,5.0,3.0,2202.0,7200.0,447108.0,76,37,2018,1.0,4.0,2.0,264750.00
2827,2020-01-22,1249683,179158.72,188603,4.0,2.0,1506.0,5088.0,288248.0,32,28,2019,0.0,9.0,2.0,159669.34
2828,2020-01-22,1234508,419750.73,220459,3.0,2.0,1654.0,5500.0,334453.0,32,19,2019,1.0,3.0,1.0,306940.00
2846,2020-01-21,1247600,177476.3,152881,3.0,2.0,1169.0,7561.0,257230.0,110,106,2019,0.0,4.0,1.0,179000.36
2866,2020-01-21,1244118,423817.3,145234,2.0,2.0,1089.0,2205.0,242885.0,110,103,2019,1.0,4.0,1.0,206400.00
2917,2020-01-21,1231228,132061.27,171668,3.0,2.0,1370.0,6342.0,237509.0,110,36,2017,0.0,8.0,1.0,139427.44
2934,2020-01-21,1233274,514954.53,390236,4.0,3.0,2388.0,8725.24,519595.0,110,26,2016,1.0,9.0,1.0,324916.91
3009,2020-01-13,1241331,154800.57,135916,3.0,2.0,2331.0,10771.2,380710.0,72,71,2019,0.0,4.0,1.0,156857.21
3010,2020-01-13,1239737,347904.9,250716,3.0,2.0,1144.0,10000.0,370100.0,72,45,2018,0.0,3.0,2.0,232358.97
3019,2020-01-13,1243719,385986.77,132946,4.0,2.0,1336.0,8905.0,268488.0,72,48,2018,0.0,2.0,1.0,195210.00
3045,2020-01-13,1237415,284083.01,122527,0.0,3.0,2422.0,11531.0,317177.0,72,63,2019,0.0,3.0,1.0,253000.00
3064,2020-01-13,1243603,419500.94,277369,6.0,3.0,1400.0,9000.0,354579.0,72,33,2018,1.0,2.0,2.0,279900.00
3131,2020-01-07,1239507,184708.98,164117,1.0,2.0,790.0,2160.0,150158.0,86,68,2019,1.0,6.5,3.0,126650.00
3142,2020-01-07,1243162,233452.38,188487,4.0,2.0,1560.0,7520.0,250000.0,86,86,2019,0.0,1.0,1.0,190209.55
3173,2020-01-07,1242816,91042.9,221995,5.0,2.0,1819.0,1.0,301423.0,86,51,2018,1.0,2.0,1.0,92164.59
3194,2020-01-07,1243079,326146.23,388056,3.0,2.0,2828.0,5265.0,464578.0,86,71,2019,0.0,2.0,1.0,334136.81
3221,2020-01-06,1240378,96210.4,91572,3.0,2.0,1419.0,7500.0,268728.0,211,208,2019,0.0,1.0,1.0,96210.40
3222,2020-01-06,1241127,612099.87,355266,3.0,2.0,2050.0,15983.0,634606.0,211,3,2009,1.0,3.0,4.0,426026.49
3255,2020-01-06,1243070,159895.67,255801,4.0,3.0,1550.0,7420.0,362823.0,211,56,2016,0.0,10.0,3.0,177531.51
3261,2020-01-06,1240596,584929.35,236000,4.0,2.0,1780.0,1575.0,277247.0,211,23,2014,1.0,23.0,2.0,249762.09
3286,2020-01-06,1231698,260181.94,155780,3.0,2.0,1383.0,3183.0,273736.0,211,183,2019,1.0,5.0,1.0,200250.00
3298,2020-01-06,1240648,554713.79,279115,5.0,3.0,2726.0,5211.0,251500.0,211,86,2017,1.0,5.0,1.0,226980.00
3309,2020-01-06,1229008,206685.37,247788,4.0,2.0,2006.0,12496.4,291792.0,211,126,2018,0.0,1.0,1.0,217992.20
3320,2020-01-06,1241738,338724.64,88974,3.0,1.0,1506.0,9525.0,302452.0,211,185,2019,0.0,7.0,1.0,234668.00
3340,2020-01-06,1238195,111323.15,44052,3.0,1.0,1058.0,7500.0,260162.0,211,95,2018,0.0,6.0,1.0,114098.34
3362,2020-01-06,1235502,190492.15,252949,3.0,2.0,1544.0,9900.0,314855.0,211,154,2018,0.0,7.0,1.0,194327.62
3363,2020-01-06,1238036,133637.69,192978,3.0,2.0,2112.0,6343.0,407625.0,211,135,2018,0.0,3.0,1.0,135605.63
3372,2020-01-06,1240951,465507.12,129691,3.0,2.0,1154.0,6300.0,330299.0,211,61,2017,0.0,6.0,3.0,224197.00
3384,2020-01-06,1238137,482432.62,134103,3.0,2.0,1868.0,7750.0,311066.0,211,75,2017,0.0,4.0,2.0,181480.51
3385,2020-01-06,1226716,411979.71,214605,3.0,2.0,1758.0,6318.0,279187.0,211,147,2018,1.0,9.0,1.0,215250.00
3399,2019-12-18,1241741,224216.2,422128,0.0,0.0,2700.0,217800.0,308200.0,33,31,2019,0.0,3.0,1.0,225655.08
3424,2019-12-17,1240407,5307.55,136054,3.0,3.0,1704.0,1540.0,171100.0,28,23,2019,1.0,1.0,1.0,5307.55
3445,2019-12-17,1240193,226485.09,98516,3.0,2.0,1170.0,10000.0,261206.0,28,19,2019,0.0,1.0,1.0,203400.00
3454,2019-12-16,1232328,620074.23,219560,4.0,2.0,1830.0,5000.0,275193.0,61,41,2018,1.0,6.5,1.0,211120.00
3479,2019-12-16,1239592,530125.91,415203,4.0,2.0,2122.0,8692.0,544399.0,61,2,2009,0.0,5.0,1.0,406010.90
3506,2019-12-11,1238376,284998.38,181442,2.0,1.0,1076.0,6600.0,261485.0,57,31,2018,1.0,7.0,1.0,117700.00
3541,2019-12-11,1238373,248237.72,212964,4.0,2.0,1670.0,12453.8,253888.0,57,16,2017,1.0,2.0,1.0,124697.09
3567,2019-12-09,1236774,452222.91,184071,2.0,2.0,1305.0,6900.0,281260.0,88,32,2017,0.0,11.0,1.0,218400.00
3659,2019-12-04,1226313,261070.02,127290,2.0,1.0,783.0,5000.0,193155.0,28,21,2018,0.0,4.0,1.0,150000.00
3668,2019-12-03,1234689,16222.52,166414,3.0,2.0,1693.0,4140.0,244720.0,25,6,2016,1.0,1.0,1.0,16222.52
3696,2019-12-02,1234519,518610.29,290152,3.0,3.0,2091.0,7100.0,333469.0,75,16,2016,0.0,3.0,2.0,286897.87
3746,2019-12-02,1234980,368963.5,143459,3.0,2.0,1343.0,4500.0,300098.0,75,4,2011,1.0,4.0,3.0,243000.00
3788,2019-11-27,1237205,245514.61,254151,4.0,2.0,1475.0,3402.0,333122.0,51,13,2017,0.0,11.0,3.0,269100.00
3825,2019-11-26,1234442,417956.1,242542,3.0,2.0,1556.0,4800.0,329846.0,16,6,2016,0.0,5.0,7.0,238000.00
3826,2019-11-26,1234279,192757.71,114832,4.0,2.0,1798.0,9188.0,332504.0,16,2,2013,1.0,3.0,7.0,192757.71
3838,2019-11-25,1221960,425516.06,188088,4.0,2.0,1440.0,7500.0,262645.0,66,25,2017,0.0,2.0,1.0,195780.00
3846,2019-11-25,1239603,243406.92,279821,5.0,3.0,2710.0,5050.0,344589.0,66,56,2019,1.0,5.0,2.0,248831.64
3856,2019-11-25,1234520,193718.49,221246,3.0,2.0,1658.0,3600.0,297557.0,66,17,2016,1.0,5.0,1.0,187289.09
3882,2019-11-25,1235595,109144.51,168906,3.0,2.0,1064.0,7622.0,272166.0,66,8,2012,1.0,4.0,6.0,137651.38
3900,2019-11-20,1235063,330955.53,247000,2.0,3.0,1914.0,3387.0,308959.0,31,19,2018,1.0,2.0,2.0,219513.02
3922,2019-11-19,1237015,1544040.11,759280,4.0,3.0,3537.0,33541.0,1111396.0,19,18,2019,0.0,4.0,1.0,855000.00
3972,2019-11-18,1234993,226956.12,195457,2.0,1.0,1268.0,10725.0,268356.0,49,31,2018,0.0,4.0,2.0,180000.00
3984,2019-11-13,1232188,326016.17,204327,3.0,2.0,1646.0,9042.0,301667.0,35,34,2019,1.0,7.0,1.0,218700.00
3989,2019-11-13,1235264,120144.23,231223,3.0,2.0,1525.0,10000.0,319496.0,35,16,2017,1.0,5.0,3.0,127463.38
4087,2019-11-12,1233743,14758.74,103666,3.0,2.0,1115.0,1735.0,228770.0,109,52,2018,1.0,2.0,5.0,18688.42
4117,2019-11-06,1235617,180173.92,202389,2.0,1.0,1470.0,7260.0,291531.0,40,20,2018,0.0,1.0,1.0,182037.73
4137,2019-11-06,1234039,430506.22,311109,3.0,2.0,2291.0,3553.0,410234.0,40,24,2018,1.0,6.0,1.0,386700.00
4175,2019-11-05,1223187,337448.91,180000,2.0,2.0,1032.0,2205.0,187720.0,33,15,2017,1.0,6.0,1.0,170318.33
4176,2019-11-05,1233250,81747.8,168197,5.0,2.0,1359.0,4360.0,179249.0,33,30,2019,0.0,4.0,1.0,81747.80
4182,2019-11-05,1234537,158756.2,400000,3.0,2.0,1359.0,17846.28,552799.0,33,3,2009,0.0,3.0,6.0,318733.92
4198,2019-11-04,1233002,126074.12,195540,0.0,0.0,760.0,5150.0,314600.0,37,34,2019,0.0,9.0,1.0,131581.03
4202,2019-11-04,1235234,196452.71,151379,3.0,1.0,846.0,8100.0,298698.0,37,37,2019,1.0,2.0,1.0,156581.11
4223,2019-10-30,1234745,406172.26,230092,3.0,2.0,1519.0,5000.0,307909.0,51,16,2017,0.0,4.0,1.0,238680.00
4228,2019-10-30,1226461,488740.01,170427,2.0,1.0,1492.0,8690.0,269173.0,51,49,2019,1.0,2.0,1.0,184875.00
4241,2019-10-30,1234759,393029.71,140989,3.0,2.0,1320.0,6900.0,203133.0,51,40,2019,0.0,8.0,1.0,129500.00
4244,2019-10-30,1231157,12981.18,193205,4.0,3.0,2967.0,5397.0,394564.0,51,20,2018,1.0,2.0,3.0,12981.18
4463,2019-10-21,1220018,946165.92,493119,5.0,3.0,2898.0,8906.0,614372.0,50,20,2017,1.0,4.0,1.0,440700.00
4479,2019-10-21,1228959,186826.25,271120,4.0,2.0,2178.0,5400.0,374891.0,50,39,2018,0.0,1.0,2.0,198881.93
4535,2019-10-15,1229738,318615.24,402370,4.0,2.0,1690.0,10510.0,546296.0,104,69,2018,0.0,1.0,1.0,324452.53
4539,2019-10-15,1218827,520810.78,282439,3.0,2.0,1892.0,6180.0,348389.0,104,44,2017,1.0,1.0,1.0,259740.00
4562,2019-10-15,1231098,276650.08,139613,4.0,2.0,1500.0,4500.0,261894.0,104,47,2017,0.0,5.0,1.0,187000.00
4612,2019-10-15,1227963,272601.41,210000,3.0,2.0,1378.0,1855.0,275593.0,104,102,2019,0.0,2.0,1.0,216675.00
4626,2019-10-15,1227962,240459.24,225540,3.0,2.0,1252.0,7500.0,297838.0,104,95,2019,0.0,1.0,1.0,240570.00
4630,2019-10-15,1231277,2271238.2,797540,10.0,8.0,5372.0,15982.0,2534955.0,104,50,2017,1.0,4.0,1.0,945000.00
4681,2019-10-07,1229002,397924.49,197851,3.0,2.0,1444.0,6200.0,289024.0,41,35,2019,0.0,8.0,1.0,210000.00
4693,2019-10-02,1230446,336092.44,267400,2.0,2.0,1718.0,6250.0,301581.0,27,23,2019,1.0,5.0,1.0,254800.00
4704,2019-10-02,1229975,10337.86,138509,4.0,2.0,2122.0,8493.0,295691.0,27,27,2019,1.0,2.0,1.0,10337.86
4729,2019-10-01,1229747,211106.48,167606,4.0,2.0,1104.0,8851.44,273956.0,94,38,2018,1.0,3.0,1.0,171900.00
4791,2019-10-01,1229769,391347.55,297099,4.0,2.0,2004.0,5400.0,372005.0,94,49,2018,1.0,10.5,1.0,320000.00
4796,2019-10-01,1212629,369243.38,349818,4.0,2.0,1961.0,10133.1,399345.0,94,21,2017,1.0,2.0,1.0,242416.43
4835,2019-09-25,1227722,69936.03,429030,3.0,2.0,3760.0,7600.0,337100.0,42,22,2017,1.0,4.0,3.0,76082.60
4953,2019-09-16,1226215,487378.96,323570,5.0,3.0,2132.0,8098.0,372359.0,68,2,2008,0.0,4.0,9.0,286026.09
4975,2019-09-16,1225547,334789.8,282486,3.0,2.0,2100.0,8280.0,369344.0,68,27,2017,1.0,4.0,3.0,178301.20
4979,2019-09-16,1218906,189116.64,274975,5.0,2.0,1584.0,15000.0,341242.0,68,15,2016,0.0,6.5,3.0,194888.24
4988,2019-09-16,1219553,377397.77,169918,3.0,2.0,1148.0,6600.0,253443.0,68,7,2014,1.0,8.0,4.0,206275.78
5002,2019-09-11,1224388,149694.83,188914,3.0,2.0,1650.0,7500.0,277443.0,17,11,2018,0.0,3.0,2.0,154471.47
5033,2019-09-10,1226446,14217.78,226416,4.0,3.0,1958.0,6324.0,290312.0,36,33,2019,1.0,1.0,1.0,14217.78
5056,2019-09-09,1216171,416548.75,255594,3.0,1.0,1488.0,5400.0,327615.0,79,15,2015,0.0,3.0,2.0,248800.00
5062,2019-09-09,1226473,555465.4,225000,3.0,2.0,1670.0,1800.0,295405.0,79,23,2016,1.0,5.0,1.0,200060.18
5063,2019-09-09,1226997,505126.16,186689,2.0,1.0,1007.0,5650.0,267665.0,79,52,2018,0.0,2.0,1.0,187500.00
5094,2019-09-09,1226411,480850.07,257840,3.0,2.0,1122.0,10250.0,352952.0,79,77,2019,0.0,3.0,1.0,296000.00
5100,2019-09-09,1222578,276759.56,192354,4.0,2.0,1200.0,8250.0,267620.0,79,21,2015,0.0,7.0,2.0,206000.00
5221,2019-08-28,1212041,329849.34,189280,3.0,2.0,1205.0,8500.0,278588.0,46,17,2016,0.0,4.0,1.0,189000.00
5238,2019-08-28,1224934,459304.69,274706,3.0,2.0,1561.0,5135.0,354191.0,46,20,2017,1.0,4.0,2.0,253875.00
5258,2019-08-27,1224382,486560.17,337528,3.0,1.0,2141.0,9375.0,402808.0,32,20,2018,0.0,4.0,2.0,278000.00
5269,2019-08-27,1224933,353639.28,338985,6.0,4.0,2300.0,7830.0,463204.0,32,23,2018,0.0,4.0,1.0,356677.12
5294,2019-08-26,1216124,245423.17,264256,3.0,1.0,1166.0,8708.7,311782.0,84,63,2018,1.0,4.0,1.0,249815.16
5307,2019-08-26,1220151,83622.84,334383,5.0,3.0,2265.0,6750.0,441638.0,84,29,2016,1.0,1.0,6.0,95839.88
5324,2019-08-26,1224120,362837.78,171017,3.0,2.0,1263.0,4500.0,241890.0,84,38,2017,1.0,3.0,2.0,54900.00
5336,2019-08-26,1221962,263394.42,250042,3.0,2.0,1888.0,1.0,299214.0,84,11,2014,1.0,4.0,1.0,182702.30
5382,2019-08-21,1222018,191838.9,194125,2.0,1.0,880.0,5520.0,251724.0,27,27,2019,0.0,4.0,1.0,196354.51
5395,2019-08-20,1222384,199758.35,177500,3.0,2.0,1850.0,2959.0,224000.0,24,11,2017,1.0,4.0,2.0,179820.00
5404,2019-08-20,1215045,318719.18,248895,3.0,1.0,1498.0,7800.0,345200.0,24,16,2018,1.0,9.0,2.0,260000.00
5425,2019-08-19,1221481,326347.93,405615,4.0,3.0,2409.0,7867.0,501493.0,75,6,2013,1.0,5.0,4.0,342935.69
5427,2019-08-19,1223212,325511.55,179986,3.0,2.0,1084.0,7500.0,251186.0,75,31,2017,0.0,4.0,1.0,179520.81
5448,2019-08-19,1219176,111487.77,149500,2.0,1.0,939.0,7000.0,213543.0,75,63,2018,1.0,1.0,2.0,115901.68
5463,2019-08-19,1210060,312389.98,239609,3.0,2.0,1211.0,8124.0,278633.0,75,37,2017,1.0,4.0,1.0,176001.00
5516,2019-08-13,1223189,487856.55,392316,3.0,2.0,2187.0,11050.0,443944.0,22,18,2018,0.0,8.0,1.0,268320.00
5592,2019-08-06,1215735,189960.77,231537,3.0,2.0,1786.0,5916.0,299960.0,37,17,2016,1.0,1.0,6.0,236615.71
5698,2019-07-31,1216360,148733.0,156848,4.0,2.0,1475.0,4866.0,231280.0,16,4,2015,1.0,3.0,1.0,129500.00
5719,2019-07-30,1219765,527137.5,218228,3.0,2.0,958.0,4500.0,334014.0,26,5,2015,1.0,8.0,2.0,237606.59
5734,2019-07-29,1206868,231634.33,281083,3.0,2.0,1922.0,10800.0,349852.0,75,24,2016,0.0,6.0,1.0,231634.33
5776,2019-07-29,1220838,182052.35,148000,4.0,2.0,1227.0,3619.0,182797.0,75,36,2017,1.0,14.5,1.0,107000.00
5779,2019-07-29,1220215,220015.98,264428,5.0,4.0,2719.0,7499.63,336786.0,75,75,2019,0.0,4.0,1.0,207000.00
5800,2019-07-24,1214755,9047.17,242303,3.0,2.0,2043.0,6945.0,305782.0,23,19,2018,1.0,1.0,2.0,9047.17
5833,2019-07-22,1199286,291574.11,196429,4.0,2.0,1507.0,8393.0,265795.0,87,31,2016,0.0,1.0,1.0,204000.00
5840,2019-07-22,1210752,632275.2,267338,4.0,2.0,2494.0,5340.0,340417.0,87,23,2016,1.0,6.0,1.0,209957.89
5864,2019-07-22,1214706,244164.53,351408,2.0,1.0,1274.0,5680.0,496000.0,87,28,2016,0.0,5.0,2.0,240946.05
5887,2019-07-22,1205817,391954.81,524422,4.0,3.0,3087.0,10350.0,672283.0,87,54,2018,1.0,5.0,2.0,379957.25
5904,2019-07-22,1216976,251677.45,194229,4.0,2.0,1928.0,3838.0,253764.0,87,53,2018,1.0,2.0,1.0,202500.00
5912,2019-07-17,1204960,300804.74,314641,3.0,2.0,1266.0,10725.0,318984.0,28,8,2017,0.0,5.0,2.0,185892.36
5939,2019-07-16,1218733,379922.0,273001,3.0,2.0,1704.0,1495.0,346828.0,36,24,2018,1.0,4.0,1.0,263250.00
5940,2019-07-16,1218734,299709.82,125524,3.0,2.0,1053.0,4816.0,151412.0,36,35,2019,1.0,6.5,1.0,107100.00
5959,2019-07-16,1216650,272819.69,289881,4.0,2.0,1543.0,7500.0,378058.0,36,13,2016,1.0,16.0,6.0,288600.00
5973,2019-07-15,1202779,439675.21,280000,3.0,2.0,1709.0,2000.0,329731.0,80,28,2017,1.0,4.0,1.0,251150.39
6045,2019-07-10,1215810,286512.52,280753,5.0,4.0,2500.0,8100.0,323938.0,40,1,2008,0.0,3.0,12.0,260553.00
6054,2019-07-10,1217050,163736.55,331741,3.0,2.0,2036.0,10671.0,382816.0,40,7,2014,0.0,2.0,9.0,209089.78
6072,2019-07-10,1217738,383036.65,260623,6.0,2.0,2412.0,7500.0,399512.0,40,31,2018,1.0,5.0,1.0,272000.00
6074,2019-07-10,1209627,472628.7,236000,4.0,2.0,1780.0,1575.0,303589.0,40,15,2017,1.0,4.0,1.0,254529.77
6085,2019-07-09,1214435,276283.57,188178,3.0,1.0,973.0,8491.0,295578.0,21,17,2018,0.0,8.0,1.0,242100.00
6112,2019-07-08,1213032,181882.69,190331,3.0,1.0,1224.0,6500.0,244345.0,75,22,2017,0.0,4.0,1.0,149040.00
6224,2019-07-01,1207089,226480.27,164401,3.0,2.0,1693.0,3962.0,225319.0,85,67,2018,1.0,3.0,3.0,197640.00
6282,2019-07-01,1195933,324176.91,211000,3.0,2.0,1378.0,1800.0,260719.0,85,23,2016,1.0,4.0,1.0,178034.00
6301,2019-06-26,1206810,167268.61,197099,2.0,1.0,949.0,4000.0,270024.0,25,21,2018,0.0,1.0,4.0,174273.68
6309,2019-06-26,1215469,236219.08,186582,2.0,1.0,1154.0,13090.0,242950.0,25,9,2017,0.0,3.0,1.0,121500.00
6334,2019-06-25,1213882,295743.75,188301,3.0,1.0,1014.0,7500.0,251980.0,31,22,2018,0.0,25.0,2.0,190000.00
6336,2019-06-25,1199803,274450.12,156975,2.0,2.0,1258.0,2625.0,202230.0,31,14,2017,1.0,4.0,1.0,150037.21
6340,2019-06-25,1214489,310890.92,329447,4.0,3.0,2052.0,5980.0,423584.0,31,6,2011,1.0,3.0,5.0,222142.78
6376,2019-06-24,1214654,45177.69,74504,3.0,2.0,1056.0,4396.0,112477.0,73,72,2019,1.0,3.5,1.0,45177.69
6428,2019-06-19,1211466,11182.73,205350,4.0,3.0,1712.0,1832.0,266003.0,17,16,2018,1.0,1.0,2.0,11182.73
6438,2019-06-18,1213776,513960.57,143900,2.0,2.0,1325.0,5000.0,257137.0,31,6,2012,0.0,2.0,6.0,201600.00
6440,2019-06-18,1205339,539066.98,304648,3.0,2.0,2260.0,6750.0,416274.0,31,20,2017,0.0,8.5,1.0,234090.00
6441,2019-06-18,1212694,114001.96,183148,3.0,2.0,1357.0,5999.0,269164.0,31,27,2018,0.0,7.0,2.0,116233.39
6456,2019-06-18,1212495,508689.81,343105,4.0,2.0,1997.0,6301.0,415638.0,31,15,2016,0.0,2.0,4.0,338800.00
6510,2019-06-17,1210030,492984.81,300366,3.0,2.0,1161.0,9000.0,384788.0,84,80,2018,1.0,3.0,1.0,224996.59
6519,2019-06-17,1209623,1199850.09,722865,4.0,4.0,4794.0,29800.0,875912.0,84,9,2012,0.0,6.0,4.0,470000.00
6533,2019-06-17,1198427,277388.4,193046,3.0,2.0,1379.0,7950.0,254049.0,84,15,2014,1.0,9.0,1.0,171873.79
6540,2019-06-12,1208513,398857.98,386496,4.0,3.0,2175.0,6041.0,466587.0,22,3,2014,0.0,3.0,6.0,411000.00
6549,2019-06-12,1213099,106089.49,185000,2.0,2.0,1078.0,1126.0,210371.0,22,15,2018,1.0,4.0,1.0,106089.49
6597,2019-06-10,1211724,162359.25,292464,3.0,2.0,1735.0,6695.0,371524.0,77,63,2018,1.0,3.0,2.0,165294.72
6639,2019-06-10,1210158,207839.95,158000,2.0,2.0,936.0,1856.0,200543.0,77,39,2017,1.0,7.0,1.0,131000.00
6681,2019-06-05,1210365,33949.01,327000,4.0,3.0,2306.0,2275.0,395608.0,45,17,2016,0.0,1.0,2.0,33949.01
6734,2019-06-03,1209384,318114.86,240000,4.0,2.0,1672.0,1692.0,255300.0,88,11,2014,1.0,11.0,9.0,217500.00
6741,2019-06-03,1211810,140009.11,342219,3.0,2.0,2477.0,7500.0,454214.0,88,55,2018,1.0,5.0,1.0,140182.56
6745,2019-06-03,1211842,424454.14,179341,3.0,2.0,1748.0,7500.0,270342.0,88,78,2018,0.0,4.0,1.0,149850.00
6774,2019-06-03,1211770,255741.63,138542,3.0,2.0,976.0,8720.0,246400.0,88,74,2018,1.0,11.0,1.0,145800.00
6798,2019-05-29,1196016,59671.77,127500,3.0,2.0,1006.0,7481.25,237000.0,19,14,2018,1.0,2.0,1.0,61621.46
6810,2019-05-28,1206565,692753.38,172000,4.0,3.0,1661.0,1760.0,219458.0,98,80,2018,1.0,4.0,1.0,155295.00
6836,2019-05-28,1210053,12829.65,253508,5.0,2.0,2492.0,4355.0,313234.0,98,64,2018,1.0,1.0,1.0,12829.65
6913,2019-05-22,1209996,263352.56,177950,3.0,1.0,1485.0,7800.0,252331.0,36,3,2011,0.0,14.0,1.0,160500.00
6919,2019-05-22,1208950,380970.18,206740,2.0,2.0,1160.0,1495.0,244883.0,36,24,2017,1.0,5.0,1.0,183622.75
6945,2019-05-21,1208756,125908.77,234228,3.0,2.0,1233.0,7500.0,329234.0,39,39,2018,1.0,6.0,1.0,127222.98
6963,2019-05-20,1205459,256666.89,247197,4.0,2.0,1890.0,10275.0,274750.0,54,18,2016,0.0,4.0,1.0,180000.00
6981,2019-05-20,1209643,261005.71,266378,3.0,2.0,1463.0,7800.0,360857.0,54,50,2018,0.0,4.0,4.0,261005.71
7019,2019-05-15,1208672,546383.68,488653,3.0,2.0,1949.0,5500.0,645511.0,34,3,2014,0.0,5.0,2.0,502320.00
7054,2019-05-14,1208257,207755.41,233576,3.0,2.0,1231.0,8250.0,252579.0,23,9,2017,0.0,3.0,4.0,243012.30
7063,2019-05-13,1206864,123345.84,209313,2.0,1.0,895.0,8550.0,294998.0,89,87,2018,0.0,2.0,1.0,124703.12
7065,2019-05-13,1207794,180962.76,125474,3.0,2.0,1972.0,7669.0,332041.0,89,14,2014,0.0,8.0,3.0,182127.16
7102,2019-05-13,1206256,198651.7,279899,3.0,1.0,1083.0,6000.0,360775.0,89,53,2017,1.0,6.0,1.0,199189.15
7109,2019-05-13,1202705,149694.83,188914,3.0,2.0,1650.0,7500.0,265192.0,89,70,2018,0.0,3.0,2.0,151330.31
7131,2019-05-13,1208162,406097.98,410721,3.0,2.0,1568.0,7125.0,516733.0,89,47,2017,0.0,6.0,3.0,437763.59
7150,2019-05-08,1206804,178494.78,252776,3.0,2.0,1662.0,5559.0,355856.0,21,7,2015,0.0,5.0,2.0,199618.68
7172,2019-05-07,1184894,111540.64,197541,4.0,2.0,1200.0,7500.0,252371.0,29,25,2018,0.0,3.0,1.0,115923.91
7207,2019-05-06,1201336,199758.35,177500,3.0,2.0,1850.0,2959.0,220400.0,61,37,2017,1.0,4.0,2.0,172530.00
7222,2019-05-06,1208536,256175.63,301606,3.0,2.0,1680.0,8400.0,382880.0,61,57,2018,0.0,2.0,1.0,230000.00
7266,2019-05-01,1206386,339536.75,414170,5.0,4.0,2702.0,7442.0,515935.0,33,8,2016,1.0,1.5,2.0,339536.75
7267,2019-05-01,1206592,562832.48,320321,3.0,2.0,1608.0,8625.0,478169.0,33,16,2017,0.0,4.0,1.0,320000.00
7272,2019-04-30,1205334,53149.89,214736,3.0,2.0,1520.0,2090.0,251330.0,41,24,2017,1.0,5.0,5.0,73149.89
7308,2019-04-30,1205723,111441.72,227237,3.0,1.0,1200.0,10125.0,276241.0,41,21,2017,0.0,11.0,2.0,121832.06
7325,2019-04-29,1206016,116667.94,115905,3.0,2.0,1319.0,14500.0,193124.0,65,65,2018,1.0,5.0,1.0,107000.00
7381,2019-04-24,1205528,33949.01,327000,4.0,3.0,2306.0,2275.0,395550.0,27,10,2016,0.0,1.0,2.0,33949.01
7401,2019-04-23,1202741,143740.14,226527,5.0,2.0,1756.0,7875.0,258679.0,19,19,2018,0.0,3.0,2.0,149958.62
7482,2019-04-17,1201331,11931.38,259429,5.0,3.0,2924.0,4000.0,315935.0,27,21,2018,1.0,2.0,1.0,11931.38
7500,2019-04-17,1202773,269215.84,121000,3.0,2.0,1253.0,1515.0,154682.0,27,10,2016,1.0,3.0,1.0,109350.00
7556,2019-04-15,1200153,131684.11,179523,2.0,2.0,1488.0,7612.0,230729.0,75,63,2018,1.0,4.0,1.0,133025.43
7572,2019-04-15,1199199,225008.9,190394,3.0,2.0,1690.0,1495.0,360447.0,75,14,2015,1.0,7.0,5.0,225008.90
7607,2019-04-10,1202410,289037.42,230452,3.0,2.0,1868.0,7950.0,294886.0,33,31,2018,0.0,1.0,1.0,151599.71
7645,2019-04-08,1197984,209032.04,198000,3.0,2.0,1289.0,1119.0,255182.0,86,70,2018,1.0,7.0,1.0,210989.61
7682,2019-04-08,1188158,54711.7,149445,2.0,1.0,832.0,5000.0,196436.0,86,19,2015,0.0,5.0,1.0,56431.28
7722,2019-04-03,1186473,195953.79,236020,3.0,2.0,1126.0,6000.0,341577.0,57,45,2018,0.0,2.0,1.0,185000.00
7734,2019-04-03,1202477,228650.65,155500,3.0,3.0,1428.0,1800.0,187116.0,57,16,2015,1.0,12.0,2.0,134900.00
7749,2019-04-03,1202894,178839.47,274409,0.0,0.0,2880.0,9768.0,235900.0,57,19,2016,0.0,5.0,3.0,202046.55
7755,2019-04-03,1199802,27194.3,196924,2.0,2.0,1704.0,5623.0,241791.0,57,44,2017,1.0,2.0,4.0,3772.86
7821,2019-04-01,1199810,227063.23,176675,4.0,2.0,1072.0,5952.0,234991.0,80,78,2018,1.0,6.0,1.0,65000.00
7824,2019-04-01,1194977,223656.19,162726,2.0,1.0,1024.0,5250.0,184694.0,80,30,2017,0.0,2.0,3.0,86125.00
7841,2019-04-01,1194819,307041.95,239762,3.0,2.0,1784.0,8062.0,299627.0,80,28,2017,0.0,3.0,2.0,229460.00
7846,2019-04-01,1197640,231483.29,200350,3.0,1.0,912.0,10150.0,239616.0,80,64,2018,0.0,5.0,2.0,193500.00
7878,2019-03-27,1197730,141738.62,141141,3.0,1.0,998.0,5500.0,199238.0,45,10,2013,0.0,3.0,3.0,109900.00
7910,2019-03-26,1198928,12899.65,194014,3.0,2.0,1750.0,5358.0,256271.0,22,21,2018,1.0,1.0,1.0,12899.65
7956,2019-03-25,1196753,120301.18,127116,2.0,2.0,1004.0,5160.0,185336.0,63,51,2018,0.0,6.0,1.0,120301.18
7966,2019-03-25,1193559,929759.53,416703,3.0,2.0,2893.0,9825.0,547907.0,63,24,2016,0.0,5.0,2.0,387886.78
7985,2019-03-20,1185301,18276.57,185342,3.0,2.0,1543.0,6305.0,264425.0,11,10,2018,1.0,2.0,1.0,18276.57
7991,2019-03-19,1197767,12099.32,120301,3.0,2.0,1833.0,5700.0,167900.0,28,26,2018,1.0,1.0,1.0,12099.32
8009,2019-03-19,1196125,326312.86,277765,3.0,2.0,1686.0,6900.0,333104.0,28,8,2015,0.0,2.0,5.0,271400.00
8049,2019-03-18,1196451,220912.94,158135,4.0,3.0,1469.0,7800.0,251769.0,78,68,2018,1.0,4.0,1.0,150000.00
8065,2019-03-18,1190440,269562.67,180858,4.0,2.0,1718.0,5300.0,251319.0,78,47,2017,0.0,1.0,1.0,164227.50
8099,2019-03-12,1196746,160962.03,190573,3.0,2.0,1330.0,7875.0,257219.0,22,17,2018,1.0,2.0,1.0,155081.74
8119,2019-03-11,1196473,278775.38,242346,3.0,2.0,1432.0,3405.0,336924.0,87,76,2018,1.0,2.0,2.0,273780.00
8130,2019-03-11,1191354,56210.15,200200,3.0,1.0,970.0,2571.0,240491.0,87,72,2018,1.0,11.0,2.0,57601.61
8133,2019-03-11,1195204,9921.9,204001,3.0,2.0,1829.0,1898.0,292087.0,87,85,2018,1.0,1.0,1.0,9921.90
8171,2019-03-11,1195971,326465.88,221125,4.0,2.0,1914.0,8800.0,291914.0,87,1,2009,0.0,5.0,2.0,156705.21
8210,2019-03-06,1193925,74374.04,178931,2.0,1.0,883.0,7920.0,234618.0,52,35,2018,0.0,6.0,3.0,80788.90
8244,2019-03-06,1196778,115567.07,116000,2.0,1.0,1019.0,3465.0,141517.0,52,21,2017,1.0,3.0,1.0,89955.00
8278,2019-03-04,1195848,119670.0,287018,3.0,2.0,1445.0,4895.0,338427.0,72,45,2017,1.0,4.0,1.0,109764.88
8311,2019-03-04,1192887,249919.7,152064,4.0,4.0,1164.0,8100.0,245735.0,72,5,2011,1.0,2.0,7.0,156800.00
8316,2019-03-04,1194546,802347.14,348017,3.0,3.0,2312.0,2790.0,440633.0,72,53,2017,0.0,5.0,2.0,307000.00
8332,2019-03-04,1195804,208040.96,99001,3.0,2.0,1263.0,904.0,126443.0,72,56,2017,1.0,2.5,1.0,87000.00
8352,2019-02-27,1193885,79608.37,207775,2.0,1.0,1052.0,6000.0,346505.0,41,2,2014,0.0,5.0,3.0,100382.88
8409,2019-02-26,1194339,38236.0,158000,2.0,2.0,936.0,1856.0,198493.0,47,43,2018,0.0,1.0,2.0,11000.00
8426,2019-02-25,1193205,94319.58,282404,4.0,2.0,2365.0,9675.0,258100.0,65,2,2010,0.0,3.0,10.0,129890.52
8497,2019-02-20,1194374,123225.84,135000,4.0,2.0,1231.0,2134.0,181433.0,54,35,2017,1.0,16.0,1.0,123973.80
8524,2019-02-19,1180342,357562.87,444465,4.0,4.0,3431.0,6300.0,509474.0,82,6,2011,0.0,7.0,1.0,371301.27
8610,2019-02-13,1193369,221518.66,238753,3.0,2.0,1982.0,7600.0,359500.0,20,20,2018,0.0,3.0,1.0,221518.66
8626,2019-02-12,1191543,10206.64,292900,3.0,2.0,2007.0,3380.0,368086.0,21,2,2015,1.0,1.0,2.0,14976.38
8627,2019-02-12,1192646,508141.1,263352,5.0,3.0,1990.0,7650.0,406210.0,21,13,2017,1.0,3.0,1.0,264346.60
8633,2019-02-12,1184541,67467.75,157103,3.0,1.0,1120.0,6300.0,235539.0,21,3,2016,0.0,4.0,1.0,64114.42
8636,2019-02-12,1193368,80531.61,176350,2.0,1.0,1370.0,9450.0,227631.0,21,18,2018,0.0,3.0,1.0,81405.43
8641,2019-02-11,1191546,311137.43,221930,2.0,1.0,1640.0,7000.0,285265.0,58,2,2009,0.0,3.0,10.0,111700.00
8689,2019-02-11,1191255,67556.56,180149,3.0,2.0,1554.0,4034.0,222990.0,58,52,2018,1.0,2.0,3.0,69271.70
8724,2019-02-04,1190337,321039.06,134128,6.0,4.0,2131.0,5200.0,217300.0,65,46,2018,0.0,6.0,2.0,121000.00
8843,2019-01-28,1182072,28064.35,177000,4.0,3.0,1965.0,1565.0,168200.0,75,70,2018,1.0,2.0,1.0,28064.35
8862,2019-01-28,1188046,123945.05,261135,4.0,2.0,2894.0,8025.0,287260.0,75,61,2018,1.0,6.0,2.0,130445.05
8865,2019-01-28,1188958,210123.27,164414,3.0,1.0,1032.0,7452.0,197278.0,75,41,2017,0.0,1.0,4.0,137000.00
8868,2019-01-28,1188102,87924.63,342848,4.0,2.0,2124.0,7504.0,390834.0,75,5,2013,0.0,2.0,2.0,87924.63
8876,2019-01-28,1177155,582696.66,277955,8.0,4.0,2726.0,5000.0,347701.0,75,50,2017,1.0,8.0,1.0,280727.03
8918,2019-01-23,1185105,395012.18,291462,4.0,2.0,1974.0,21565.0,385740.0,49,28,2017,1.0,5.0,1.0,319390.00
8926,2019-01-23,1189227,45834.89,107417,3.0,2.0,1222.0,7584.0,259589.0,49,19,2016,0.0,4.0,7.0,52008.17
8963,2019-01-22,1185987,291976.42,207616,3.0,1.0,1354.0,7650.0,276664.0,126,87,2017,0.0,4.0,3.0,217800.00
8978,2019-01-22,1184879,88199.8,174834,3.0,1.0,1435.0,5250.0,224840.0,126,28,2015,0.0,5.0,3.0,92371.32
9003,2019-01-22,1179776,363280.69,358959,2.0,2.0,1410.0,7755.0,567011.0,126,47,2016,0.0,2.0,9.0,310500.00
9020,2019-01-22,1182580,157405.03,112917,3.0,2.0,1823.0,8000.0,274751.0,126,10,2012,0.0,8.5,2.0,157405.03
9047,2019-01-22,1189155,568288.03,593154,3.0,2.0,2169.0,12800.0,714224.0,126,1,2008,0.0,3.0,1.0,493000.00
9082,2019-01-16,1175350,222458.52,385746,5.0,2.0,3183.0,8925.0,444041.0,54,26,2017,0.0,3.0,2.0,222458.52
9102,2019-01-15,1182593,373172.74,327879,3.0,2.0,2813.0,10950.0,317318.0,41,6,2012,1.0,36.0,2.0,199700.00
9149,2019-01-14,1186469,36035.79,261662,3.0,2.0,1388.0,3566.0,334390.0,108,75,2017,1.0,9.0,1.0,36560.45
9162,2019-01-14,1188824,14455.0,115514,4.0,2.0,1928.0,7612.0,168200.0,108,108,2018,1.0,2.0,4.0,14455.00
9224,2019-01-14,1183868,367807.03,201250,3.0,2.0,1705.0,1873.0,245635.0,108,59,2016,1.0,7.0,2.0,180375.00
9259,2019-01-09,1186281,276442.01,243443,3.0,2.0,1619.0,7500.0,325846.0,68,56,2017,1.0,3.0,3.0,207128.52
9271,2019-01-09,1187912,95219.63,144155,3.0,2.0,1926.0,2047.0,225780.0,68,67,2018,1.0,6.0,1.0,96133.92
9302,2019-01-08,1180514,188055.12,231964,3.0,2.0,1547.0,7500.0,299345.0,155,129,2017,1.0,2.0,4.0,204164.82
9390,2019-01-08,1182789,174521.42,155774,3.0,2.0,1168.0,5000.0,188834.0,155,140,2018,0.0,5.0,1.0,95000.00
9393,2019-01-08,1181811,303233.78,205547,3.0,2.0,1269.0,9350.0,240688.0,155,143,2018,0.0,2.0,1.0,113900.00
9466,2019-01-07,1183585,27194.3,196924,2.0,2.0,1704.0,5623.0,236389.0,203,154,2017,1.0,2.0,4.0,3772.86
9472,2019-01-07,1183692,671073.34,255176,3.0,2.0,1476.0,5838.0,365043.0,203,10,2011,1.0,3.0,5.0,239385.00
9526,2019-01-07,1183861,281674.3,138957,3.0,1.0,1000.0,6900.0,187657.0,203,155,2017,0.0,6.0,2.0,168750.00
9549,2019-01-07,1173124,248183.31,272062,4.0,2.0,2145.0,17080.0,340261.0,203,39,2015,0.0,4.0,1.0,253502.06
9567,2019-01-07,1185306,43427.44,147000,3.0,2.0,1140.0,4200.0,167937.0,203,186,2018,1.0,2.0,1.0,100.00
9656,2018-12-12,1183596,158295.77,135000,4.0,2.0,1231.0,5093.0,182588.0,47,18,2016,1.0,4.0,1.0,54000.00
9675,2018-12-12,1177623,302492.5,124000,3.0,2.0,1253.0,1572.0,143413.0,47,32,2017,1.0,4.0,1.0,119000.00
9694,2018-12-10,1181067,606140.13,379111,5.0,4.0,2612.0,13716.0,467588.0,84,67,2018,0.0,2.0,1.0,350200.00
9710,2018-12-10,1182671,784864.76,677128,4.0,3.0,3827.0,15000.0,989350.0,84,14,2014,1.0,6.0,1.0,790888.64
9712,2018-12-10,1181068,397745.93,244318,2.0,2.0,1660.0,5350.0,332370.0,84,79,2018,0.0,4.0,1.0,229500.00
9730,2018-12-10,1183152,560311.13,245533,3.0,2.0,1940.0,6250.0,299702.0,84,11,2014,0.0,2.0,1.0,218700.00
9738,2018-12-10,1183054,434979.62,221902,3.0,2.0,1350.0,6900.0,281920.0,84,19,2015,0.0,4.0,1.0,194000.00
9769,2018-12-10,1182203,107852.85,98609,2.0,2.0,1158.0,3233.0,261685.0,84,81,2018,1.0,4.0,2.0,109602.85
9785,2018-12-05,1179945,188290.99,248264,3.0,2.0,1629.0,7500.0,289285.0,52,30,2017,1.0,3.0,1.0,190153.86
9786,2018-12-05,1180044,350637.64,278760,3.0,2.0,1118.0,12104.0,262695.0,52,38,2017,1.0,5.0,1.0,144000.00
9808,2018-12-05,1181801,163736.55,331741,3.0,2.0,2036.0,10671.0,364242.0,52,14,2014,0.0,2.0,9.0,202116.25
9813,2018-12-05,1180102,104723.71,198995,2.0,1.0,978.0,5067.0,248610.0,52,9,2012,0.0,3.0,5.0,117711.03
9941,2018-12-03,1175554,247364.23,240431,3.0,2.0,1605.0,7300.0,291053.0,138,75,2017,0.0,4.0,4.0,214650.00
9945,2018-12-03,1179320,329299.45,469137,4.0,4.0,3053.0,6391.0,603610.0,138,68,2017,1.0,3.0,3.0,353008.69
9957,2018-12-03,1180050,214653.9,195998,3.0,2.0,1168.0,7500.0,251622.0,138,39,2016,0.0,8.0,1.0,145000.00
9985,2018-11-28,1162624,83128.86,253647,3.0,2.0,1782.0,9541.0,275738.0,16,5,2015,1.0,2.0,1.0,85402.02
10005,2018-11-26,1170540,547164.42,272446,3.0,2.0,1541.0,3603.0,337007.0,93,43,2016,0.0,5.0,4.0,257770.00
10037,2018-11-26,1165503,635687.32,357502,4.0,3.0,2099.0,9750.0,443278.0,93,18,2013,0.0,5.0,10.0,348300.00
10066,2018-11-26,1181234,233561.5,126096,3.0,1.0,1110.0,5160.0,185907.0,93,76,2017,0.0,3.0,1.0,86000.00
10080,2018-11-26,1179019,166457.6,670480,4.0,3.0,4242.0,27442.8,555183.0,93,25,2015,1.0,5.0,3.0,88745.08
10164,2018-11-19,1160021,597897.54,355368,3.0,2.0,2304.0,8268.0,453442.0,69,28,2016,1.0,4.0,1.0,292721.70
10196,2018-11-19,1164831,224706.31,285490,2.0,1.0,821.0,11336.0,355948.0,69,22,2015,0.0,7.0,1.0,229137.58
10211,2018-11-14,1169432,29789.31,128115,2.0,1.0,855.0,5500.0,151733.0,29,4,2015,0.0,6.0,2.0,32731.63
10232,2018-11-14,1169176,281754.86,233541,2.0,1.0,1520.0,5500.0,299221.0,29,5,2015,0.0,8.0,4.0,192300.00
10233,2018-11-14,1169750,274286.35,226264,3.0,2.0,1197.0,10447.5,263135.0,29,20,2017,1.0,4.0,1.0,139870.55
10303,2018-11-13,1178442,407470.52,281584,3.0,2.0,1218.0,13150.0,350668.0,113,88,2017,1.0,9.0,1.0,235450.00
10317,2018-11-13,1177621,257543.06,446159,3.0,2.0,1479.0,20687.0,561662.0,113,97,2018,0.0,1.0,1.0,259648.69
10322,2018-11-13,1173372,734565.95,388397,4.0,2.0,2580.0,8838.04,504172.0,113,39,2015,1.0,8.0,2.0,348822.00
10485,2018-10-31,1165215,594780.22,418409,4.0,3.0,2401.0,6250.0,292400.0,44,25,2017,1.0,3.0,2.0,410704.69
10486,2018-10-31,1174568,344795.51,369636,3.0,2.0,2036.0,7500.0,496401.0,44,44,2018,0.0,5.0,1.0,347860.51
10493,2018-10-31,1176740,229866.23,226291,3.0,2.0,1660.0,8300.0,431615.0,44,34,2017,0.0,5.0,1.0,231604.83
10574,2018-10-29,1157046,265879.66,268787,3.0,2.0,1815.0,5500.0,352025.0,84,17,2015,0.0,3.0,1.0,259493.00
10619,2018-10-29,1165501,293686.39,288656,4.0,2.0,2557.0,5001.0,342605.0,84,26,2016,1.0,6.0,3.0,251100.00
10631,2018-10-24,1174002,107002.38,213409,4.0,2.0,1542.0,6000.0,255064.0,31,25,2016,1.0,3.0,1.0,108002.38
10644,2018-10-24,1171779,1456177.7,218888,1.0,1.0,694.0,1.0,261800.0,31,7,2013,1.0,7.0,1.0,179452.00
10654,2018-10-24,1170969,369709.73,144129,3.0,1.0,1265.0,8550.0,226317.0,31,18,2016,1.0,2.0,9.0,124236.00
10689,2018-10-22,1174938,189302.86,247189,4.0,4.0,1846.0,7809.0,325505.0,80,80,2018,0.0,2.0,1.0,190662.42
10712,2018-10-22,1172662,282580.74,242000,4.0,2.0,1876.0,2163.0,298992.0,80,17,2015,1.0,2.0,4.0,244620.00
10770,2018-10-17,1171819,488038.7,238679,4.0,2.0,1710.0,7735.0,281208.0,70,34,2016,0.0,2.0,1.0,210600.00
10795,2018-10-17,1174389,88997.73,141211,2.0,1.0,820.0,8100.0,143897.0,70,46,2017,0.0,1.0,1.0,89580.23
10830,2018-10-16,1172680,9580.43,299979,4.0,2.0,2587.0,5000.0,381025.0,79,70,2018,1.0,1.0,1.0,9580.43
10855,2018-10-16,1172475,40934.43,503521,6.0,5.0,5050.0,9350.0,602500.0,79,13,2012,1.0,2.0,2.0,41617.11
10865,2018-10-16,1172678,243879.98,228370,3.0,2.0,1766.0,5892.0,291299.0,79,32,2016,1.0,4.0,2.0,226800.00
10960,2018-10-15,1171100,120468.56,174944,3.0,2.0,750.0,7150.0,184633.0,97,88,2018,0.0,2.0,1.0,121668.56
10982,2018-10-15,1170966,425148.84,619359,3.0,2.0,2252.0,10650.0,881527.0,97,97,2018,0.0,4.0,1.0,428904.34
11043,2018-10-10,1168636,176786.59,165424,3.0,2.0,1152.0,3750.0,180847.0,70,67,2018,0.0,4.0,1.0,172000.00
11061,2018-10-09,1171915,222245.76,230171,4.0,3.0,1908.0,8100.0,289545.0,70,19,2015,0.0,6.0,2.0,55250.00
11075,2018-10-09,1172977,79761.89,169105,3.0,1.0,1062.0,7500.0,212834.0,70,26,2016,0.0,4.0,1.0,80590.59
11112,2018-10-09,1163905,277528.35,207148,3.0,1.0,1104.0,7612.0,244216.0,70,45,2017,0.0,3.0,1.0,175226.11
11115,2018-10-03,1169131,320624.06,186398,3.0,2.0,1360.0,5500.0,214602.0,76,4,2009,0.0,4.0,1.0,100000.00
11127,2018-10-03,1169710,252723.54,231510,3.0,2.0,1656.0,7400.0,262102.0,76,52,2017,1.0,5.0,1.0,154000.00
11158,2018-10-03,1169828,170082.57,181426,2.0,1.0,1164.0,5400.0,232294.0,76,21,2015,0.0,3.0,1.0,155237.63
11169,2018-10-03,1168922,274052.51,217000,2.0,2.0,1416.0,1393.0,279485.0,76,34,2016,1.0,8.0,1.0,222750.00
11190,2018-10-02,1171110,298296.2,224289,3.0,2.0,2179.0,8925.0,333016.0,72,13,2013,0.0,2.0,4.0,210000.00
11227,2018-10-02,1169070,1682296.97,1431237,4.0,4.0,3226.0,9325.0,2646827.0,72,65,2017,0.0,2.0,2.0,1561000.00
11262,2018-10-01,1166215,491865.2,273124,3.0,2.0,1526.0,4500.0,342988.0,64,5,2013,0.0,1.0,3.0,221760.00
11267,2018-10-01,1168414,443152.2,219724,2.0,1.0,602.0,5400.0,308239.0,64,22,2016,0.0,1.0,1.0,198000.00
11328,2018-09-26,1168434,310293.46,129675,3.0,2.0,1038.0,4014.0,153522.0,113,53,2016,1.0,2.0,1.0,115830.00
11343,2018-09-26,1165519,226191.24,467687,2.0,1.0,1239.0,6600.0,535890.0,113,96,2017,0.0,1.0,2.0,226191.24
11363,2018-09-26,1165492,237777.47,160946,2.0,1.0,986.0,10500.0,243363.0,113,44,2016,1.0,3.0,4.0,140441.71
11382,2018-09-26,1166235,275230.01,266085,4.0,3.0,2067.0,7875.0,334882.0,113,22,2014,0.0,6.0,5.0,222750.00
11394,2018-09-26,1170953,17997.74,257000,3.0,2.0,1535.0,3200.0,334562.0,113,113,2018,1.0,3.0,1.0,7531.75
11402,2018-09-26,1166564,500297.39,384627,5.0,3.0,2680.0,6000.0,494269.0,113,4,2009,0.0,6.0,2.0,359800.00
11409,2018-09-25,1166143,606425.67,405089,3.0,3.0,2586.0,8757.0,480925.0,34,8,2013,1.0,8.0,4.0,360000.00
11449,2018-09-24,1159754,343452.41,518190,2.0,2.0,1632.0,5600.0,635112.0,51,16,2014,0.0,2.0,2.0,421452.41
11458,2018-09-24,1156797,214037.89,122529,4.0,2.0,2094.0,5000.0,286668.0,51,34,2017,1.0,8.0,1.0,218336.64
11461,2018-09-24,1164869,784341.95,645049,4.0,4.0,3120.0,5600.0,1488862.0,51,1,2008,0.0,3.0,3.0,595701.18
11498,2018-09-18,1169749,93855.82,156279,3.0,1.0,1301.0,7000.0,227336.0,78,55,2017,1.0,1.0,1.0,87435.90
11507,2018-09-18,1163873,592718.29,369775,3.0,2.0,2066.0,5212.0,391543.0,78,13,2014,0.0,2.0,2.0,309760.00
11517,2018-09-18,1163360,265571.8,166268,3.0,1.0,1056.0,7500.0,238554.0,78,29,2016,0.0,5.0,5.0,158862.46
11530,2018-09-18,1169737,350444.15,295623,3.0,2.0,1782.0,6000.0,372992.0,78,59,2017,0.0,7.0,1.0,292410.00
11535,2018-09-18,1165546,623389.72,420701,4.0,3.0,2663.0,6954.0,483840.0,78,33,2016,1.0,3.0,2.0,389381.34
11589,2018-09-17,1166369,246458.04,170409,3.0,1.0,1050.0,5050.0,192558.0,58,30,2016,0.0,1.0,5.0,93500.00
11599,2018-09-17,1163123,292649.19,195200,3.0,2.0,1754.0,2543.0,246338.0,58,56,2017,1.0,3.0,2.0,179800.00
11646,2018-09-12,1165525,468248.09,191905,4.0,2.0,1820.0,5095.0,295300.0,70,66,2018,1.0,3.0,1.0,249200.00
11660,2018-09-12,1162905,440127.15,300246,3.0,2.0,2117.0,8250.0,318972.0,70,51,2017,0.0,10.0,1.0,95000.00
11667,2018-09-12,1162134,155134.96,191665,3.0,2.0,1294.0,9030.0,250432.0,70,38,2016,0.0,9.0,4.0,165406.01
11687,2018-09-11,1165000,298625.43,284680,3.0,1.0,1758.0,7725.0,291570.0,91,22,2015,0.0,4.0,2.0,251160.00
11709,2018-09-11,1165041,628880.62,1082765,2.0,2.0,2055.0,13900.0,785599.0,91,5,2010,0.0,2.0,11.0,585453.13
11728,2018-09-11,1165066,212180.38,193001,3.0,2.0,1462.0,1691.0,239488.0,91,30,2015,1.0,3.0,2.0,187000.00
11735,2018-09-11,1163748,189574.24,232627,3.0,2.0,1444.0,9998.0,268909.0,91,44,2016,1.0,2.0,1.0,95696.64
11769,2018-09-05,1161796,179805.34,277467,3.0,2.0,1399.0,7500.0,364613.0,52,27,2016,0.0,3.0,7.0,192962.88
11781,2018-09-05,1165547,536020.91,239356,0.0,0.0,1599.0,12742.0,289100.0,52,11,2014,0.0,17.0,3.0,536020.91
11820,2018-09-04,1166139,203993.33,257961,3.0,1.0,1076.0,9150.0,329844.0,35,8,2015,0.0,10.0,1.0,196436.13
11825,2018-09-04,1158519,571056.12,247208,3.0,2.0,1420.0,4500.0,310815.0,35,32,2017,1.0,1.0,1.0,222840.17
11852,2018-08-29,1164392,450301.21,218733,2.0,1.0,950.0,5000.0,219000.0,46,40,2017,0.0,6.0,1.0,250000.00
11856,2018-08-29,1165723,75413.12,79706,2.0,2.0,1170.0,3830.0,112796.0,46,22,2016,1.0,6.0,1.0,72090.00
11860,2018-08-29,1161894,123613.71,273533,3.0,2.0,1056.0,8666.0,287029.0,46,36,2017,0.0,3.0,1.0,125238.39
11861,2018-08-29,1162887,343391.09,191400,3.0,2.0,1567.0,2420.0,245858.0,46,20,2016,1.0,11.0,2.0,171764.99
11907,2018-08-28,1164228,241753.98,150927,3.0,1.0,1032.0,6351.0,192835.0,92,22,2015,0.0,4.0,4.0,128790.00
11912,2018-08-28,1163889,313307.07,198679,3.0,2.0,1221.0,6985.0,252233.0,92,73,2017,1.0,9.0,1.0,190000.00
11922,2018-08-28,1164390,366194.31,226234,4.0,2.0,1160.0,9240.0,276341.0,92,76,2017,1.0,3.0,1.0,130000.00
11928,2018-08-28,1165696,262275.98,185628,4.0,4.0,1620.0,6810.0,279942.0,92,40,2016,0.0,3.0,1.0,212500.00
11959,2018-08-28,1163326,740850.25,435566,4.0,3.0,2300.0,9525.0,548174.0,92,16,2013,1.0,29.0,5.0,389847.76
11965,2018-08-28,1164393,166499.19,256374,4.0,2.0,2525.0,14256.0,230500.0,92,39,2016,0.0,6.0,1.0,164561.73
11972,2018-08-27,1162202,87944.31,147169,2.0,1.0,768.0,9713.0,173456.0,80,63,2017,0.0,1.0,5.0,87944.31
12010,2018-08-27,1160603,48196.76,130286,3.0,2.0,1044.0,8775.0,224300.0,80,73,2017,0.0,3.0,1.0,48856.36
12028,2018-08-27,1149578,60597.84,217375,4.0,3.0,1485.0,5400.0,255988.0,80,26,2015,0.0,3.0,1.0,61841.00
12048,2018-08-22,1164128,244231.3,183363,3.0,2.0,1196.0,10575.0,226899.0,52,37,2017,1.0,9.0,2.0,148665.00
12089,2018-08-21,1163373,199203.0,99001,3.0,2.0,1263.0,916.0,139839.0,59,22,2015,1.0,4.0,1.0,65000.00
12100,2018-08-21,1161907,65062.6,234534,3.0,2.0,1402.0,3303.0,321030.0,59,21,2015,1.0,14.0,4.0,80791.29
12113,2018-08-21,1161789,418969.0,337871,4.0,2.0,1758.0,5900.0,441274.0,59,11,2012,0.0,7.0,3.0,402300.00
12133,2018-08-21,1163875,9019.61,207001,4.0,3.0,1832.0,1896.0,287963.0,59,43,2017,1.0,1.0,3.0,9019.61
12176,2018-08-20,1161098,423439.2,320204,6.0,4.0,2400.0,11502.0,342975.0,67,63,2017,1.0,8.0,1.0,242709.84
12191,2018-08-20,1163523,109690.42,192602,2.0,1.0,1345.0,11672.5,220868.0,67,38,2016,1.0,12.0,5.0,114807.24
12215,2018-08-15,1158895,205580.44,193000,3.0,2.0,1706.0,1896.0,239423.0,30,18,2016,1.0,3.0,1.0,186300.00
12242,2018-08-14,1162597,286449.03,337963,3.0,2.0,1719.0,8000.0,435512.0,33,8,2013,1.0,9.0,2.0,290442.33
12301,2018-08-13,1158642,308808.4,703693,5.0,3.0,3187.0,15393.84,866056.0,68,38,2016,1.0,9.0,3.0,318642.54
12340,2018-08-08,1161650,602991.1,278447,5.0,2.0,2634.0,7500.0,303115.0,41,23,2016,1.0,5.0,6.0,145000.00
12358,2018-08-08,1161384,438782.26,248512,4.0,2.0,1621.0,9588.0,282337.0,41,21,2016,0.0,2.0,3.0,187000.00
12416,2018-08-07,1162948,299501.84,283965,3.0,2.0,1524.0,9135.0,336529.0,61,27,2016,1.0,8.0,1.0,234900.00
12524,2018-07-31,1161656,565356.17,267707,3.0,1.0,1134.0,11040.0,346046.0,44,41,2017,0.0,3.0,1.0,191250.00
12559,2018-07-30,1141651,182339.67,200750,2.0,1.0,1080.0,2730.0,258893.0,44,10,2013,1.0,3.0,1.0,170766.38
12629,2018-07-26,1159501,318258.4,270341,3.0,2.0,2393.0,6096.0,497500.0,50,1,2008,1.0,4.0,2.0,297500.00
12678,2018-07-25,1158804,109848.95,252734,3.0,2.0,1435.0,11141.0,260076.0,51,3,2009,1.0,7.0,3.0,115623.50
12687,2018-07-25,1159319,319566.69,303414,4.0,2.0,2350.0,6534.0,326898.0,51,13,2016,0.0,1.0,1.0,254340.00
12726,2018-07-24,1155465,255823.57,279489,3.0,2.0,1830.0,8400.0,340902.0,87,29,2017,0.0,3.0,2.0,253500.00
12727,2018-07-24,1155118,650255.11,378227,3.0,3.0,2551.0,7568.0,471628.0,87,8,2015,0.0,6.0,3.0,339375.00
12729,2018-07-24,1160530,123600.66,240591,3.0,2.0,3034.0,10725.0,325756.0,87,2,2012,0.0,2.0,4.0,190539.81
12737,2018-07-24,1159431,255004.82,340862,3.0,2.0,1476.0,5000.0,512277.0,87,5,2014,0.0,10.0,9.0,287550.00
12828,2018-07-19,1158814,177744.77,235331,3.0,2.0,1170.0,8442.0,281076.0,64,20,2017,0.0,3.0,3.0,181641.89
12896,2018-07-17,1158194,172759.07,270526,2.0,1.0,1395.0,6900.0,297534.0,24,5,2013,0.0,2.0,6.0,207296.21
12944,2018-07-16,1157576,359035.88,157250,3.0,1.0,1355.0,9975.0,284155.0,60,6,2012,0.0,2.0,1.0,147817.50
12977,2018-07-13,1159047,546784.95,275540,6.0,3.0,3199.0,6565.0,453740.0,42,23,2016,0.0,2.0,2.0,349301.00
13014,2018-07-12,1155943,556029.38,421951,5.0,4.0,3137.0,6162.0,495192.0,85,10,2012,1.0,11.0,8.0,310120.50
13031,2018-07-12,1156838,1011806.56,299035,4.0,2.0,1688.0,11250.0,447781.0,85,16,2016,0.0,4.0,1.0,221250.00
13057,2018-07-11,1158985,181821.54,173467,3.0,2.0,1385.0,7875.0,261677.0,35,20,2016,0.0,5.0,1.0,171154.27
13082,2018-07-09,1156787,262836.13,254255,3.0,2.0,1418.0,21904.0,252818.0,45,28,2016,0.0,3.0,3.0,150000.00
13158,2018-07-06,1156531,245514.61,254151,4.0,2.0,1475.0,3402.0,327167.0,62,45,2017,0.0,11.0,3.0,230900.00
13208,2018-07-03,1146524,263376.0,117403,3.0,2.0,1515.0,4080.0,273794.0,39,32,2016,1.0,9.0,3.0,219370.50
13224,2018-07-03,1155972,162030.17,215318,3.0,1.0,1528.0,6900.0,259020.0,39,23,2016,0.0,5.0,2.0,170512.91
13237,2018-07-02,1145887,421745.28,280291,3.0,2.0,1698.0,4500.0,357381.0,32,17,2015,1.0,4.0,3.0,275000.00
13239,2018-07-02,1146779,413128.72,248875,3.0,2.0,1511.0,1516.0,316600.0,32,27,2017,1.0,5.0,1.0,265200.00
13286,2018-06-28,1141575,342655.23,235090,3.0,2.0,1465.0,8775.0,287056.0,11,3,2015,1.0,7.0,1.0,234500.00
13296,2018-06-27,1141791,639174.35,229983,4.0,2.0,2326.0,5845.0,282702.0,54,14,2014,1.0,4.0,1.0,220450.62
13303,2018-06-27,1155301,39795.26,185078,2.0,1.0,1209.0,5040.0,205877.0,54,9,2013,0.0,18.0,1.0,40433.43
13305,2018-06-27,1153842,100960.72,215000,3.0,2.0,1276.0,2065.0,260174.0,54,15,2015,1.0,4.0,2.0,100960.72
13306,2018-06-27,1154170,439180.17,461944,2.0,2.0,1495.0,5650.0,492500.0,54,8,2013,0.0,5.0,3.0,461665.60
13334,2018-06-25,1154171,164617.6,177788,4.0,2.0,2261.0,7314.0,344710.0,53,49,2017,0.0,3.0,3.0,143644.34
13392,2018-06-20,1152962,482712.52,316382,4.0,3.0,2032.0,5071.0,388008.0,47,8,2012,1.0,6.0,4.0,275625.00
13397,2018-06-20,1149577,270965.91,306316,4.0,2.0,2060.0,4840.0,351172.0,47,3,2009,1.0,4.0,1.0,274896.01
13552,2018-06-13,1151836,365594.23,226295,3.0,3.0,1425.0,3142.0,281507.0,34,7,2015,1.0,7.0,1.0,217200.00
13605,2018-06-12,1152176,276217.5,281736,4.0,2.0,2196.0,58588.2,425605.0,50,12,2015,0.0,5.0,4.0,304889.26
13638,2018-06-11,1147680,205782.87,290695,5.0,3.0,2817.0,17193.38,377429.0,39,27,2016,0.0,4.0,2.0,215690.07
13666,2018-06-08,1147174,251116.09,296291,3.0,1.0,1730.0,7800.0,379985.0,26,20,2016,0.0,1.0,2.0,252525.51
13689,2018-06-06,1151349,199340.89,411842,3.0,2.0,1434.0,8965.4,466800.0,22,22,2017,1.0,2.0,1.0,207318.97
13720,2018-06-05,1151568,122953.36,186637,2.0,1.0,908.0,6480.0,212607.0,30,16,2015,0.0,6.0,2.0,131602.61
13731,2018-06-05,1142680,300979.31,316409,4.0,3.0,2433.0,3822.0,320200.0,30,28,2017,0.0,1.0,1.0,305910.95
13803,2018-06-01,1150472,141822.05,152499,3.0,2.0,1099.0,6848.0,193300.0,67,9,2013,1.0,5.0,2.0,85600.00
13821,2018-06-01,1150126,307737.5,184460,4.0,3.0,1673.0,6027.0,300166.0,67,6,2011,0.0,9.0,2.0,198370.00
13838,2018-06-01,1150182,185988.71,149107,3.0,2.0,1338.0,15000.0,176075.0,67,57,2017,0.0,2.0,1.0,95000.00
13894,2018-05-30,1149543,118858.51,256773,4.0,2.0,1391.0,8250.0,265034.0,47,34,2016,1.0,3.0,1.0,113966.60
13898,2018-05-30,1149126,280220.02,155456,2.0,1.0,720.0,8740.0,164716.0,47,35,2016,1.0,3.0,1.0,106981.00
13936,2018-05-29,1139976,220156.97,193680,3.0,1.0,1228.0,9000.0,228317.0,63,23,2015,0.0,5.0,8.0,155000.00
13944,2018-05-29,1144818,256510.17,317371,4.0,2.0,2600.0,8403.0,379646.0,63,33,2016,1.0,4.0,3.0,274675.48
13971,2018-05-29,1140914,448902.44,315599,3.0,2.0,1100.0,7100.0,349988.0,63,20,2015,0.0,4.0,1.0,288100.00
14028,2018-05-24,1148630,321068.08,239230,3.0,2.0,1621.0,6100.0,364984.0,30,25,2017,1.0,3.0,1.0,295800.00
14032,2018-05-24,1148702,691985.93,542453,4.0,3.0,4036.0,20155.0,789431.0,30,29,2017,0.0,1.0,2.0,595000.00
14045,2018-05-23,1147369,148233.11,421240,5.0,4.0,2700.0,5750.0,408400.0,62,21,2015,0.0,2.0,4.0,148233.11
14124,2018-05-21,1148436,1382797.59,2001000,4.0,4.0,2053.0,5000.0,796000.0,57,40,2016,0.0,19.0,3.0,1125000.00
14152,2018-05-21,1143878,244295.03,262449,4.0,2.0,1504.0,6900.0,296634.0,57,53,2017,0.0,27.0,2.0,244300.00
14180,2018-05-18,1146776,450864.7,321482,3.0,2.0,1734.0,6426.0,420704.0,40,3,2010,1.0,4.0,6.0,276214.59
14197,2018-05-18,1140257,406587.01,330194,3.0,1.0,1627.0,7714.0,355778.0,40,14,2014,1.0,10.0,1.0,214720.00
14205,2018-05-17,1138911,338496.74,290051,3.0,2.0,1625.0,8968.0,317325.0,76,8,2014,0.0,6.0,3.0,236898.94
14214,2018-05-17,1148444,474949.49,104320,3.0,2.0,1273.0,7225.0,303879.0,76,10,2015,1.0,3.0,1.0,227800.00
14220,2018-05-16,1147651,243033.7,250861,5.0,2.0,1529.0,5350.0,305779.0,47,37,2016,0.0,3.0,5.0,218700.00
14227,2018-05-16,1146521,345416.83,303549,3.0,2.0,1518.0,10932.0,361999.0,47,8,2014,1.0,4.0,4.0,277543.80
14288,2018-05-14,1142630,284244.13,313629,5.0,2.0,1940.0,5600.0,444004.0,61,42,2016,0.0,4.0,3.0,300578.08
14307,2018-05-14,1145551,112898.66,157384,4.0,2.0,1475.0,5000.0,159927.0,61,30,2015,1.0,4.5,1.0,114216.61
14314,2018-05-14,1143204,135234.65,230382,3.0,2.0,2171.0,10800.0,264012.0,61,15,2014,0.0,5.0,2.0,143975.51
14367,2018-05-11,1146130,215164.5,206138,3.0,2.0,1245.0,8475.0,239649.0,62,35,2016,0.0,2.0,3.0,165600.00
14391,2018-05-11,1146099,359686.23,210789,3.0,1.0,1056.0,5850.0,270775.0,62,2,2009,0.0,6.0,1.0,166010.81
14443,2018-05-07,1141818,258538.69,235773,4.0,1.0,1357.0,7500.0,255887.0,18,16,2017,0.0,4.0,2.0,169150.00
14525,2018-05-02,1144436,50664.68,143771,2.0,1.0,1036.0,7950.0,186327.0,49,27,2015,0.0,6.0,1.0,53122.83
14539,2018-05-01,1144810,230886.68,224708,3.0,2.0,1417.0,5000.0,288666.0,28,10,2013,1.0,5.0,1.0,205200.00
14577,2018-04-30,1143936,479188.37,241217,6.0,3.0,1827.0,5250.0,284600.0,48,33,2016,1.0,2.0,1.0,273300.00
14582,2018-04-30,1140448,421089.81,219945,3.0,2.0,1988.0,2337.0,279658.0,48,29,2016,1.0,5.0,2.0,208120.00
14593,2018-04-30,1143188,292282.98,160386,3.0,1.0,1104.0,7500.0,200133.0,48,31,2016,1.0,5.0,2.0,129464.28
14694,2018-04-24,1142735,140674.76,214750,4.0,2.0,1288.0,8622.0,221731.0,46,20,2015,1.0,8.0,2.0,143622.96
14724,2018-04-23,1139649,555543.75,289507,2.0,1.0,1342.0,6750.0,352392.0,59,1,2008,0.0,2.0,2.0,272000.00
14735,2018-04-23,1139822,472233.18,587721,4.0,3.0,3385.0,21780.0,487203.0,59,2,2009,0.0,4.0,6.0,428608.02
14737,2018-04-23,1142591,9389.33,205000,2.0,2.0,1592.0,1190.0,258754.0,59,59,2017,1.0,1.0,1.0,9389.33
14794,2018-04-19,1134035,262653.77,388814,3.0,2.0,1891.0,16125.0,477105.0,61,2,2012,0.0,8.0,8.0,294800.00
14810,2018-04-18,1141456,162807.74,173239,4.0,1.0,1636.0,8100.0,219733.0,25,7,2015,0.0,3.0,3.0,148000.00
14847,2018-04-17,1141158,150555.1,145152,2.0,1.0,720.0,6550.0,168285.0,50,21,2015,0.0,3.0,5.0,125000.00
14850,2018-04-17,1142106,381163.19,243103,4.0,2.0,1814.0,7500.0,354881.0,50,14,2013,1.0,3.0,3.0,274700.00
14861,2018-04-16,1138435,440759.76,238692,4.0,3.0,1921.0,7585.0,279626.0,64,11,2014,1.0,5.0,3.0,226600.00
14862,2018-04-16,1133166,130574.48,203682,3.0,2.0,1442.0,8676.0,256788.0,64,31,2016,0.0,4.0,7.0,138926.56
14869,2018-04-16,1138247,237425.81,362052,4.0,3.0,1872.0,11595.0,388521.0,64,1,2009,0.0,34.0,3.0,295648.91
14874,2018-04-16,1138681,221758.82,253350,3.0,2.0,1130.0,2651.0,299272.0,64,46,2016,1.0,3.0,2.0,230717.18
14900,2018-04-16,1141578,602991.1,278447,5.0,2.0,2634.0,7500.0,296265.0,64,29,2016,1.0,5.0,6.0,145000.00
14925,2018-04-13,1139653,11639.25,144155,3.0,2.0,1926.0,2047.0,220252.0,22,14,2016,1.0,1.0,1.0,11639.25
14965,2018-04-11,1142489,100951.0,200452,3.0,2.0,1957.0,7000.0,266476.0,64,64,2018,0.0,1.0,2.0,102951.00
14977,2018-04-11,1140877,286178.63,275628,0.0,0.0,3627.0,6525.0,197100.0,64,24,2016,0.0,4.0,3.0,177000.00
14989,2018-04-11,1141141,179658.37,158610,2.0,1.0,1076.0,4350.0,149367.0,64,31,2016,0.0,2.0,1.0,99000.00
15004,2018-04-11,1141197,336554.03,215244,3.0,2.0,1410.0,3956.0,288302.0,64,57,2017,0.0,2.0,1.0,224250.00
15147,2018-04-05,1141663,100311.31,165408,3.0,2.0,1203.0,10125.0,215417.0,113,68,2017,1.0,10.0,1.0,101012.25
15224,2018-04-04,1141602,323531.43,106500,3.0,2.0,1509.0,1354.0,142890.0,29,1,2013,1.0,4.0,6.0,114496.98
15300,2018-03-29,1138407,536661.47,302470,6.0,4.0,3379.0,6000.0,325500.0,27,8,2014,1.0,11.0,1.0,273750.00
15309,2018-03-28,1139135,176839.98,255161,3.0,2.0,1398.0,3405.0,320313.0,33,27,2017,0.0,2.0,1.0,176839.98
15318,2018-03-28,1139123,351458.05,145043,4.0,2.0,1188.0,6000.0,186034.0,33,21,2016,0.0,6.0,1.0,105300.00
15345,2018-03-27,1138702,396139.34,274232,3.0,1.0,1794.0,10125.0,317010.0,50,15,2013,0.0,2.0,3.0,256500.00
15369,2018-03-27,1138336,155396.48,262606,3.0,2.0,1786.0,5382.0,355399.0,50,29,2016,1.0,20.0,4.0,165539.26
15405,2018-03-26,1121872,370516.16,223177,3.0,2.0,1367.0,7927.0,288912.0,60,40,2016,0.0,2.0,1.0,198450.00
15407,2018-03-26,1121456,407464.78,162400,1.0,1.0,802.0,5460.0,209017.0,60,45,2016,1.0,6.0,1.0,138150.00
15413,2018-03-26,1137331,125437.3,256172,2.0,1.0,1025.0,9075.0,287945.0,60,44,2016,0.0,6.0,4.0,125437.30
15439,2018-03-23,1119485,626277.57,229564,3.0,1.0,1070.0,9150.0,376754.0,31,1,2009,0.0,4.0,1.0,269000.00
15450,2018-03-23,1134354,321923.66,155836,3.0,2.0,1200.0,3600.0,198532.0,31,24,2016,1.0,10.0,2.0,148000.00
15506,2018-03-21,1137356,53068.45,156553,4.0,2.0,1055.0,4350.0,135899.0,72,25,2014,0.0,7.0,4.0,61176.25
15512,2018-03-21,1137570,207376.38,148541,3.0,2.0,1115.0,1735.0,221545.0,72,64,2017,1.0,4.0,1.0,177835.59
15522,2018-03-21,1137366,202580.3,184549,3.0,2.0,1311.0,8307.0,215390.0,72,52,2016,0.0,2.0,2.0,176840.00
15525,2018-03-21,1136883,284458.89,187110,4.0,2.0,1300.0,7524.0,198124.0,72,23,2014,0.0,2.0,4.0,144000.00
15542,2018-03-21,1138494,323240.22,344391,4.0,3.0,1984.0,6000.0,416514.0,72,54,2016,0.0,2.0,1.0,325731.07
15546,2018-03-21,1137571,55720.71,242832,3.0,3.0,1334.0,6045.0,289323.0,72,68,2017,0.0,5.0,1.0,56407.16
15556,2018-03-21,1137353,258403.62,194454,4.0,2.0,1176.0,8325.0,200892.0,72,2,2009,0.0,6.0,2.0,136334.68
15560,2018-03-21,1138164,188488.17,223927,3.0,2.0,1353.0,4250.0,298370.0,72,39,2015,0.0,8.0,1.0,189687.52
15574,2018-03-20,1137626,562424.04,292715,4.0,2.0,1612.0,6750.0,329190.0,21,4,2013,0.0,3.0,9.0,264900.00
15575,2018-03-20,1133807,248868.77,298772,3.0,2.0,2219.0,8040.0,336440.0,21,10,2015,0.0,2.0,2.0,220000.00
15594,2018-03-19,1133995,403047.15,274440,4.0,3.0,1880.0,4400.0,333720.0,64,58,2017,1.0,4.0,1.0,193325.66
15705,2018-03-15,1136019,113397.83,174723,3.0,2.0,1092.0,5160.0,209320.0,114,43,2016,0.0,8.0,4.0,106250.00
15721,2018-03-15,1136025,237777.47,160946,2.0,1.0,986.0,10500.0,213738.0,114,34,2016,1.0,3.0,4.0,138345.83
15817,2018-03-12,1132716,506606.44,199000,4.0,2.0,2040.0,2563.0,747387.0,33,12,2016,1.0,3.0,3.0,194400.00
15818,2018-03-12,1132554,436619.32,281376,3.0,2.0,1680.0,7000.0,328844.0,33,17,2016,0.0,2.0,3.0,220660.67
15841,2018-03-09,1134366,211700.38,449971,6.0,4.0,2733.0,9278.0,517797.0,54,17,2015,0.0,2.0,2.0,211700.38
15862,2018-03-09,1132570,636250.63,656966,3.0,2.0,1908.0,9006.0,715353.0,54,5,2013,1.0,4.0,1.0,494000.00
15868,2018-03-09,1132107,459046.39,292298,4.0,2.0,2070.0,4893.0,381323.0,54,7,2013,1.0,17.0,2.0,226044.00
15903,2018-03-07,1126663,292912.87,269267,4.0,2.0,1653.0,5843.0,325749.0,11,4,2015,0.0,11.0,8.0,282000.00
15952,2018-03-05,1131475,173192.4,211903,3.0,2.0,1200.0,8850.0,236170.0,72,22,2015,0.0,2.0,3.0,177726.26
15974,2018-03-05,1122494,547465.34,299462,3.0,2.0,1465.0,10148.0,377188.0,72,46,2016,1.0,4.0,1.0,321751.36
15987,2018-03-05,1135380,215513.29,190017,4.0,2.0,1350.0,11167.0,242412.0,72,59,2016,1.0,4.0,4.0,183600.00
15990,2018-03-05,1135841,133907.41,128000,2.0,2.0,960.0,3150.0,167633.0,72,67,2017,1.0,5.0,1.0,86981.47
16000,2018-03-02,1135894,398991.43,272850,3.0,1.0,1232.0,9254.7,293350.0,19,2,2012,1.0,4.0,1.0,179000.00
16078,2018-02-28,1133890,169513.87,178161,3.0,2.0,1216.0,4500.0,193310.0,48,33,2016,1.0,3.0,1.0,93679.00
16111,2018-02-26,1119888,314258.21,418561,3.0,3.0,1707.0,10950.0,498729.0,33,29,2017,0.0,5.0,1.0,323598.90
16145,2018-02-23,1134965,289957.51,218697,3.0,2.0,1100.0,5700.0,255849.0,14,1,2010,0.0,3.0,3.0,193125.00
16198,2018-02-20,1130747,363192.89,188322,0.0,1.0,3745.0,7102.0,226589.0,45,35,2016,0.0,3.0,1.0,150000.00
16218,2018-02-20,1130650,266886.21,272022,3.0,2.0,1794.0,9790.0,340742.0,45,25,2016,0.0,4.0,3.0,243000.00
16219,2018-02-20,1130615,6586.37,284549,5.0,3.0,3340.0,5028.0,393850.0,45,45,2017,1.0,1.0,1.0,6586.37
16282,2018-02-15,1131798,336310.19,171640,3.0,2.0,1801.0,4390.0,243147.0,87,2,2009,0.0,5.0,2.0,171089.72
16320,2018-02-14,1132733,346433.32,256019,2.0,1.0,967.0,7620.0,297345.0,31,1,2008,0.0,4.0,2.0,246607.50
16328,2018-02-14,1127782,81812.94,366879,4.0,2.0,1500.0,4950.0,454677.0,31,19,2016,0.0,4.0,3.0,84437.11
16446,2018-02-08,1118655,322556.55,190000,3.0,2.0,1502.0,1728.0,216070.0,73,7,2014,1.0,3.0,1.0,184950.00
16483,2018-02-06,1131797,271307.4,250801,3.0,2.0,1000.0,8100.0,300749.0,39,22,2015,0.0,11.0,2.0,205630.70
16490,2018-02-06,1126833,273904.3,245432,3.0,2.0,1308.0,8175.0,213941.0,39,35,2016,0.0,2.0,1.0,167500.00
16518,2018-02-05,1129488,215114.46,288696,3.0,2.0,1831.0,8276.0,357350.0,34,15,2015,0.0,3.0,2.0,228057.77
16591,2018-01-31,1118369,327518.72,204639,3.0,1.0,800.0,6480.0,190552.0,21,12,2016,0.0,1.0,2.0,131700.00
16596,2018-01-30,1130872,308797.23,170712,3.0,1.0,1118.0,5744.0,202353.0,52,16,2014,0.0,5.0,5.0,159912.96
16621,2018-01-30,1125580,467473.32,238088,3.0,3.0,2844.0,10725.0,354489.0,52,14,2013,1.0,8.0,9.0,91677.00
16624,2018-01-30,1126043,378843.73,266801,3.0,2.0,1605.0,5816.0,305119.0,52,39,2016,0.0,2.0,3.0,206200.00
16642,2018-01-29,1125148,549753.74,334160,3.0,2.0,1898.0,2575.0,408381.0,38,19,2016,1.0,5.0,3.0,269391.99
16658,2018-01-29,1125396,354650.79,303484,6.0,4.0,2061.0,7500.0,363415.0,38,16,2016,0.0,3.0,1.0,249500.00
16687,2018-01-26,1131085,654081.24,473539,3.0,2.0,2714.0,15000.0,580804.0,45,14,2014,1.0,9.0,1.0,374000.00
16733,2018-01-25,1129611,54016.01,168125,3.0,2.0,1165.0,8250.0,180965.0,28,10,2016,0.0,5.5,1.0,54016.01
16742,2018-01-25,1130608,377772.79,275947,3.0,2.0,1490.0,6500.0,293591.0,28,22,2017,1.0,8.0,1.0,235062.79
16752,2018-01-24,1127858,910320.79,404794,3.0,2.0,1192.0,7500.0,532428.0,62,2,2009,1.0,1.0,2.0,424800.00
16758,2018-01-24,1119903,293220.76,208049,3.0,2.0,1612.0,3094.0,307177.0,62,49,2016,1.0,8.0,1.0,255000.00
16801,2018-01-24,1129656,137765.94,209874,3.0,2.0,1362.0,10350.0,248886.0,62,47,2016,0.0,1.0,1.0,144301.17
16806,2018-01-23,1127289,13966.05,193200,3.0,2.0,1706.0,2396.0,239016.0,61,50,2017,1.0,1.0,2.0,12577.70
16810,2018-01-23,1126799,431499.9,445437,7.0,3.0,3504.0,7800.0,664874.0,61,2,2008,0.0,7.0,2.0,280000.00
16812,2018-01-23,1126769,436293.47,379975,4.0,2.0,2074.0,7865.0,431404.0,61,17,2014,1.0,5.0,4.0,309900.00
16817,2018-01-23,1127820,427655.26,262609,3.0,2.0,1122.0,7816.22,267100.0,61,54,2017,0.0,1.0,1.0,199800.00
16828,2018-01-23,1127769,462835.71,296602,3.0,2.0,1530.0,7675.0,335447.0,61,58,2017,1.0,8.0,1.0,241000.00
16837,2018-01-23,1127403,22857.96,310172,3.0,2.0,1764.0,5715.0,372573.0,61,15,2014,0.0,3.0,2.0,22857.96
16851,2018-01-23,1125801,873611.82,332224,4.0,2.0,2186.0,8781.0,408667.0,61,45,2017,0.0,5.0,1.0,225000.00
16862,2018-01-22,1124616,914427.62,1031875,3.0,2.0,1967.0,13906.0,1562058.0,60,27,2015,1.0,6.0,3.0,914427.62
16910,2018-01-22,1121455,348844.32,213283,2.0,1.0,1184.0,5650.0,255773.0,60,20,2015,1.0,41.5,4.0,183502.35
16929,2018-01-19,1126861,530797.49,209089,3.0,2.0,1774.0,7950.0,245200.0,54,38,2016,0.0,5.0,1.0,224100.00
16931,2018-01-19,1126180,550097.41,164342,3.0,2.0,1602.0,1430.0,278380.0,54,11,2013,1.0,6.0,2.0,245059.73
16946,2018-01-19,1128119,252159.25,281642,4.0,2.0,2187.0,3410.0,327760.0,54,23,2016,1.0,7.0,2.0,260477.69
16957,2018-01-19,1125295,217135.27,175606,3.0,1.0,1092.0,6360.3,223126.0,54,28,2016,1.0,5.0,2.0,171421.47
16987,2018-01-17,1124910,307133.96,207256,3.0,2.0,1500.0,7674.0,120521.0,53,9,2013,1.0,10.0,3.0,179227.50
16999,2018-01-17,1128034,642907.15,302208,4.0,2.0,1708.0,6955.0,292520.0,53,13,2013,0.0,1.0,3.0,269051.00
17022,2018-01-17,1125888,19072.42,193437,4.0,3.0,2306.0,3322.0,229481.0,53,50,2017,1.0,1.0,1.0,19072.42
17113,2018-01-12,1117322,301896.69,175711,4.0,2.0,1298.0,3417.0,253301.0,48,32,2016,1.0,11.0,2.0,209000.00
17133,2018-01-12,1118531,205474.63,195393,4.0,3.0,1736.0,1896.0,239019.0,48,29,2016,1.0,6.0,4.0,190350.00
17146,2018-01-12,1118536,387976.82,477366,4.0,2.0,2424.0,9916.0,601790.0,48,15,2015,1.0,18.0,2.0,400210.94
17154,2018-01-11,1124570,47700.27,90750,2.0,1.0,912.0,2793.0,169000.0,108,20,2015,1.0,9.5,1.0,48094.39
17166,2018-01-11,1118361,1024217.74,571039,5.0,4.0,3331.0,17160.0,338500.0,108,17,2015,0.0,5.0,4.0,549900.00
17279,2018-01-09,1125760,276164.34,183005,3.0,1.0,1236.0,7500.0,241425.0,49,33,2016,1.0,4.0,1.0,111787.00
17324,2018-01-08,1114128,336971.37,244285,4.0,2.0,1804.0,10400.0,331188.0,97,47,2015,1.0,2.0,5.0,191875.60
17347,2018-01-08,1114071,267924.92,230000,4.0,3.0,1507.0,1.0,287501.0,97,51,2015,1.0,3.0,7.0,197636.53
17390,2018-01-05,1113804,703993.48,412026,5.0,4.0,3202.0,5000.0,488872.0,80,39,2016,0.0,6.0,1.0,400000.00
17392,2018-01-05,1122624,387363.52,195703,4.0,2.0,1395.0,4370.0,255756.0,80,72,2017,1.0,5.0,1.0,193900.00
17418,2018-01-05,1122092,493467.72,289781,3.0,2.0,1766.0,7500.0,299000.0,80,33,2016,1.0,5.0,2.0,270726.36
17419,2018-01-05,1113119,272819.69,289881,4.0,2.0,1543.0,7500.0,346430.0,80,43,2016,1.0,16.0,6.0,277455.09
17450,2018-01-05,1122296,261840.6,275000,3.0,2.0,1718.0,4518.0,357613.0,80,47,2016,1.0,6.0,1.0,266857.13
17462,2018-01-04,1125771,224300.12,185976,2.0,1.0,846.0,13628.25,160247.0,101,39,2016,0.0,7.0,1.0,116200.00
17468,2018-01-04,1108686,335979.49,291137,3.0,2.0,1247.0,7500.0,332336.0,101,9,2014,0.0,4.0,1.0,293900.00
17527,2018-01-03,1119189,123026.25,186891,2.0,1.0,1040.0,6300.0,301912.0,67,49,2017,0.0,2.0,1.0,123026.25
17531,2018-01-03,1123983,161623.85,179229,4.0,2.0,1409.0,3400.0,226686.0,67,16,2014,1.0,20.5,1.0,162200.00
17543,2018-01-03,1107384,597270.9,309319,3.0,2.0,1752.0,7028.0,366913.0,67,17,2014,0.0,10.0,1.0,254625.00
17622,2017-12-14,1118220,724283.14,367134,3.0,2.0,1475.0,17160.0,532815.0,123,37,2015,0.0,3.0,5.0,377400.00
17637,2017-12-14,1116909,197066.94,168539,3.0,2.0,1098.0,5160.0,187199.0,123,65,2016,0.0,2.0,2.0,147375.00
17689,2017-12-13,1121673,145462.88,233936,3.0,2.0,1042.0,4750.0,276944.0,60,13,2013,0.0,2.0,4.0,210000.00
17724,2017-12-13,1121670,368244.0,330000,4.0,2.0,2211.0,2296.0,409532.0,60,48,2017,1.0,2.0,2.0,383915.00
17736,2017-12-13,1121863,100603.03,171181,2.0,2.0,1254.0,8625.0,215120.0,60,35,2016,1.0,12.0,1.0,101357.02
17744,2017-12-12,1123455,30538.62,163960,2.0,1.0,1050.0,1126.0,193520.0,10,6,2017,0.0,1.0,1.0,30538.62
17766,2017-12-11,1105827,226535.67,162174,3.0,2.0,1236.0,4661.0,205963.0,29,23,2017,1.0,5.0,1.0,160000.00
17787,2017-12-08,1122497,105085.07,178571,3.0,2.0,1343.0,8739.0,167261.0,32,3,2012,0.0,11.0,1.0,10000.00
17811,2017-12-07,1116137,169669.7,143220,4.0,2.0,1230.0,3939.0,165899.0,82,31,2017,1.0,2.0,2.0,108424.50
17840,2017-12-06,1119428,17009.58,257000,3.0,2.0,1535.0,3200.0,290960.0,25,11,2016,1.0,7.0,3.0,17009.58
17894,2017-12-04,1098907,224184.42,159391,4.0,3.0,1592.0,1804.0,165446.0,68,16,2014,1.0,3.0,1.0,108758.12
17927,2017-12-04,1115508,222073.11,190482,3.0,2.0,1535.0,1918.0,231818.0,68,31,2016,1.0,2.0,2.0,178200.00
17978,2017-11-29,1114859,95435.13,182388,4.0,1.0,1318.0,6500.0,212613.0,19,14,2016,0.0,5.0,2.0,97927.40
17979,2017-11-29,1115585,107713.1,138844,2.0,1.0,912.0,6240.0,161949.0,19,13,2016,0.0,5.0,1.0,109099.22
17996,2017-11-28,1119482,244994.97,139832,3.0,1.0,1012.0,7522.0,168227.0,34,24,2016,0.0,6.0,1.0,77000.00
18039,2017-11-27,1119472,146225.4,217096,5.0,2.0,2100.0,7308.0,230632.0,58,29,2016,1.0,4.0,3.0,156036.65
18049,2017-11-27,1114607,28220.11,209489,3.0,2.0,1693.0,3940.0,211525.0,58,44,2016,1.0,1.0,2.0,28220.11
18108,2017-11-21,1107612,300958.54,304166,3.0,2.0,1455.0,6600.0,246638.0,35,12,2014,0.0,5.0,6.0,127170.00
18115,2017-11-21,1118356,382738.86,216291,4.0,2.0,1604.0,7500.0,241179.0,35,22,2016,1.0,12.5,1.0,205000.00
18121,2017-11-21,1117212,52495.26,192741,3.0,2.0,2172.0,7500.0,361795.0,35,11,2014,0.0,13.0,6.0,52495.26
18144,2017-11-20,1118557,192044.31,148049,4.0,2.0,1224.0,10466.0,197359.0,39,3,2013,0.0,2.0,1.0,113000.00
18149,2017-11-20,1117980,19761.69,101148,3.0,2.0,1874.0,4355.0,219787.0,39,36,2017,1.0,1.0,2.0,19761.69
18171,2017-11-17,1106997,506926.01,371754,3.0,2.0,2310.0,8813.0,406190.0,38,9,2013,0.0,2.0,2.0,292700.00
18191,2017-11-17,1117694,457122.92,662567,4.0,3.0,3755.0,23988.0,848504.0,38,2,2009,0.0,6.0,3.0,479817.55
18260,2017-11-14,1106772,99605.76,78650,2.0,2.0,1200.0,2940.0,143878.0,84,27,2016,1.0,1.0,1.0,11056.00
18297,2017-11-13,1101944,720382.31,321419,3.0,2.0,1938.0,7564.06,366083.0,41,28,2016,0.0,28.0,1.0,333900.00
18364,2017-11-08,1104970,261970.94,155921,2.0,1.0,1056.0,5000.0,202710.0,42,14,2014,0.0,3.0,4.0,150000.00
18366,2017-11-08,1114686,97258.66,293531,4.0,3.0,1957.0,8958.0,363447.0,42,6,2012,0.0,3.0,3.0,97258.66
18382,2017-11-08,1114356,104728.05,128314,3.0,1.0,1000.0,1.0,193323.0,42,35,2017,1.0,2.5,2.0,115000.00
18388,2017-11-07,1100857,338454.91,235143,4.0,2.0,1825.0,8250.0,281516.0,74,9,2015,0.0,7.0,1.0,260000.00
18398,2017-11-07,1104739,159268.24,168519,2.0,1.0,780.0,10128.3,163142.0,74,20,2016,0.0,2.0,2.0,78000.00
18406,2017-11-07,1105088,367468.56,229860,3.0,2.0,1592.0,3270.0,250001.0,74,4,2014,1.0,6.0,1.0,193000.00
18409,2017-11-07,1114642,22367.44,217840,3.0,2.0,2314.0,5000.0,261223.0,74,11,2016,1.0,2.0,1.0,22367.44
18412,2017-11-07,1116092,292188.32,256949,3.0,2.0,1620.0,8280.0,295049.0,74,7,2015,1.0,3.0,2.0,264400.00
18435,2017-11-06,1115447,16194.01,297824,3.0,2.0,1696.0,8514.16,336301.0,75,4,2011,1.0,2.0,5.0,36802.01
18465,2017-11-06,1113765,359974.92,333227,3.0,2.0,1397.0,10500.0,373197.0,75,44,2016,0.0,3.5,2.0,305500.00
18510,2017-11-02,1113122,4356902.68,3712267,4.0,2.0,2777.0,22219.0,3695454.0,7,6,2016,0.0,6.0,3.0,2900000.00
18553,2017-10-31,1109586,135357.52,200146,3.0,1.0,1216.0,7350.0,225508.0,22,7,2014,1.0,4.0,2.0,98339.00
18598,2017-10-30,1098329,614964.5,254238,6.0,3.0,3155.0,6954.0,416946.0,66,36,2016,1.0,11.0,1.0,267971.74
18625,2017-10-27,1109148,380313.65,162604,2.0,1.0,1520.0,7875.0,207125.0,18,1,2012,0.0,27.0,2.0,99000.00
18630,2017-10-27,1114045,600882.49,295339,3.0,2.0,1421.0,8957.0,331568.0,18,2,2012,1.0,13.0,3.0,256500.00
18644,2017-10-25,1109197,319052.34,226243,5.0,3.0,1870.0,7500.0,260082.0,9,4,2016,1.0,6.0,1.0,149980.00
18708,2017-10-23,1091628,464394.68,294383,3.0,2.0,1582.0,7600.0,337929.0,46,26,2016,1.0,45.0,1.0,235300.00
18718,2017-10-23,1106171,220513.22,146969,4.0,2.0,1200.0,7900.0,195792.0,46,25,2016,0.0,2.0,5.0,147600.00
18729,2017-10-20,1107918,317260.02,180756,3.0,1.0,1208.0,7875.0,106160.0,21,14,2016,1.0,6.0,3.0,140487.45
18781,2017-10-18,1110782,96892.07,203959,3.0,2.0,1321.0,4880.0,241287.0,58,33,2016,1.0,7.0,2.0,96892.07
18885,2017-10-16,1108160,1098601.38,880341,4.0,3.0,4213.0,17640.0,1082943.0,69,50,2016,1.0,3.0,3.0,566359.78
18907,2017-10-13,1110266,94194.37,276036,3.0,2.0,1572.0,6542.0,296739.0,35,13,2016,1.0,4.5,1.0,95381.97
18968,2017-10-11,1105095,305393.41,301416,3.0,2.0,1689.0,9041.0,333256.0,80,33,2015,0.0,8.0,5.0,243250.00
18974,2017-10-11,1106161,325125.92,161000,3.0,2.0,1540.0,1760.0,200680.0,80,11,2012,1.0,4.0,2.0,140725.02
19028,2017-10-10,1110454,628880.62,1082765,2.0,2.0,2055.0,13900.0,1136801.0,79,7,2010,0.0,2.0,11.0,745969.81
19034,2017-10-10,1105748,413804.19,147686,4.0,2.0,1610.0,5461.0,243073.0,79,76,2017,0.0,4.0,1.0,192780.00
19183,2017-10-05,1106744,1340494.31,1563668,5.0,5.0,4208.0,11382.0,1726150.0,51,15,2016,0.0,2.0,3.0,1340494.31
19224,2017-10-04,1103894,265083.61,230059,3.0,2.0,1421.0,5002.0,283179.0,57,31,2015,0.0,2.0,2.0,274648.48
19245,2017-10-03,1098317,364758.29,154688,4.0,2.0,1610.0,6101.0,248837.0,55,50,2016,0.0,9.0,1.0,192780.00
19255,2017-10-03,1104187,109862.89,161879,3.0,1.0,851.0,1.0,171523.0,55,49,2016,0.0,3.0,1.0,111243.82
19305,2017-10-02,1091755,391622.88,212322,3.0,2.0,1434.0,4500.0,241341.0,70,53,2016,0.0,4.0,1.0,190000.00
19362,2017-09-29,1108086,353129.36,104884,3.0,2.0,1706.0,1896.0,224310.0,27,25,2017,1.0,12.0,1.0,189500.00
19462,2017-09-26,1106942,194195.51,241120,0.0,0.0,1979.0,12600.0,356978.0,57,5,2009,0.0,2.0,3.0,194195.51
19465,2017-09-26,1106412,112361.13,194865,3.0,2.0,1302.0,4480.0,185461.0,57,33,2016,0.0,4.0,2.0,108000.00
19473,2017-09-26,1107595,233226.63,172951,3.0,1.0,1199.0,7500.0,221573.0,57,47,2017,0.0,5.0,1.0,104900.00
19511,2017-09-25,1102977,277468.25,121655,4.0,3.0,1461.0,7500.0,144014.0,55,43,2016,0.0,4.0,2.0,89350.00
20133,2017-09-06,1103300,3564.57,167050,3.0,2.0,1402.0,1772.0,209966.0,42,42,2017,1.0,1.0,1.0,3564.57
20158,2017-09-05,1103340,432451.28,307035,3.0,1.0,1355.0,7875.0,366688.0,53,6,2010,0.0,2.0,4.0,272160.00
20194,2017-09-01,1092014,315653.05,183456,3.0,1.0,1358.0,5500.0,173044.0,23,18,2016,0.0,2.0,1.0,118260.00
20195,2017-09-01,1091948,352607.84,159459,3.0,2.0,962.0,6000.0,315123.0,23,21,2017,1.0,3.0,1.0,235700.00
20204,2017-09-01,1091953,311905.63,301916,6.0,4.0,3379.0,6000.0,351666.0,23,20,2017,1.0,4.0,1.0,291600.00
20245,2017-08-30,1102859,130578.46,183019,3.0,2.0,999.0,12500.0,169647.0,41,20,2015,0.0,4.0,1.0,125000.00
20284,2017-08-29,1097235,180867.96,310159,4.0,2.0,1724.0,3500.0,317263.0,41,4,2012,1.0,6.0,4.0,218783.20
20297,2017-08-29,1103292,307837.49,257754,3.0,2.0,1518.0,4054.0,329856.0,41,6,2012,0.0,3.0,1.0,245000.00
20302,2017-08-28,1102300,183783.06,303011,4.0,2.0,2042.0,6363.0,395190.0,60,6,2011,0.0,2.0,1.0,264672.70
20368,2017-08-25,1102485,194739.95,208897,3.0,2.0,1644.0,5000.0,257577.0,61,42,2016,1.0,11.0,1.0,195760.55
20429,2017-08-24,1100916,417499.28,254007,3.0,2.0,1636.0,4500.0,352841.0,52,1,2008,0.0,3.0,5.0,301600.00
20459,2017-08-24,1091934,646598.76,341998,4.0,2.0,1888.0,6491.0,400152.0,52,2,2009,0.0,8.0,1.0,344675.00
20469,2017-08-23,1095511,273669.32,155609,3.0,2.0,1790.0,1522.0,326089.0,62,33,2016,1.0,5.0,3.0,228013.00
20478,2017-08-23,1102480,168945.24,169685,3.0,1.0,1688.0,7875.0,204664.0,62,30,2016,0.0,1.0,1.0,150380.00
20498,2017-08-23,1100732,415601.67,256014,2.0,1.0,1036.0,6000.0,290095.0,62,43,2016,0.0,2.0,2.0,229000.00
20565,2017-08-22,1102841,141239.04,328056,8.0,6.0,3495.0,13735.62,407201.0,59,26,2014,0.0,3.0,4.0,141239.04
20590,2017-08-21,1090365,154925.89,225495,4.0,2.0,1495.0,8520.0,220466.0,42,36,2016,0.0,3.0,1.0,161321.67
20605,2017-08-21,1083953,159813.34,233358,4.0,2.0,1620.0,8062.0,244658.0,42,32,2016,0.0,4.5,1.0,162848.01
20639,2017-08-18,1083281,225768.16,97000,3.0,2.0,1140.0,2550.0,96569.0,27,10,2014,1.0,6.0,1.0,59496.22
20670,2017-08-17,1100705,145280.05,271739,4.0,2.0,2440.0,5982.0,293792.0,66,51,2016,1.0,5.0,1.0,146426.44
20708,2017-08-16,1098327,367437.94,214498,3.0,2.0,1454.0,8691.0,241110.0,58,37,2016,1.0,3.0,1.0,148357.22
20732,2017-08-16,1098339,189331.15,304262,3.0,2.0,2407.0,5939.0,334153.0,58,24,2014,0.0,13.0,1.0,191413.79
20749,2017-08-16,1098649,254529.39,138461,3.0,1.0,864.0,1.0,126561.0,58,16,2014,0.0,3.0,1.0,129601.39
20769,2017-08-15,1094554,579024.25,196155,4.0,2.0,1946.0,11441.0,381839.0,48,36,2016,1.0,8.0,1.0,83086.35
20875,2017-08-14,1094521,439176.31,264169,3.0,2.0,1365.0,5918.0,296439.0,77,25,2014,1.0,7.0,3.0,195661.25
20917,2017-08-10,1082127,205775.74,191000,3.0,2.0,1656.0,1896.0,228871.0,35,14,2015,0.0,9.0,1.0,183060.00
20920,2017-08-10,1095787,534963.01,241738,3.0,2.0,1582.0,3250.0,297598.0,35,5,2011,1.0,5.0,2.0,203882.23
20927,2017-08-10,1081856,264784.67,294316,3.0,2.0,1848.0,7282.0,297739.0,35,24,2016,1.0,3.0,2.0,247500.00
20944,2017-08-09,1093868,253341.24,218647,3.0,2.0,1318.0,7500.0,226724.0,39,17,2014,0.0,4.0,1.0,179000.00
20948,2017-08-09,1086880,536375.69,290288,5.0,3.0,2080.0,9187.5,266105.0,39,18,2014,0.0,2.0,3.0,180630.00
20960,2017-08-09,1101264,93235.0,275083,3.0,2.0,1269.0,7575.0,301613.0,39,11,2012,1.0,5.0,4.0,122679.05
20967,2017-08-09,1093861,220674.46,216960,3.0,2.0,1225.0,3010.0,247597.0,39,22,2015,1.0,6.0,1.0,182375.00
21006,2017-08-07,1081851,249874.29,383023,3.0,2.0,4232.0,39421.8,439173.0,61,42,2016,0.0,3.0,1.0,211000.00
21014,2017-08-07,1098697,478328.35,379323,5.0,4.0,2731.0,5866.0,434434.0,61,54,2016,1.0,5.0,1.0,398000.00
21055,2017-08-07,1081240,416020.35,213650,3.0,1.0,1225.0,11616.8,233481.0,61,6,2012,0.0,3.0,5.0,165325.00
21066,2017-08-04,1098372,201314.41,179326,3.0,2.0,1435.0,7200.0,169775.0,26,4,2013,0.0,3.0,3.0,115543.54
21098,2017-08-03,1096967,182878.0,281635,3.0,3.0,1915.0,4500.0,329151.0,52,23,2015,0.0,2.0,2.0,196780.00
21109,2017-08-03,1098263,1044842.79,1208707,0.0,0.0,9555.0,21996.0,188500.0,52,7,2011,0.0,5.0,2.0,1044842.79
21117,2017-08-03,1098319,411174.53,196961,4.0,2.0,1500.0,4928.0,176724.0,52,39,2016,0.0,2.0,1.0,155760.00
21118,2017-08-03,1097766,479269.63,313690,4.0,2.0,1900.0,6293.0,361390.0,52,3,2009,0.0,3.0,3.0,332127.57
21128,2017-08-02,1096960,143151.39,197620,3.0,2.0,1012.0,8766.0,227553.0,42,18,2015,0.0,1.0,7.0,192800.00
21140,2017-08-02,1095763,197734.51,295892,3.0,2.0,2006.0,7903.0,273703.0,42,24,2016,0.0,1.0,3.0,204000.00
21148,2017-08-02,1096899,821787.05,428488,3.0,2.0,2064.0,12750.0,568169.0,42,27,2016,1.0,38.0,1.0,382000.00
21149,2017-08-02,1096246,328319.77,206560,2.0,2.0,1066.0,5450.0,259829.0,42,16,2015,0.0,4.0,6.0,157586.97
21186,2017-07-31,1094483,119224.81,202411,4.0,2.0,1481.0,5720.0,188567.0,43,31,2016,0.0,5.0,3.0,131115.87
21200,2017-07-31,1091946,321608.1,209375,4.0,2.0,2008.0,8025.0,247439.0,43,25,2015,0.0,8.0,1.0,228510.00
21207,2017-07-31,1091637,451548.37,313212,3.0,2.0,1576.0,7500.0,343024.0,43,35,2016,1.0,3.0,1.0,308829.45
21277,2017-07-27,1095372,22329.69,181345,5.0,2.0,1221.0,7500.0,204742.0,55,41,2016,1.0,9.0,1.0,22465.62
21283,2017-07-27,1095907,332149.85,216357,4.0,1.0,1503.0,8611.2,168647.0,55,48,2016,1.0,7.0,1.0,135425.00
21322,2017-07-26,1096893,529051.54,247186,4.0,3.0,2098.0,6666.0,321251.0,38,32,2016,1.0,9.0,1.0,262500.00
21326,2017-07-26,1095813,635331.01,369539,4.0,3.0,2536.0,14162.0,439438.0,38,5,2010,0.0,6.0,5.0,329955.21
21435,2017-07-24,1089606,163411.35,209742,5.0,3.0,2534.0,5047.0,286689.0,72,60,2016,0.0,2.0,3.0,163411.35
21454,2017-07-24,1095277,400669.0,276366,6.0,6.0,3447.0,5000.0,272029.0,72,6,2011,0.0,2.0,5.0,423570.12
21457,2017-07-24,1096424,184099.75,111100,2.0,1.0,1019.0,4545.0,127851.0,72,71,2016,1.0,4.0,1.0,84507.50
21464,2017-07-21,1078220,218673.78,239456,4.0,3.0,2308.0,7500.0,245284.0,48,14,2014,0.0,3.0,1.0,166349.30
21491,2017-07-21,1083460,367161.15,268317,2.0,1.0,1161.0,18084.0,253757.0,48,9,2013,1.0,4.0,6.0,151800.45
21494,2017-07-21,1094079,496329.28,321644,4.0,2.0,1791.0,6000.0,356677.0,48,16,2014,0.0,3.0,1.0,225096.10
21511,2017-07-20,1084473,326473.3,181515,3.0,1.0,1248.0,7875.0,214700.0,57,12,2015,0.0,2.0,1.0,180100.00
21524,2017-07-19,1092558,360494.38,250234,4.0,2.0,1708.0,4500.0,305322.0,68,19,2012,0.0,5.0,5.0,200922.00
21530,2017-07-19,1093805,423309.63,210551,4.0,2.0,1470.0,7986.0,246116.0,68,5,2009,0.0,1.0,2.0,208376.46
21547,2017-07-19,1093760,167056.11,167229,2.0,1.0,1254.0,10000.0,180416.0,68,54,2016,0.0,8.0,1.0,61560.00
21549,2017-07-19,1093404,169309.56,83450,3.0,2.0,1456.0,4385.0,81562.0,68,57,2016,1.0,3.0,1.0,62370.00
21612,2017-07-18,1088986,79438.37,344810,4.0,3.0,2353.0,12000.0,409616.0,47,3,2011,0.0,5.0,1.0,79438.37
21613,2017-07-18,1088932,355931.75,393160,5.0,3.0,2837.0,15029.0,475686.0,47,29,2016,0.0,2.0,2.0,355931.75
21718,2017-07-14,1094087,376646.34,227470,4.0,2.0,1645.0,8250.0,256934.0,48,39,2016,0.0,4.0,1.0,179567.69
21731,2017-07-14,1091644,335704.85,139434,3.0,2.0,1274.0,9616.2,237553.0,48,10,2012,0.0,2.0,1.0,166156.00
21774,2017-07-12,1093767,400736.64,214177,3.0,1.0,1170.0,5480.0,266021.0,27,5,2010,0.0,6.0,1.0,188381.36
21783,2017-07-11,1082309,17237.74,192500,3.0,2.0,1705.0,1760.0,213981.0,25,23,2016,1.0,1.0,1.0,17237.74
21799,2017-07-10,1086697,212624.34,157123,4.0,3.0,1699.0,6900.0,143040.0,68,44,2015,0.0,4.0,2.0,81067.00
21826,2017-07-10,1091348,98736.76,154157,3.0,2.0,1134.0,7600.0,200970.0,68,19,2014,0.0,2.0,1.0,99955.04
21848,2017-07-10,1092972,136284.05,167009,3.0,1.0,911.0,6000.0,172251.0,68,5,2010,0.0,13.0,1.0,132015.00
21883,2017-07-07,1091962,313184.2,221311,3.0,2.0,1124.0,10425.0,241957.0,30,23,2016,0.0,6.0,4.0,142572.48
21914,2017-07-05,1080967,261288.89,135429,3.0,2.0,1260.0,13700.0,187775.0,48,43,2016,1.0,9.0,1.0,117450.00
21947,2017-07-05,1074193,139890.02,237070,3.0,2.0,1734.0,8220.0,271996.0,48,21,2014,0.0,5.0,1.0,146605.98
21979,2017-07-03,1080936,1058584.29,1208707,0.0,0.0,9555.0,21996.0,187200.0,67,8,2011,0.0,5.0,2.0,1058584.29
22015,2017-06-30,1091116,97631.53,147800,2.0,2.0,1296.0,3000.0,176084.0,57,45,2016,1.0,3.0,1.0,98516.32
22040,2017-06-30,1091185,11628.56,116637,3.0,2.0,1050.0,3400.0,131014.0,57,32,2015,1.0,1.0,1.0,11628.56
22084,2017-06-29,1089639,677037.21,155500,3.0,3.0,1428.0,1800.0,209600.0,61,53,2016,1.0,7.0,1.0,119665.00
22096,2017-06-29,1089648,12163.4,148376,4.0,2.0,2620.0,7845.0,279158.0,61,40,2016,1.0,2.0,2.0,12163.40
22103,2017-06-29,1089299,9462.25,196900,3.0,2.0,1416.0,1832.0,223541.0,61,54,2016,1.0,2.0,1.0,9462.25
22107,2017-06-29,1089076,271767.28,223453,4.0,3.0,1785.0,7068.0,256112.0,61,25,2014,0.0,5.0,2.0,196830.00
22115,2017-06-29,1088448,228564.65,187209,3.0,2.0,1360.0,1.0,222198.0,61,1,2008,1.0,5.0,1.0,163705.00
22237,2017-06-23,1087791,338857.56,242365,4.0,3.0,1952.0,11784.02,254429.0,26,15,2015,0.0,2.0,8.0,140250.00
22238,2017-06-23,1088434,268273.19,122650,2.0,1.0,720.0,7875.0,150767.0,26,20,2015,0.0,2.0,2.0,114000.00
22250,2017-06-22,1072767,36389.2,310000,4.0,2.0,2211.0,2275.0,370256.0,111,17,2014,1.0,2.0,4.0,48810.20
22261,2017-06-22,1087670,292644.25,727870,6.0,3.0,4023.0,35327.0,794177.0,111,37,2016,0.0,18.0,2.0,298039.22
22282,2017-06-22,1089652,6440.48,193858,2.0,2.0,1560.0,2760.0,216237.0,111,47,2016,1.0,2.0,1.0,6400.00
22289,2017-06-22,1087570,152481.26,330728,3.0,2.0,1504.0,4715.0,369325.0,111,24,2015,1.0,11.0,3.0,157696.29
22293,2017-06-22,1087511,431372.02,222739,3.0,2.0,1790.0,8100.0,236317.0,111,25,2015,0.0,11.0,4.0,165756.00
22295,2017-06-21,1088610,156853.17,156160,3.0,2.0,1092.0,10934.0,189881.0,35,33,2016,0.0,2.0,4.0,109406.00
22299,2017-06-21,1086935,30215.87,121000,3.0,2.0,1253.0,1572.0,142691.0,35,34,2016,1.0,2.0,3.0,30215.87
22366,2017-06-19,1089020,586023.62,316945,4.0,2.0,2052.0,24021.0,335493.0,99,38,2014,0.0,2.0,1.0,252200.00
22392,2017-06-19,1089050,74276.73,87313,2.0,1.0,594.0,5000.0,139335.0,99,68,2015,1.0,14.0,1.0,74776.53
22435,2017-06-19,1089021,331112.65,136341,3.0,1.0,840.0,7875.0,136834.0,99,90,2016,0.0,2.0,1.0,87718.00
22464,2017-06-16,1087466,52495.26,192741,3.0,2.0,2172.0,7500.0,352733.0,34,10,2014,0.0,13.0,6.0,52495.26
22465,2017-06-16,1089512,298795.39,248727,2.0,1.0,1050.0,7500.0,242600.0,34,28,2016,0.0,4.0,2.0,222750.00
22483,2017-06-16,1086840,215111.13,159005,3.0,1.0,1123.0,6000.0,196356.0,34,32,2016,0.0,2.0,1.0,141317.17
22491,2017-06-15,1088392,9209.04,183117,3.0,2.0,1416.0,1832.0,222767.0,49,18,2016,1.0,2.0,2.0,9209.04
22504,2017-06-15,1077014,213461.1,341047,3.0,2.0,1755.0,8500.0,384107.0,49,24,2016,1.0,8.0,1.0,213596.19
22527,2017-06-14,1086724,185680.5,172201,3.0,2.0,1432.0,2025.0,196276.0,67,52,2016,1.0,6.0,1.0,164738.00
22544,2017-06-14,1086729,385395.11,208552,4.0,3.0,2065.0,5406.0,236346.0,67,57,2016,1.0,5.0,1.0,207000.00
22550,2017-06-14,1071150,212064.6,206313,3.0,2.0,1450.0,8560.0,228821.0,67,46,2016,1.0,3.0,1.0,160000.00
22563,2017-06-14,1087134,129370.46,211215,3.0,2.0,1674.0,15093.0,272020.0,67,35,2015,0.0,2.0,6.0,137825.92
22588,2017-06-13,1083470,167638.0,148320,3.0,2.0,1784.0,7367.0,316046.0,28,1,2009,0.0,10.0,1.0,225149.32
22590,2017-06-13,1082001,192556.76,149188,4.0,2.0,1992.0,8100.0,321485.0,28,15,2015,0.0,2.0,6.0,204943.66
22627,2017-06-12,1083929,137013.46,154115,3.0,2.0,1508.0,2229.0,209600.0,97,97,2017,1.0,4.0,1.0,133650.00
22643,2017-06-12,1088136,250591.89,168050,3.0,1.0,1222.0,4000.0,163413.0,97,14,2011,0.0,3.0,2.0,85209.00
22666,2017-06-12,1086871,16194.01,297824,3.0,2.0,1696.0,8514.16,337169.0,97,15,2011,1.0,2.0,5.0,38576.35
22673,2017-06-12,1081807,281740.01,255609,2.0,1.0,1372.0,6150.0,299457.0,97,57,2015,1.0,3.0,2.0,189168.00
22708,2017-06-09,1084299,315397.35,257479,2.0,1.0,1567.0,7500.0,248090.0,53,26,2015,0.0,5.0,2.0,200000.00
22711,2017-06-09,1084710,489560.41,305164,4.0,2.0,2028.0,8313.0,347995.0,53,5,2009,0.0,3.0,1.0,300000.00
22737,2017-06-09,1085951,372472.72,190503,3.0,2.0,1589.0,5466.0,234128.0,53,21,2015,1.0,7.0,4.0,186000.00
22755,2017-06-08,1084462,120976.26,139010,3.0,1.0,1280.0,2750.0,167664.0,96,39,2016,0.0,4.0,1.0,124765.66
22768,2017-06-08,1083941,488219.6,393050,4.0,3.0,2058.0,14896.0,514535.0,96,34,2015,0.0,4.0,2.0,361250.00
22814,2017-06-06,1080629,723509.82,464737,6.0,4.0,3386.0,6300.0,500732.0,38,3,2009,1.0,3.0,4.0,382500.00
22848,2017-06-05,1085148,393389.7,187861,2.0,1.0,1052.0,10667.0,179207.0,74,63,2016,0.0,2.0,4.0,135000.00
22879,2017-06-05,1083667,140584.5,169135,3.0,2.0,1150.0,8400.0,165591.0,74,49,2015,0.0,5.0,3.0,93150.00
22915,2017-06-02,1068468,206131.98,149338,2.0,1.0,1353.0,7875.0,154777.0,27,16,2016,0.0,5.0,1.0,121065.00
22920,2017-06-02,1083968,11996.33,158015,3.0,2.0,1617.0,2010.0,224529.0,27,26,2016,1.0,2.0,1.0,11996.33
22922,2017-06-02,1083945,190229.24,220000,3.0,2.0,1452.0,1430.0,277850.0,27,23,2016,1.0,8.0,1.0,191702.29
23009,2017-05-30,1082260,414000.96,317248,4.0,2.0,2600.0,8615.0,361690.0,91,9,2010,1.0,7.0,5.0,261614.89
23090,2017-05-26,1081596,175287.21,244308,4.0,2.0,1904.0,6790.0,264918.0,51,30,2016,0.0,11.0,3.0,180333.07
23111,2017-05-26,1080515,225522.71,299014,3.0,2.0,2280.0,13900.0,231673.0,51,23,2015,1.0,12.0,5.0,69005.00
23151,2017-05-25,1083948,117474.28,142988,3.0,1.0,720.0,8793.0,130394.0,68,26,2016,1.0,2.0,1.0,118043.15
23156,2017-05-25,1083872,274564.18,209244,4.0,2.0,1554.0,9207.0,224122.0,68,8,2014,0.0,2.0,1.0,200000.00
23168,2017-05-24,1073099,534626.17,423269,4.0,3.0,1966.0,7100.0,442446.0,40,22,2015,0.0,5.0,1.0,226125.00
23177,2017-05-24,1072414,212180.86,286169,2.0,2.0,2324.0,12500.0,296683.0,40,24,2015,0.0,6.0,1.0,215003.87
23214,2017-05-23,1080956,80042.63,163320,4.0,2.0,1620.0,7050.0,201773.0,44,32,2015,0.0,2.0,1.0,109423.34
23286,2017-05-22,1077566,373639.89,211908,4.0,3.0,1363.0,5850.0,275569.0,72,65,2016,0.0,3.0,1.0,182300.00
23335,2017-05-18,1081230,284094.24,146055,3.0,2.0,1080.0,6500.0,168056.0,94,1,2008,0.0,7.0,1.0,130500.00
23342,2017-05-18,1080019,599792.42,297268,3.0,2.0,1829.0,7875.0,315983.0,94,12,2013,1.0,5.0,1.0,230000.00
23354,2017-05-18,1081849,402697.44,214005,3.0,2.0,1697.0,8122.0,294374.0,94,13,2013,0.0,11.0,3.0,220000.00
23387,2017-05-16,1082329,75715.74,183632,4.0,2.0,1291.0,7524.0,219580.0,34,24,2016,1.0,6.0,1.0,73078.17
23406,2017-05-16,1076581,391316.92,233410,3.0,1.0,1377.0,12525.0,285166.0,34,10,2014,0.0,4.0,4.0,170625.00
23437,2017-05-15,1075729,55402.22,191633,3.0,1.0,1189.0,10400.0,179734.0,80,71,2016,0.0,5.0,2.0,56722.65
23453,2017-05-15,1079828,132279.5,187610,3.0,2.0,1396.0,7500.0,211916.0,80,76,2016,0.0,9.0,1.0,133728.40
23475,2017-05-15,1075974,328328.76,320312,3.0,2.0,1704.0,8440.0,384420.0,80,50,2016,0.0,2.0,3.0,226095.35
23489,2017-05-15,1082132,487509.77,158750,3.0,2.0,2338.0,49658.4,260000.0,80,55,2016,0.0,5.0,1.0,247500.00
23529,2017-05-12,1080345,963019.02,524552,3.0,2.0,2246.0,3613.0,813593.0,47,6,2009,1.0,4.0,7.0,578143.45
23662,2017-05-08,1074818,290475.86,250936,4.0,2.0,1828.0,6451.0,332412.0,87,65,2015,1.0,21.0,1.0,235000.00
23674,2017-05-08,1074846,400816.77,227978,3.0,2.0,1556.0,5570.0,253490.0,87,7,2010,0.0,2.0,2.0,186300.00
23705,2017-05-08,1074837,322581.75,486273,4.0,3.0,3234.0,10557.1,268777.0,87,3,2008,0.0,3.0,4.0,303123.93
23727,2017-05-05,1077194,205001.17,251420,4.0,2.0,1656.0,8625.0,278697.0,17,10,2015,0.0,2.0,1.0,207772.59
23735,2017-05-05,1078236,180867.96,310159,4.0,2.0,1724.0,3500.0,304788.0,17,3,2012,1.0,6.0,4.0,214699.58
23759,2017-05-03,1077808,197166.92,257604,4.0,2.0,1475.0,3392.0,279658.0,47,2,2010,0.0,6.0,5.0,206250.00
23786,2017-05-03,1078505,118183.64,58628,3.0,2.0,1456.0,3018.0,95089.0,47,13,2014,1.0,7.0,1.0,46980.00
23805,2017-05-02,1073598,295893.19,325159,4.0,2.0,2886.0,7500.0,387175.0,66,12,2012,0.0,8.0,3.0,326692.69
23819,2017-05-02,1077727,93543.6,96000,3.0,2.0,1430.0,3790.0,80489.0,66,38,2015,1.0,4.0,1.0,44026.63
23861,2017-05-01,1079069,358966.76,179096,3.0,2.0,1370.0,46434.96,317200.0,54,52,2016,1.0,23.0,1.0,171000.00
23866,2017-05-01,1077226,29789.31,128115,2.0,1.0,855.0,5500.0,120811.0,54,34,2015,0.0,6.0,2.0,30212.78
23881,2017-05-01,1077002,238584.82,136097,2.0,1.0,1008.0,5750.0,146127.0,54,15,2013,1.0,6.0,1.0,79000.00
23901,2017-05-01,1061225,89589.23,110000,3.0,2.0,1222.0,3967.0,233900.0,54,38,2016,0.0,2.0,1.0,39500.00
23946,2017-04-27,1066653,184719.9,193000,3.0,3.0,1255.0,1596.0,207712.0,26,5,2014,1.0,4.0,4.0,187600.00
23956,2017-04-27,1076708,135823.05,171489,3.0,2.0,1224.0,5160.0,179719.0,26,13,2016,0.0,6.0,4.0,103680.00
23994,2017-04-26,1076328,136206.13,147546,2.0,1.0,982.0,8250.0,142532.0,64,26,2014,0.0,5.0,1.0,69800.00
24011,2017-04-26,1076952,4246.71,128788,3.0,2.0,1330.0,5271.0,305471.0,64,62,2016,1.0,1.0,1.0,4246.71
24118,2017-04-21,1047132,673621.96,340190,4.0,3.0,2256.0,12729.0,456385.0,38,8,2013,1.0,8.0,1.0,318750.00
24159,2017-04-20,1074435,104741.14,146013,2.0,1.0,1118.0,4796.0,151800.0,93,33,2015,0.0,1.0,1.0,66749.00
24163,2017-04-20,1055601,169263.92,141107,2.0,1.0,1233.0,5500.0,134913.0,93,39,2015,0.0,4.0,4.0,78570.00
24165,2017-04-20,1074421,477425.32,230368,5.0,3.0,1848.0,6250.0,289425.0,93,45,2016,1.0,10.0,1.0,184900.00
24215,2017-04-19,1073289,404775.99,226978,3.0,1.0,2197.0,8025.0,233992.0,43,3,2009,0.0,2.0,5.0,145800.00
24349,2017-04-13,1072905,38489.56,216546,3.0,1.0,1104.0,7875.0,260501.0,96,34,2015,1.0,5.0,1.0,38751.61
24395,2017-04-12,1063470,111730.43,134200,3.0,2.0,1240.0,4200.0,137129.0,33,9,2013,1.0,2.0,3.0,52650.00
24415,2017-04-11,1072622,501749.0,261525,5.0,5.0,2849.0,10350.0,656872.0,53,40,2015,0.0,8.0,1.0,279000.00
24455,2017-04-11,1073607,427923.7,341066,3.0,2.0,2012.0,9120.0,308495.0,53,38,2015,0.0,3.0,4.0,219100.00
24498,2017-04-10,1071834,387795.73,290793,3.0,2.0,1420.0,7500.0,290000.0,83,38,2014,1.0,6.0,5.0,214500.00
24501,2017-04-10,1062417,314314.13,296014,5.0,3.0,3256.0,5250.0,345657.0,83,37,2014,0.0,3.0,8.0,263250.00
24541,2017-04-07,1058459,405974.28,178245,4.0,3.0,1125.0,7520.0,222802.0,38,2,2009,0.0,6.0,1.0,190000.00
24592,2017-04-06,1062075,396476.13,426455,8.0,4.0,3833.0,5000.0,517344.0,78,14,2014,1.0,2.0,5.0,425981.27
24653,2017-04-05,1072461,339370.41,204914,3.0,2.0,1345.0,5750.0,247021.0,52,31,2015,0.0,1.0,1.0,170000.00
24669,2017-04-04,1067470,412218.02,195788,3.0,2.0,1784.0,2660.0,291878.0,32,22,2015,1.0,2.0,1.0,236800.00
24705,2017-04-03,1062350,165857.18,232984,3.0,1.0,1015.0,4560.0,226028.0,40,17,2015,0.0,4.0,3.0,149900.00
24709,2017-04-03,1067789,163569.35,174924,4.0,2.0,1620.0,6500.0,136335.0,40,25,2015,0.0,2.0,2.0,166165.76
24710,2017-04-03,1071147,419854.66,254381,3.0,2.0,1099.0,8025.0,259435.0,40,28,2016,1.0,2.0,1.0,147900.00
24719,2017-04-03,1071151,1158857.29,432662,2.0,1.0,2262.0,43996.0,323600.0,40,6,2012,0.0,3.0,1.0,390182.21
24759,2017-03-30,1072073,332575.66,197337,4.0,2.0,1355.0,9375.0,226573.0,41,5,2012,0.0,7.0,4.0,185600.00
24794,2017-03-29,1070305,594923.34,447044,4.0,2.0,2546.0,10825.0,446668.0,49,13,2012,0.0,2.0,1.0,306000.00
24826,2017-03-29,1070623,262893.78,349203,2.0,2.0,1514.0,5555.0,414099.0,49,32,2015,0.0,6.0,2.0,269486.26
24874,2017-03-27,1065393,188157.45,278877,3.0,2.0,2507.0,11025.0,243122.0,33,21,2014,0.0,5.0,3.0,192850.68
24912,2017-03-24,1065607,213638.89,335579,3.0,1.0,1400.0,8025.0,332071.0,26,11,2014,0.0,9.0,3.0,219365.00
24918,2017-03-23,1065503,291267.58,184371,3.0,1.0,1320.0,12375.0,298586.0,72,15,2014,0.0,2.0,5.0,103500.00
24949,2017-03-22,1069688,163157.88,34630,3.0,1.0,750.0,5250.0,148400.0,85,80,2016,0.0,3.0,1.0,81000.00
24992,2017-03-22,1069492,101584.59,202227,3.0,1.0,1000.0,7100.0,186178.0,85,41,2015,0.0,5.0,1.0,102424.37
25141,2017-03-17,1053381,570062.23,242967,3.0,2.0,1296.0,4600.0,301386.0,28,18,2014,0.0,1.0,1.0,182800.00
25156,2017-03-16,1067746,239070.27,196669,3.0,1.0,1316.0,5600.0,249700.0,86,5,2009,0.0,4.0,5.0,195000.00
25196,2017-03-15,1068330,135756.17,231472,3.0,2.0,2281.0,7950.0,250663.0,54,49,2016,0.0,2.0,1.0,137037.17
25220,2017-03-15,1072766,284431.68,203985,4.0,2.0,1843.0,9375.0,206936.0,54,6,2011,0.0,2.0,1.0,108800.00
25250,2017-03-14,1063722,342773.17,240091,3.0,2.0,2160.0,7809.0,231089.0,23,5,2013,0.0,6.0,6.0,179000.00
25304,2017-03-13,1063450,13818.34,205700,4.0,2.0,1720.0,2012.0,227449.0,61,54,2016,1.0,2.0,3.0,13818.34
25305,2017-03-13,1068657,61730.25,307240,6.0,2.0,2214.0,7500.0,216898.0,61,22,2014,0.0,3.0,3.0,19600.00
25358,2017-03-09,1062646,179780.32,285108,3.0,2.0,1931.0,8250.0,293667.0,75,23,2015,1.0,5.0,2.0,189366.15
25380,2017-03-08,1066250,136396.45,90750,2.0,1.0,912.0,2210.0,96011.0,68,47,2016,1.0,17.0,1.0,70000.00
25430,2017-03-08,1066678,8255.58,231537,3.0,2.0,2713.0,7501.0,330981.0,68,53,2016,1.0,2.0,1.0,8255.58
