,Date,Auction ID,Final Judgment,Assessed Value,Beds,Bath,Living Area,ZEstimate,Day Count,Place in Line,Court Year,Defendant Count,Previous Auctions,Plaintiff Max Bid
18,2021-02-10,1282588,240764.72,156893,2.0,1.0,900.0,229928.0,23,19,2020,2.0,0.0,235000.00
59,2021-02-03,1280752,375534.49,381600,3.0,3.0,1825.0,498240.0,19,18,2020,6.0,0.0,330018.00
74,2021-01-20,1280182,477116.59,354197,2.0,2.0,1088.0,413116.0,37,34,2020,2.0,1.0,439762.51
92,2021-01-20,1276323,540474.09,265640,2.0,2.0,1212.0,370968.0,37,27,2019,4.0,1.0,305000.00
120,2021-01-19,1276925,190303.21,188300,1.0,1.0,709.0,866381.0,41,40,2020,3.0,1.0,197571.23
165,2021-01-13,1279924,357990.62,84526,2.0,2.0,1150.0,149391.0,38,24,2019,4.0,1.0,146974.30
185,2021-01-12,1279700,59531.03,114000,2.0,2.0,1405.0,167102.0,41,28,2019,4.0,1.0,59531.03
186,2021-01-12,1278123,152258.82,76093,2.0,1.0,840.0,177801.0,41,29,2019,8.0,2.0,156600.00
195,2021-01-12,1278725,358365.45,178000,2.0,2.0,960.0,231028.0,41,11,2018,9.0,2.0,216000.00
197,2021-01-12,1280851,1590667.72,955500,4.0,4.0,1871.0,350918.0,41,39,2020,5.0,1.0,1500000.00
208,2021-01-12,1277092,367285.94,322000,2.0,1.0,988.0,328275.0,41,35,2019,4.0,1.0,300000.00
224,2021-01-11,1272001,621241.69,276200,2.0,2.0,1175.0,324968.0,59,18,2018,5.0,2.0,302700.00
258,2021-01-11,1278121,98747.04,27003,2.0,2.0,895.0,129682.0,59,11,2016,5.0,6.0,98747.04
261,2021-01-11,1276333,202678.78,211500,1.0,1.0,692.0,304934.0,59,55,2020,3.0,1.0,210230.65
283,2021-01-06,1276188,190403.21,179100,1.0,1.0,692.0,866381.0,75,74,2020,3.0,1.0,197539.42
315,2021-01-06,1275433,543494.04,206000,3.0,2.0,1420.0,283469.0,75,58,2019,4.0,1.0,220800.00
323,2021-01-06,1278152,286128.55,164800,1.0,1.0,667.0,204478.0,75,68,2019,4.0,1.0,211000.00
347,2021-01-05,1278078,276256.02,126700,2.0,2.0,1080.0,253390.0,27,25,2020,3.0,1.0,153000.00
380,2021-01-04,1278721,659139.24,414900,1.0,1.0,808.0,267463.0,72,24,2018,5.0,3.0,441000.00
419,2021-01-04,1276233,191236.9,174800,1.0,1.0,651.0,268435.0,72,70,2020,3.0,1.0,198121.43
438,2020-12-16,1273001,582980.19,717000,0.0,0.0,1925.0,214709.0,20,16,2020,6.0,1.0,582980.19
443,2020-12-15,1277102,734976.46,591120,2.0,2.0,1800.0,752171.0,11,5,2019,11.0,1.0,600000.00
511,2020-12-07,1271294,600735.3,498000,3.0,2.0,1461.0,334530.0,33,26,2019,6.0,2.0,600735.30
523,2020-12-01,1270849,311337.32,235900,1.0,1.0,816.0,282664.0,18,13,2019,4.0,2.0,262000.00
528,2020-12-01,1273562,199817.79,141100,1.0,1.0,918.0,189785.0,18,4,2016,8.0,4.0,139900.00
544,2020-11-30,1277357,598719.3,406600,1.0,2.0,979.0,350742.0,28,22,2019,2.0,1.0,550000.00
555,2020-11-30,1276186,531447.92,391797,1.0,2.0,947.0,630947.0,28,25,2020,5.0,1.0,409999.18
586,2020-11-23,1274164,197332.85,126443,2.0,2.0,996.0,343537.0,21,5,2016,6.0,6.0,220370.00
600,2020-11-17,1275529,222936.65,180000,3.0,2.0,1400.0,219488.0,7,3,2019,7.0,1.0,216000.00
602,2020-11-16,1272522,371189.96,266297,1.0,1.0,791.0,233585.0,38,19,2018,6.0,3.0,285000.00
621,2020-11-16,1273992,550855.63,567000,3.0,2.0,1489.0,334738.0,38,28,2019,6.0,1.0,555132.63
630,2020-11-16,1275625,496834.0,473000,3.0,2.0,1458.0,539855.0,38,33,2019,3.0,2.0,496834.00
650,2020-11-10,1273267,590108.98,365310,2.0,2.0,926.0,498773.0,31,24,2019,4.0,2.0,550000.00
695,2020-11-02,1271946,600969.45,564482,0.0,0.0,1300.0,683901.0,33,32,2019,8.0,1.0,423000.00
722,2020-11-02,1270592,242875.91,75821,1.0,1.0,700.0,145055.0,33,8,2015,3.0,1.0,175000.00
731,2020-10-27,1273127,261318.57,137297,2.0,2.0,1502.0,198615.0,15,15,2020,26.0,1.0,175500.00
737,2020-10-26,1272307,3331892.39,946866,2.0,3.0,2149.0,1664413.0,16,2,2012,6.0,1.0,1100250.00
741,2020-10-26,1270035,543978.42,386400,2.0,2.0,1326.0,438933.0,16,7,2017,6.0,1.0,338600.00
770,2020-10-21,1272300,192619.62,120800,2.0,1.0,800.0,173002.0,27,27,2020,3.0,1.0,148000.00
776,2020-10-20,1273432,249360.13,198000,1.0,1.0,852.0,296119.0,8,8,2020,9.0,1.0,250666.48
779,2020-10-20,1273956,246578.5,177000,2.0,2.0,1130.0,236449.0,8,3,2018,11.0,1.0,246578.50
797,2020-10-19,1270420,450619.45,363900,3.0,3.0,1702.0,388844.0,25,15,2019,5.0,2.0,366000.00
799,2020-10-19,1268865,253243.57,49320,2.0,2.0,919.0,156319.0,25,14,2019,7.0,3.0,137000.00
809,2020-10-13,1269524,537391.27,453000,3.0,2.0,1458.0,310462.0,31,23,2019,5.0,2.0,537391.27
826,2020-10-13,1269834,555577.4,338000,3.0,3.0,1684.0,433748.0,31,19,2019,5.0,2.0,443500.00
831,2020-10-13,1271182,400797.59,267009,2.0,2.0,1515.0,502293.0,31,16,2019,4.0,3.0,401287.59
832,2020-10-13,1271184,463966.58,264001,3.0,3.0,2206.0,338540.0,31,11,2018,6.0,1.0,283300.00
845,2020-10-07,1270595,115146.0,109912,1.0,1.0,592.0,151750.0,10,9,2019,2.0,1.0,115146.00
858,2020-10-05,1268939,344441.0,250300,2.0,2.0,1763.0,354752.0,22,7,2017,3.0,1.0,275000.00
895,2020-09-29,1269259,284218.52,102120,1.0,1.0,994.0,178777.0,20,13,2019,2.0,1.0,190000.00
919,2020-09-21,1267889,881277.03,643960,3.0,3.0,1334.0,1091276.0,13,11,2019,2.0,3.0,750000.00
2084,2020-03-10,1253058,306614.11,99189,2.0,2.0,1317.0,135138.0,55,25,2019,3.0,1.0,119250.00
2093,2020-03-10,1252852,1382370.94,550848,0.0,0.0,2869.0,417171.0,55,27,2019,3.0,1.0,665100.00
2131,2020-03-09,1246408,582550.18,307500,1.0,1.0,964.0,417171.0,66,20,2016,7.0,1.0,289827.24
2179,2020-03-04,1251267,582842.9,185145,3.0,2.0,1232.0,423178.0,57,8,2017,6.0,1.0,378698.20
2193,2020-03-04,1251264,149656.91,92889,3.0,2.0,1407.0,195413.0,57,33,2018,4.0,3.0,157827.35
2235,2020-03-02,1250828,265884.79,245610,2.0,2.0,1024.0,309272.0,59,55,2019,4.0,1.0,268204.86
2264,2020-03-02,1251471,103843.87,80000,1.0,1.0,898.0,112014.0,59,33,2018,3.0,1.0,104529.87
2280,2020-02-26,1250757,230599.48,215000,1.0,2.0,854.0,303539.0,30,27,2019,11.0,1.0,232494.75
2336,2020-02-24,1249364,157106.69,90000,1.0,1.0,768.0,348200.0,56,43,2019,7.0,1.0,120000.00
2364,2020-02-24,1249200,259748.37,148000,1.0,1.0,1230.0,176394.0,56,2,2011,6.0,1.0,139900.00
2378,2020-02-19,1248600,269354.26,91463,2.0,2.0,917.0,155708.0,36,3,2014,6.0,3.0,135000.00
2386,2020-02-19,1249208,3174627.44,876755,3.0,3.0,1641.0,400600.0,36,35,2019,4.5,1.0,887300.00
2391,2020-02-19,1250048,131682.31,62481,1.0,1.0,870.0,275600.0,36,24,2019,7.0,1.0,86450.00
2393,2020-02-19,1249604,439106.82,244207,2.0,2.0,1470.0,398686.0,36,29,2019,3.0,1.0,288750.00
2415,2020-02-18,1243071,320732.77,251000,1.0,1.0,740.0,283233.0,99,27,2016,3.0,1.0,320732.77
2536,2020-02-11,1249369,370931.36,258900,2.0,2.0,990.0,310234.0,10,8,2019,7.0,1.0,339000.00
2615,2020-02-05,1236217,217840.55,148500,1.0,1.0,757.0,167096.0,28,20,2018,3.0,1.0,139443.53
2713,2020-01-28,1243768,249195.34,117335,2.0,2.0,1030.0,189754.0,25,11,2016,3.0,6.0,278601.99
2762,2020-01-27,1246349,1207362.41,608000,2.0,2.0,1602.0,913426.0,76,66,2019,2.0,1.0,720000.00
2767,2020-01-27,1242911,193976.85,106080,2.0,2.0,835.0,146433.0,76,73,2019,3.0,2.0,91000.00
2840,2020-01-21,1233273,467812.77,160362,2.0,2.0,1421.0,659900.0,110,6,2011,8.0,1.0,339900.00
2911,2020-01-21,1241978,50662.31,164780,3.0,2.0,1150.0,218126.0,110,38,2017,2.0,5.0,50662.31
2919,2020-01-21,1243177,189123.48,151100,2.0,2.0,1157.0,191622.0,110,49,2018,2.0,1.0,134900.00
2920,2020-01-21,1247503,825040.32,499524,2.0,3.0,1660.0,534662.0,110,18,2015,7.0,1.0,399900.00
2990,2020-01-14,1247010,583535.73,336680,2.0,2.0,960.0,420653.0,36,14,2018,4.0,1.0,392490.89
3033,2020-01-13,1241022,419760.57,325622,2.0,2.0,1073.0,507128.0,72,62,2019,4.0,1.0,398500.00
3101,2020-01-08,1242577,238858.96,102511,3.0,2.0,1379.0,251500.0,58,2,2009,5.0,1.0,163000.00
3112,2020-01-08,1245455,1038172.57,1254000,3.0,4.0,2018.0,1262313.0,58,57,2019,3.0,1.0,999999.00
3116,2020-01-08,1243139,166279.28,126200,2.0,2.0,1353.0,212804.0,58,30,2018,3.0,1.0,166279.28
3140,2020-01-07,1242822,178192.91,95000,1.0,1.0,800.0,131977.0,86,11,2014,11.0,1.0,114600.00
3148,2020-01-07,1242821,159286.52,151007,2.0,2.0,1080.0,198593.0,86,83,2019,2.0,1.0,160819.53
3163,2020-01-07,1240871,51901.63,61079,1.0,1.0,620.0,73423.0,86,54,2018,4.0,1.0,51901.63
3181,2020-01-07,1242917,104359.74,76320,0.0,1.0,360.0,348100.0,86,74,2019,7.0,1.0,72151.87
3191,2020-01-07,1243633,797657.3,627741,2.0,2.0,1130.0,823417.0,86,12,2015,3.0,3.0,797657.30
3237,2020-01-06,1234725,127827.28,65151,2.0,2.0,905.0,84839.0,211,90,2017,7.0,1.0,78500.00
3238,2020-01-06,1231382,536046.64,351303,3.0,3.0,1226.0,400100.0,211,25,2014,3.0,1.0,333380.00
3245,2020-01-06,1236070,615292.58,360270,2.0,2.0,1397.0,575921.0,211,33,2015,4.0,10.0,508371.74
3258,2020-01-06,1229774,321341.59,153950,3.0,2.0,1465.0,246094.0,211,173,2019,4.0,1.0,175500.00
3288,2020-01-06,1229705,239786.7,61700,1.0,1.0,672.0,169261.0,211,84,2017,4.0,1.0,155000.00
3292,2020-01-06,1238353,284936.75,102637,1.0,1.0,741.0,139761.0,211,118,2018,3.0,1.0,140400.00
3342,2020-01-06,1242548,324754.09,146000,1.0,1.0,720.0,183789.0,211,109,2018,7.0,1.0,134940.00
3348,2020-01-06,1231683,226808.95,91152,2.0,2.0,892.0,148339.0,211,64,2017,4.0,2.0,120625.00
3369,2020-01-06,1241739,86202.92,40130,1.0,1.0,720.0,60660.0,211,170,2019,7.0,1.0,50000.00
3373,2020-01-06,1243014,653181.52,283248,3.0,2.0,1220.0,433740.0,211,48,2016,7.0,2.0,275300.00
3392,2020-01-06,1240275,190405.66,60068,0.0,0.0,904.0,167600.0,211,181,2019,2.0,1.0,124020.00
3403,2019-12-18,1240948,444654.11,290000,1.0,1.0,806.0,273088.0,33,20,2018,8.0,2.0,348600.00
3415,2019-12-18,1241264,195252.52,82321,1.0,1.0,620.0,147219.0,33,22,2019,3.0,1.0,127500.00
3429,2019-12-17,1239972,135003.92,116550,1.0,1.0,1125.0,204300.0,28,21,2019,7.0,2.0,111900.00
3447,2019-12-16,1239758,122754.84,101115,0.0,0.0,321.0,540300.0,61,56,2019,4.0,1.0,85000.00
3536,2019-12-11,1240415,293024.92,97272,1.0,1.0,432.0,142603.0,57,11,2016,14.0,2.0,90720.00
3587,2019-12-09,1239895,94347.71,80600,0.0,0.0,584.0,140359.0,88,3,2014,4.0,2.0,85265.31
3592,2019-12-09,1227387,262394.02,156450,2.0,2.0,845.0,200959.0,88,27,2017,8.0,1.0,195000.00
3597,2019-12-09,1236899,258004.89,205394,2.0,2.0,1235.0,265358.0,88,30,2017,4.0,1.0,252000.00
3622,2019-12-09,1239754,207848.22,135044,2.0,1.0,830.0,158448.0,88,81,2019,4.0,1.0,142500.00
3664,2019-12-04,1239761,164685.23,124036,1.0,1.0,575.0,197060.0,28,5,2016,7.0,1.0,164685.23
3700,2019-12-02,1239688,594726.37,326000,3.0,2.0,1930.0,289405.0,75,38,2018,7.0,1.0,312000.00
3723,2019-12-02,1237908,292623.02,132000,2.0,1.0,722.0,156651.0,75,55,2019,4.0,1.0,137700.00
3743,2019-12-02,1237734,199979.41,104908,1.0,1.0,635.0,134544.0,75,66,2019,3.0,1.0,199979.41
3858,2019-11-25,1238139,336156.88,215000,3.0,2.0,1900.0,278960.0,66,64,2019,2.0,1.0,336156.88
3915,2019-11-19,1234433,3592831.35,3033945,3.0,3.0,4000.0,4013170.0,19,15,2018,14.0,1.0,3592831.35
3940,2019-11-18,1234431,276750.74,154000,2.0,2.0,1061.0,190303.0,49,16,2016,7.0,1.0,166500.00
3962,2019-11-18,1230603,421692.06,255000,1.0,1.0,1005.0,280988.0,49,28,2017,3.0,4.0,440356.83
3980,2019-11-13,1212883,211614.43,100000,2.0,2.0,1048.0,133014.0,35,22,2018,3.0,1.0,117000.00
3998,2019-11-13,1214538,231257.06,183970,2.0,2.0,1050.0,249318.0,35,23,2018,7.0,1.0,217787.00
4003,2019-11-13,1234554,327013.3,181300,3.0,2.0,1253.0,231056.0,35,21,2018,4.0,2.0,233000.00
4060,2019-11-12,1228059,2461958.74,983400,0.0,0.0,1912.0,1280304.0,109,11,2014,7.0,1.0,1100000.00
4079,2019-11-12,1234694,453398.39,285930,1.0,1.0,776.0,401500.0,109,94,2019,3.0,1.0,340000.00
4098,2019-11-12,1236007,479581.02,300510,1.0,1.0,776.0,417200.0,109,95,2019,3.0,1.0,340000.00
4111,2019-11-12,1231705,21210.32,99189,2.0,2.0,1317.0,135899.0,109,74,2018,1.0,2.0,25800.00
4132,2019-11-06,1233522,145852.07,167500,0.0,0.0,1232.0,217511.0,40,14,2017,3.0,5.0,168852.07
4145,2019-11-06,1229967,174059.84,177450,2.0,2.0,1102.0,219484.0,40,31,2018,4.0,4.0,174059.84
4147,2019-11-06,1227391,298750.28,171500,1.0,2.0,905.0,234391.0,40,30,2018,3.0,1.0,303737.34
4168,2019-11-05,1232998,440820.79,302940,1.0,1.0,776.0,402979.0,33,28,2019,3.0,1.0,340000.00
4184,2019-11-04,1217755,363857.02,203700,2.0,2.0,1185.0,361300.0,37,24,2018,11.0,1.0,268000.00
4191,2019-11-04,1233402,449414.53,283500,1.0,1.0,776.0,401500.0,37,33,2019,3.0,1.0,340000.00
4247,2019-10-30,1231149,68720.01,69179,1.0,1.0,1036.0,99213.0,51,26,2018,1.0,2.0,70500.00
4283,2019-10-29,1215453,481358.53,222770,2.0,2.0,1090.0,472600.0,57,1,2008,12.0,8.0,497647.68
4300,2019-10-29,1231181,507504.26,131000,0.0,0.0,1162.0,278800.0,57,16,2016,4.0,4.0,178125.00
4310,2019-10-29,1231155,238131.5,127009,2.0,2.0,1023.0,161609.0,57,52,2019,2.0,2.0,108500.00
4328,2019-10-28,1232163,463749.76,331290,1.0,1.0,788.0,417521.0,58,53,2019,5.0,3.0,463749.76
4331,2019-10-28,1226452,302242.46,115463,1.0,1.0,827.0,166155.0,58,22,2017,7.0,1.0,146080.00
4343,2019-10-28,1225846,438136.73,293629,2.0,2.0,1158.0,381384.0,58,27,2018,3.0,1.0,297800.00
4347,2019-10-28,1225437,546265.88,233047,2.0,2.0,1048.0,320924.0,58,2,2012,6.0,2.0,290000.00
4353,2019-10-28,1221973,444654.11,290000,1.0,1.0,806.0,273088.0,58,45,2018,8.0,2.0,371700.00
4361,2019-10-28,1230269,255141.64,170000,2.0,2.0,910.0,223904.0,58,54,2019,2.0,1.0,195300.00
4401,2019-10-23,1233071,451290.37,293220,1.0,1.0,776.0,436991.0,44,38,2019,3.0,1.0,340000.00
4415,2019-10-22,1224979,226448.51,224100,2.0,2.0,1520.0,352958.0,33,9,2016,7.0,4.0,215000.00
4488,2019-10-21,1232310,126686.82,104509,2.0,1.0,639.0,135212.0,50,28,2018,5.0,2.0,128143.64
4523,2019-10-16,1231100,160889.37,86250,2.0,2.0,930.0,123077.0,45,34,2018,3.0,1.0,118000.00
4534,2019-10-16,1230037,313020.26,259000,2.0,2.0,1492.0,307592.0,45,26,2018,3.0,4.0,240380.00
4590,2019-10-15,1232147,295808.29,198900,2.0,2.0,1140.0,239350.0,104,72,2018,5.0,2.0,210000.00
4663,2019-10-07,1217804,792656.17,639981,3.0,2.0,1191.0,755050.0,41,10,2016,4.0,1.0,599900.00
4664,2019-10-07,1231016,223464.28,73185,1.0,1.0,1036.0,104684.0,41,12,2016,21.0,1.0,224070.53
4711,2019-10-02,1230448,87196.62,699000,2.0,2.0,1590.0,832288.0,27,1,2015,1.0,1.0,70000.00
4725,2019-10-01,1226237,302390.75,117720,2.0,2.0,1003.0,164708.0,94,43,2018,8.0,1.0,123240.00
4740,2019-10-01,1226451,140939.89,83200,1.0,1.0,496.0,119562.0,94,42,2018,6.0,1.0,68900.00
4743,2019-10-01,1229523,611395.98,278300,2.0,2.0,1326.0,353679.0,94,55,2018,3.0,1.0,306850.00
4756,2019-10-01,1229732,781065.69,232780,2.0,2.0,968.0,321081.0,94,88,2019,6.0,1.0,399700.00
4768,2019-10-01,1229154,139004.43,93900,2.0,2.0,1040.0,129251.0,94,91,2019,2.0,1.0,121000.00
4769,2019-10-01,1228061,383496.21,219700,2.0,2.0,1187.0,260393.0,94,6,2014,5.0,1.0,299000.00
4780,2019-10-01,1222733,117914.67,113088,2.0,2.0,1400.0,146757.0,94,59,2018,7.0,2.0,120740.80
4790,2019-10-01,1216997,349924.72,272000,2.0,2.0,1024.0,328167.0,94,14,2016,5.0,1.0,357483.06
4797,2019-10-01,1216362,324740.29,161700,2.0,2.0,1005.0,197477.0,94,9,2015,3.0,1.0,161460.00
4823,2019-09-25,1228579,293024.92,97272,1.0,1.0,432.0,142694.0,42,14,2016,14.0,2.0,293024.92
4839,2019-09-24,1225079,342229.38,200800,1.0,1.0,788.0,260076.0,21,17,2018,5.0,1.0,226800.00
4849,2019-09-24,1225600,367559.86,309976,1.0,1.0,854.0,380425.0,21,21,2019,6.0,1.0,300000.00
4861,2019-09-23,1228740,342183.29,382330,0.0,0.0,2249.0,362600.0,53,41,2018,7.0,1.0,347920.72
4880,2019-09-23,1212622,961654.3,627371,3.0,2.0,1191.0,663979.0,53,14,2016,5.0,1.0,988940.59
4893,2019-09-23,1224711,262461.49,180300,3.0,2.0,1451.0,225551.0,53,19,2017,6.0,3.0,285164.45
4906,2019-09-18,1226881,2343630.98,2663000,3.0,4.0,2504.0,353000.0,23,23,2019,5.0,2.0,2343630.98
4922,2019-09-17,1227618,300046.64,271547,2.0,2.0,1255.0,369845.0,11,2,2013,7.0,10.0,363776.24
4997,2019-09-11,1225078,294803.29,327300,1.0,2.0,792.0,349570.0,17,17,2019,3.0,1.0,294803.29
5075,2019-09-09,1213104,244721.49,130950,2.0,1.0,968.0,174607.0,79,33,2017,4.0,1.0,175750.00
5275,2019-08-27,1221963,231795.82,141557,1.0,1.0,860.0,213791.0,32,22,2018,9.0,1.0,165000.00
5303,2019-08-26,1224327,130508.37,95000,2.0,2.0,1040.0,121341.0,84,76,2018,5.0,1.0,85400.00
5305,2019-08-26,1215745,237564.73,140700,2.0,2.0,1106.0,169100.0,84,57,2018,2.0,1.0,153720.00
5325,2019-08-26,1216177,82518.67,96600,2.0,2.0,1087.0,117864.0,84,20,2015,1.0,1.0,82518.67
5341,2019-08-26,1225096,276759.96,125660,2.0,2.0,976.0,272300.0,84,62,2018,7.0,1.0,126000.00
5371,2019-08-21,1224329,486737.43,462334,3.0,2.0,1605.0,525106.0,27,15,2018,3.0,1.0,429888.00
5388,2019-08-20,1215467,264494.41,130810,2.0,2.0,1100.0,180869.0,24,10,2017,5.0,1.0,137280.00
5409,2019-08-20,1210212,119910.16,77364,0.0,1.0,307.0,184217.0,24,12,2017,7.0,1.0,126910.16
5413,2019-08-19,1217291,598185.98,321700,1.0,1.0,1046.0,477229.0,75,8,2013,6.0,2.0,449000.00
5416,2019-08-19,1223196,966784.14,614000,3.0,3.0,2340.0,658729.0,75,19,2016,6.0,1.0,552000.00
5452,2019-08-19,1222133,392444.41,235249,1.0,1.0,997.0,213245.0,75,32,2017,7.0,3.0,245600.00
5470,2019-08-19,1223116,807924.43,520000,2.0,2.0,1266.0,677206.0,75,24,2016,6.0,1.0,700482.50
5479,2019-08-19,1219904,328113.79,127602,1.0,1.0,507.0,175414.0,75,20,2016,10.0,3.0,130410.00
5483,2019-08-14,1223182,805544.88,759000,2.0,3.0,3173.0,330600.0,29,20,2018,10.0,1.0,810923.64
5490,2019-08-14,1223124,172996.45,99792,3.0,2.0,1182.0,125290.0,29,25,2019,3.0,1.0,82485.00
5494,2019-08-14,1209752,539148.77,250000,2.0,2.0,1175.0,317934.0,29,10,2017,6.0,1.0,302000.00
5502,2019-08-14,1221736,605954.87,239900,2.0,2.0,1522.0,330499.0,29,21,2018,4.0,3.0,279000.00
5510,2019-08-13,1223091,609726.66,607953,2.0,2.0,1607.0,636750.0,22,21,2019,3.0,2.0,617423.80
5549,2019-08-12,1219907,375615.69,283500,3.0,2.0,1499.0,333087.0,61,26,2017,5.0,2.0,389131.47
5564,2019-08-12,1218768,277550.8,171000,0.0,0.0,1300.0,261562.0,61,60,2019,4.0,1.0,158746.00
5631,2019-08-05,1221759,152410.15,93600,2.0,2.0,895.0,118783.0,68,37,2018,7.0,1.0,105000.00
5710,2019-07-30,1215276,179408.73,180000,2.0,1.0,692.0,218154.0,26,26,2018,4.0,1.0,179967.62
5716,2019-07-30,1219909,314200.95,170000,2.0,2.0,910.0,344600.0,26,12,2016,4.0,2.0,198000.00
5729,2019-07-29,1216172,74403.43,130114,1.0,1.0,825.0,253383.0,75,19,2016,2.0,4.0,25128.00
5741,2019-07-29,1216200,205395.12,106080,2.0,2.0,870.0,134919.0,75,48,2018,3.0,1.0,128000.00
5743,2019-07-29,1220548,155651.88,55967,1.0,1.0,423.0,100481.0,75,67,2018,4.0,2.0,26400.00
5751,2019-07-29,1206615,470611.77,227505,3.0,2.0,1450.0,290055.0,75,13,2014,5.0,1.0,255200.00
5771,2019-07-29,1215818,551329.33,258936,2.0,2.0,1214.0,330737.0,75,8,2014,7.0,6.0,324900.00
5813,2019-07-24,1211662,199506.24,93000,2.0,2.0,960.0,106398.0,23,13,2017,3.0,1.0,102600.00
5817,2019-07-24,1217284,1171362.45,645600,2.0,2.0,1688.0,797926.0,23,21,2018,6.0,2.0,1171362.45
5828,2019-07-22,1215486,332512.58,276969,2.0,2.0,895.0,298854.0,87,18,2015,9.0,1.0,294100.00
5856,2019-07-22,1217801,169966.5,99680,3.0,2.0,1182.0,126334.0,87,80,2019,3.0,1.0,169966.50
5884,2019-07-22,1205704,202900.7,107961,1.0,1.0,510.0,159004.0,87,49,2018,2.0,1.0,147250.00
5901,2019-07-22,1205701,248370.74,117000,3.0,2.0,1348.0,144206.0,87,12,2014,28.0,1.0,111780.00
5906,2019-07-17,1218861,253532.18,180000,2.0,1.0,858.0,224874.0,28,27,2019,4.5,1.0,159000.00
5930,2019-07-17,1213031,124802.78,79968,1.0,1.0,676.0,95037.0,28,22,2018,4.0,1.0,78000.00
5953,2019-07-16,1218867,394805.7,180000,2.0,2.0,1060.0,231577.0,36,21,2017,7.0,1.0,185640.00
6027,2019-07-15,1213955,1055189.73,703900,2.0,2.0,1322.0,1068925.0,80,42,2018,8.0,4.0,1087828.73
6064,2019-07-10,1217773,1036545.92,331034,2.0,2.0,1409.0,737247.0,40,5,2013,4.0,1.0,612400.00
6083,2019-07-09,1214438,167473.93,64168,0.0,0.0,1234.0,240100.0,21,3,2016,3.0,1.0,167473.93
6097,2019-07-09,1214450,411412.05,261250,1.0,1.0,868.0,364100.0,21,14,2018,5.0,1.0,311000.00
6139,2019-07-08,1216981,344533.79,324330,1.0,2.0,1050.0,367331.0,75,35,2018,4.0,1.0,347089.35
6158,2019-07-08,1216998,282518.13,151000,3.0,2.0,1015.0,209485.0,75,30,2017,22.5,1.0,176000.00
6184,2019-07-03,1215475,198849.91,136104,2.0,1.0,900.0,159024.0,35,35,2019,3.0,1.0,108500.00
6206,2019-07-02,1218674,156623.74,119500,2.0,2.0,1180.0,157223.0,19,12,2017,6.0,5.0,106904.90
6218,2019-07-02,1210587,238677.18,100000,3.0,2.0,1024.0,127207.0,19,13,2017,6.0,1.0,122000.00
6223,2019-07-01,1215740,149553.16,147900,2.0,2.0,1138.0,361000.0,85,78,2018,7.0,1.0,149553.16
6266,2019-07-01,1215739,519337.78,304500,3.0,2.0,1320.0,370323.0,85,9,2013,6.0,1.0,297500.00
6290,2019-07-01,1213791,219940.49,111000,2.0,1.0,980.0,147982.0,85,74,2018,3.0,2.0,114550.00
6293,2019-07-01,1200476,228518.21,107800,0.0,1.0,420.0,153988.0,85,21,2016,8.0,1.0,113316.61
6312,2019-06-26,1215474,546265.88,233047,2.0,2.0,1048.0,324757.0,25,3,2012,6.0,2.0,275000.00
6317,2019-06-26,1215496,358297.95,303827,2.0,2.0,1234.0,380354.0,25,20,2018,4.0,1.0,364800.00
6324,2019-06-25,1215463,195052.07,140076,1.0,2.0,997.0,189849.0,31,26,2018,4.0,1.0,177235.66
6335,2019-06-25,1215263,139391.35,110210,1.0,1.0,849.0,287600.0,31,23,2018,3.0,1.0,121063.90
6349,2019-06-25,1215464,174502.79,162750,3.0,2.0,1325.0,202102.0,31,28,2018,11.0,1.0,162000.00
6374,2019-06-24,1210159,758634.86,431015,3.0,2.0,1416.0,578171.0,73,26,2017,5.0,1.0,572679.80
6380,2019-06-24,1206920,895636.2,199135,1.0,1.0,825.0,248696.0,73,3,2009,10.0,1.0,909770.84
6397,2019-06-24,1210758,36113.16,130000,2.0,2.0,965.0,164866.0,73,9,2013,1.0,1.0,36113.16
6404,2019-06-24,1213105,292916.59,199718,2.0,2.0,1225.0,264223.0,73,70,2018,4.0,1.0,201000.00
6418,2019-06-19,1205728,1918976.86,1494138,2.0,2.0,2250.0,1959171.0,17,5,2016,3.0,1.0,1609400.00
6494,2019-06-17,1211037,191584.83,174190,1.0,1.0,702.0,219532.0,84,72,2018,3.0,2.0,176384.79
6498,2019-06-17,1198579,178112.25,93220,1.0,1.0,630.0,123472.0,84,51,2017,6.0,1.0,98000.00
6503,2019-06-17,1211791,251532.57,129390,2.0,2.0,1135.0,156117.0,84,61,2018,5.0,1.0,168000.00
6514,2019-06-17,1213356,1931778.55,1227300,5.0,6.0,4320.0,2070434.0,84,25,2016,4.0,2.0,1983760.93
6534,2019-06-17,1209646,1016610.61,625300,2.0,2.0,1298.0,721885.0,84,79,2018,6.0,1.0,1016610.61
6565,2019-06-11,1209624,194416.85,119100,2.0,2.0,925.0,159862.0,24,18,2018,7.0,1.0,163000.00
6620,2019-06-10,1212869,476922.69,322050,0.0,1.0,1267.0,404563.0,77,42,2017,4.0,1.0,403000.00
6647,2019-06-10,1210567,481087.39,430000,2.0,2.0,1190.0,489057.0,77,51,2018,2.0,1.0,449900.00
6727,2019-06-03,1211700,299830.21,230416,1.0,1.0,799.0,367500.0,88,81,2018,4.0,1.0,302050.17
6729,2019-06-03,1211232,603440.51,365640,2.0,2.0,1318.0,474319.0,88,48,2017,3.0,3.0,441600.00
6730,2019-06-03,1211694,220586.83,127009,2.0,2.0,1023.0,153652.0,88,61,2018,2.0,1.0,162000.00
6793,2019-05-29,1196372,67856.23,64600,2.0,2.0,1360.0,110364.0,19,12,2017,3.0,1.0,70008.76
6814,2019-05-28,1209001,2082988.14,995775,3.0,3.0,2343.0,1418768.0,98,33,2016,4.0,3.0,2202165.02
6826,2019-05-28,1208083,288085.68,185816,0.0,1.0,795.0,407700.0,98,25,2015,8.0,5.0,315491.66
6850,2019-05-28,1204977,218307.67,116000,1.0,1.0,725.0,356000.0,98,15,2014,11.0,1.0,140000.00
6864,2019-05-28,1208888,192533.55,109290,2.0,2.0,960.0,140557.0,98,55,2017,4.0,1.0,139000.00
6904,2019-05-22,1209964,75846.46,112000,2.0,2.0,1370.0,142940.0,36,26,2018,1.0,1.0,75846.46
6922,2019-05-21,1208227,32522.64,190400,3.0,2.0,1688.0,249837.0,39,13,2015,2.0,4.0,41900.00
6924,2019-05-21,1210061,1824333.72,542000,2.0,2.0,1990.0,684275.0,39,27,2017,2.0,1.0,900000.00
6995,2019-05-20,1207112,619296.11,425880,1.0,1.0,896.0,499036.0,54,47,2018,4.0,1.0,624988.31
6997,2019-05-20,1208260,2411707.13,2613600,5.0,5.0,3633.0,367300.0,54,53,2019,3.0,1.0,2411707.13
7043,2019-05-14,1197985,256751.2,140804,2.0,2.0,900.0,166095.0,23,13,2017,5.0,1.0,170000.00
7111,2019-05-13,1206909,450191.73,267064,0.0,0.0,1398.0,332427.0,89,52,2017,4.0,1.0,301000.00
7122,2019-05-13,1202737,104678.39,89500,1.0,1.0,542.0,120023.0,89,73,2018,2.0,1.0,93150.00
7141,2019-05-13,1197915,222127.04,110160,2.0,2.0,1004.0,142791.0,89,56,2017,4.0,1.0,133000.00
7149,2019-05-08,1206590,426656.81,231100,1.0,2.0,1290.0,329382.0,21,15,2017,4.0,2.0,278080.00
7152,2019-05-08,1205809,601897.81,414900,1.0,1.0,808.0,466266.0,21,11,2017,4.0,1.0,508082.05
7194,2019-05-06,1196764,186938.07,119700,1.0,1.0,689.0,129495.0,61,33,2017,6.0,1.0,117679.49
7198,2019-05-06,1207182,86933.87,82450,3.0,1.0,935.0,240700.0,61,7,2014,5.0,7.0,82400.00
7210,2019-05-06,1201176,336652.26,160000,3.0,2.0,1660.0,137290.0,61,14,2016,4.0,3.0,200000.00
7227,2019-05-06,1205452,166675.31,92820,1.0,1.0,610.0,125270.0,61,36,2017,4.0,1.0,121000.00
7248,2019-05-01,1206863,172242.3,125000,1.0,1.0,777.0,149014.0,33,7,2016,52.0,1.0,140000.00
7279,2019-04-30,1205547,216020.09,137276,1.0,1.0,912.0,685100.0,41,5,2012,4.0,2.0,171000.00
7288,2019-04-30,1205243,232877.06,99360,2.0,1.0,784.0,143830.0,41,41,2018,3.0,1.0,145000.00
7293,2019-04-30,1196471,434436.49,213200,3.0,2.0,1364.0,269103.0,41,22,2017,3.0,1.0,271000.00
7315,2019-04-29,1199333,173399.04,50483,3.0,2.0,1280.0,165405.0,65,10,2014,5.0,5.0,143000.00
7336,2019-04-29,1196152,160668.0,93000,2.0,2.0,970.0,131801.0,65,46,2018,5.0,1.0,163533.44
7344,2019-04-29,1200142,215348.98,120156,1.0,1.0,634.0,144619.0,65,21,2016,4.0,1.0,111643.36
7346,2019-04-29,1206111,303537.13,113800,1.0,1.0,913.0,363500.0,65,43,2017,5.0,1.0,130900.00
7367,2019-04-29,1199805,121920.59,60690,1.0,1.0,840.0,265000.0,65,38,2017,6.0,1.0,80000.00
7416,2019-04-22,1206841,266415.27,180700,1.0,1.0,990.0,237435.0,68,1,2007,6.0,1.0,235878.96
7467,2019-04-22,1190926,221262.69,67945,1.0,1.0,1036.0,107383.0,68,39,2017,8.0,1.0,87000.00
7498,2019-04-17,1200926,1063670.73,791000,0.0,0.0,2120.0,1111049.0,27,3,2012,10.0,2.0,1076000.00
7523,2019-04-15,1202478,57128.15,187470,2.0,2.0,1268.0,292330.0,75,74,2018,1.0,1.0,57128.15
7524,2019-04-15,1200169,112029.03,61079,1.0,1.0,620.0,75806.0,75,41,2017,8.0,1.0,61600.00
7559,2019-04-15,1200420,191350.9,73008,1.0,2.0,861.0,99354.0,75,70,2018,6.0,1.0,89000.00
7579,2019-04-15,1202441,781154.86,390700,3.0,3.0,1600.0,363500.0,75,6,2013,3.0,1.0,786958.66
7644,2019-04-08,1199131,541999.79,522345,2.0,2.0,1260.0,665327.0,86,35,2016,12.0,1.0,541999.79
7660,2019-04-08,1187718,62760.54,180000,2.0,2.0,1060.0,233995.0,86,42,2017,3.0,1.0,65817.48
7724,2019-04-03,1200174,205185.69,113000,2.0,1.0,665.0,142532.0,57,51,2018,3.0,1.0,136000.00
7754,2019-04-03,1199793,269354.26,91463,2.0,2.0,917.0,148317.0,57,7,2014,6.0,3.0,280641.09
7757,2019-04-03,1198931,233047.49,112141,0.0,1.0,481.0,217730.0,57,54,2018,3.0,1.0,190460.00
7777,2019-04-02,1200146,146313.81,97500,0.0,1.0,420.0,129587.0,24,20,2018,4.0,1.0,127500.00
7780,2019-04-02,1187652,367136.94,205000,2.0,2.0,1010.0,258123.0,24,15,2017,7.0,1.0,261000.00
7814,2019-04-01,1199807,303257.9,118944,2.0,2.0,1141.0,179867.0,80,43,2017,4.0,1.0,156000.00
7867,2019-03-27,1198966,144726.03,64050,2.0,2.0,1041.0,77095.0,45,30,2017,6.0,1.0,61920.00
7868,2019-03-27,1197727,2197876.05,1871759,3.0,3.0,2640.0,2791890.0,45,19,2016,7.0,3.0,2375000.00
7886,2019-03-27,1199118,205093.33,135000,2.0,2.0,1170.0,169530.0,45,40,2018,6.0,1.0,165000.00
7899,2019-03-27,1197602,400832.63,269390,2.0,2.0,1144.0,413521.0,45,7,2012,4.0,1.0,354200.00
7908,2019-03-26,1198517,39490.87,226100,1.0,1.0,1026.0,368021.0,22,16,2017,2.0,4.0,59478.75
8007,2019-03-19,1197982,278726.6,143373,1.0,1.0,617.0,187503.0,28,27,2018,3.0,1.0,180000.00
8045,2019-03-18,1196426,113450.05,113100,1.0,1.0,745.0,181543.0,78,45,2017,5.0,1.0,114890.27
8057,2019-03-18,1195174,597504.53,331600,2.0,2.0,1425.0,447331.0,78,6,2014,4.0,5.0,364000.00
8058,2019-03-18,1196691,533393.13,278996,1.0,2.0,1030.0,329051.0,78,71,2018,4.0,1.0,317000.00
8059,2019-03-18,1192696,172142.01,97242,0.0,1.0,660.0,149103.0,78,27,2016,2.0,2.0,118526.65
8110,2019-03-12,1195166,317433.35,275700,2.0,2.0,1190.0,391084.0,22,16,2017,3.0,2.0,340000.00
8209,2019-03-06,1196206,147887.13,150000,2.0,2.0,1140.0,183312.0,52,31,2017,3.0,1.0,142400.00
8240,2019-03-06,1194381,95191.04,61140,2.0,2.0,1077.0,164429.0,52,24,2017,3.0,3.0,30000.00
8259,2019-03-05,1195018,133839.76,98328,1.0,1.0,846.0,131520.0,22,7,2017,13.0,2.0,106717.50
8261,2019-03-05,1196154,149468.61,149400,2.0,2.0,925.0,184006.0,22,12,2018,3.0,1.0,150734.94
8321,2019-03-04,1181263,260287.68,118000,2.0,1.0,870.0,142753.0,72,54,2017,5.0,1.0,149000.00
8335,2019-02-27,1182779,141458.02,111000,1.0,1.0,787.0,137974.0,41,18,2017,13.0,1.0,140000.00
8345,2019-02-27,1194971,155236.74,140000,2.0,2.0,870.0,173336.0,41,22,2017,5.0,1.0,153120.00
8351,2019-02-27,1182073,314005.56,253000,1.0,1.0,710.0,299765.0,41,8,2015,10.0,1.0,280000.00
8399,2019-02-26,1194973,438311.93,204584,2.0,2.0,1000.0,290830.0,47,20,2016,7.0,1.0,240200.00
8406,2019-02-26,1193335,151785.63,132407,2.0,2.0,856.0,155633.0,47,33,2017,7.0,1.0,147000.00
8436,2019-02-25,1191855,35832.7,255700,1.0,1.0,988.0,352314.0,65,57,2018,1.0,2.0,43590.04
8447,2019-02-25,1176831,682417.29,225000,0.0,1.0,500.0,260100.0,65,14,2015,4.0,1.0,340000.00
8463,2019-02-25,1181302,459530.82,318000,3.0,2.0,1264.0,522784.0,65,43,2017,2.0,1.0,426000.00
8485,2019-02-20,1190971,291811.63,137000,3.0,2.0,1230.0,173709.0,54,36,2017,7.0,1.0,163800.00
8506,2019-02-20,1192948,266708.84,100430,1.0,1.0,974.0,121044.0,54,7,2012,4.0,1.0,93452.15
8541,2019-02-19,1192493,94347.71,80600,0.0,0.0,584.0,120789.0,82,11,2014,4.0,2.0,115059.89
8547,2019-02-19,1175650,700504.47,459400,2.0,2.0,1197.0,516060.0,82,39,2016,7.0,1.0,536337.14
8613,2019-02-13,1193340,430045.44,335000,1.0,1.0,776.0,375473.0,20,5,2017,3.0,1.0,361760.34
8621,2019-02-12,1191537,560324.68,266800,1.0,2.0,1310.0,364538.0,21,4,2016,3.0,6.0,560324.68
8630,2019-02-12,1192644,52094.18,134246,2.0,2.0,780.0,159661.0,21,20,2018,1.0,1.0,52094.18
8644,2019-02-11,1192550,158212.22,125000,2.0,2.0,845.0,156642.0,58,42,2017,4.0,1.0,159382.92
8648,2019-02-11,1179105,545180.14,274100,2.0,2.0,950.0,407216.0,58,25,2016,7.0,1.0,310250.00
8658,2019-02-11,1191075,334613.69,176900,0.0,1.0,552.0,229729.0,58,45,2017,4.0,1.0,281000.00
8771,2019-02-04,1190955,284675.84,223850,3.0,2.0,1550.0,268320.0,65,56,2018,6.0,1.0,202000.00
8849,2019-01-28,1184555,632629.99,406805,3.0,2.0,1427.0,409742.0,75,56,2017,7.0,2.0,358275.00
8871,2019-01-28,1176444,273690.0,116437,2.0,2.0,1224.0,175355.0,75,18,2016,11.0,1.0,147654.58
8898,2019-01-28,1189841,233025.23,228950,1.0,1.0,825.0,273937.0,75,74,2018,1.0,1.0,234891.47
8943,2019-01-22,1184550,201121.54,135000,2.0,2.0,1093.0,171406.0,126,116,2018,7.0,1.0,157500.00
8959,2019-01-22,1185519,114133.48,220000,1.0,1.0,690.0,296670.0,126,13,2012,1.0,2.0,114808.48
8986,2019-01-22,1181113,303029.65,159402,2.0,2.0,1310.0,205471.0,126,21,2014,5.0,1.0,165750.00
8988,2019-01-22,1182607,263700.3,158817,3.0,2.0,1716.0,200111.0,126,112,2018,8.0,1.0,189965.00
8989,2019-01-22,1188343,959104.17,228813,2.0,2.0,1023.0,335001.0,126,20,2014,5.0,1.0,266250.00
9006,2019-01-22,1190025,69132.0,1673000,4.0,4.0,2485.0,2773245.0,126,123,2018,1.0,1.0,69132.00
9031,2019-01-22,1175674,1847130.33,1673000,4.0,4.0,2485.0,2773245.0,126,122,2018,3.0,1.0,1900000.00
9043,2019-01-22,1187242,331317.26,179800,1.0,1.0,852.0,333865.0,126,51,2016,18.0,2.0,334081.26
9059,2019-01-16,1175322,1435777.21,865700,3.0,4.0,3262.0,369600.0,54,30,2017,3.0,1.0,1465836.73
9107,2019-01-15,1184495,177714.31,91000,1.0,1.0,571.0,154937.0,41,38,2018,2.0,1.0,90000.00
9110,2019-01-15,1183689,206902.0,156450,2.0,2.0,845.0,169600.0,41,21,2017,2.0,5.0,146787.61
9120,2019-01-15,1183690,259995.7,121300,2.0,1.0,985.0,156831.0,41,34,2017,4.0,2.0,163000.00
9209,2019-01-14,1182056,314017.46,111720,2.0,2.0,956.0,121352.0,108,34,2016,7.0,3.0,96365.49
9215,2019-01-14,1183704,226478.83,121700,2.0,1.0,870.0,160227.0,108,100,2018,4.0,1.0,157000.00
9220,2019-01-14,1185926,185013.94,99622,2.0,2.0,920.0,125986.0,108,93,2018,5.0,1.0,125000.00
9230,2019-01-14,1182829,129097.29,74736,1.0,1.0,1036.0,89570.0,108,76,2017,4.0,2.0,50200.00
9235,2019-01-14,1186479,550622.49,339340,2.0,2.0,960.0,398698.0,108,90,2018,4.0,1.0,341300.00
9238,2019-01-14,1183705,141353.01,100500,1.0,1.0,583.0,120799.0,108,36,2016,6.0,1.0,110700.00
9361,2019-01-08,1187646,1060340.29,840750,3.0,3.0,1641.0,1153846.0,155,130,2017,3.0,1.0,1060340.29
9369,2019-01-08,1181441,685737.93,489300,2.0,2.0,1218.0,604778.0,155,153,2018,5.0,1.0,564960.00
9446,2019-01-07,1185135,1763404.74,604894,2.0,2.0,1529.0,815552.0,203,64,2016,13.0,1.0,1770739.74
9452,2019-01-07,1165088,362203.84,259300,2.0,2.0,1245.0,398181.0,203,122,2017,4.0,2.0,374170.84
9474,2019-01-07,1182787,252424.22,157700,1.0,1.0,837.0,298350.0,203,163,2018,6.0,1.0,255238.35
9481,2019-01-07,1178820,207458.38,165278,1.0,1.0,741.0,473700.0,203,68,2016,8.0,4.0,207458.38
9484,2019-01-07,1185927,443337.56,205000,2.0,2.0,1010.0,264384.0,203,66,2016,4.0,2.0,255021.50
9505,2019-01-07,1185299,494992.66,290588,2.0,2.0,985.0,413300.0,203,200,2018,7.0,1.0,409000.00
9511,2019-01-07,1185273,430349.02,307100,2.0,2.0,1245.0,392334.0,203,79,2016,5.0,1.0,370556.21
9532,2019-01-07,1182780,245665.56,109200,1.0,1.0,750.0,131512.0,203,151,2017,4.0,1.0,132000.00
9540,2019-01-07,1184837,206477.32,85000,2.0,2.0,816.0,115384.0,203,147,2017,4.0,1.0,90000.00
9544,2019-01-07,1173080,160038.86,140700,3.0,2.0,1100.0,185847.0,203,120,2017,3.0,1.0,148800.00
9597,2019-01-07,1179041,395389.14,362000,3.0,3.0,1694.0,507762.0,203,132,2017,6.0,3.0,385963.06
9599,2019-01-07,1176912,887535.9,436900,2.0,2.0,1380.0,514227.0,203,89,2016,5.0,1.0,912650.31
9618,2019-01-07,1183111,545706.78,307412,2.0,2.0,1158.0,419409.0,203,2,2008,6.0,6.0,349900.00
9635,2018-12-12,1181800,244625.78,124600,2.0,2.0,1045.0,175826.0,47,8,2013,10.0,7.0,287857.49
9643,2018-12-12,1183654,321649.34,312501,2.0,2.0,1051.0,369093.0,47,24,2017,4.0,1.0,322406.47
9647,2018-12-12,1182048,395179.39,140165,1.0,1.0,712.0,193983.0,47,13,2016,3.0,1.0,261329.64
9650,2018-12-12,1182181,102222.51,99000,3.0,2.0,1195.0,134173.0,47,31,2017,11.0,2.0,110000.00
9651,2018-12-12,1182367,192568.63,136000,2.0,2.0,1075.0,168845.0,47,33,2017,7.0,1.0,167000.00
9685,2018-12-11,1176875,409686.91,177000,2.0,2.0,1015.0,316500.0,19,12,2017,9.0,2.0,180400.00
9691,2018-12-11,1174226,316110.0,152000,3.0,2.0,1240.0,184127.0,19,16,2018,4.0,1.0,150000.00
9701,2018-12-10,1181293,265299.07,108528,3.0,1.0,1167.0,251600.0,84,65,2018,4.0,1.0,85050.00
9713,2018-12-10,1182585,386521.32,233100,2.0,2.0,1040.0,433900.0,84,31,2016,6.0,5.0,333751.00
9724,2018-12-10,1168790,609268.22,445000,2.0,2.0,1260.0,649990.0,84,32,2016,7.0,1.0,589508.98
9748,2018-12-10,1182640,224790.46,87550,2.0,2.0,1192.0,113657.0,84,74,2018,5.0,1.0,120000.00
9778,2018-12-05,1180544,206743.91,108528,3.0,1.0,1167.0,125351.0,52,45,2018,3.0,1.0,97200.00
9800,2018-12-05,1183042,208852.56,137000,2.0,1.0,1050.0,167098.0,52,37,2017,2.0,1.0,153000.00
9841,2018-12-03,1172038,242145.05,116813,1.0,1.0,790.0,171154.0,138,98,2017,6.0,1.0,163000.00
9858,2018-12-03,1167534,399492.59,158540,3.0,2.0,1205.0,798700.0,138,92,2017,11.0,1.0,158760.00
9905,2018-12-03,1167898,258354.14,119000,2.0,2.0,1077.0,170435.0,138,71,2017,7.0,1.0,123768.77
9906,2018-12-03,1181399,195135.14,131890,3.0,2.0,1266.0,165400.0,138,127,2018,3.5,1.0,109650.00
9942,2018-12-03,1181398,382441.35,194037,2.0,1.0,926.0,238370.0,138,85,2017,5.0,1.0,208100.00
9988,2018-11-27,1181300,695501.64,238450,1.0,1.0,562.0,306675.0,19,9,2017,6.0,1.0,703049.24
9990,2018-11-27,1180078,1004262.97,320351,2.0,2.0,1200.0,447545.0,19,16,2017,5.0,2.0,360000.00
10123,2018-11-21,1178171,93380.97,120000,2.0,2.0,978.0,138670.0,38,24,2017,2.0,1.0,95152.29
10186,2018-11-19,1177597,304993.43,128400,3.0,2.0,880.0,155169.0,69,33,2016,3.0,1.0,145350.00
10194,2018-11-19,1175520,314704.4,136394,2.0,2.0,922.0,232505.0,69,41,2017,2.0,3.0,318332.01
10263,2018-11-13,1177605,227692.6,154500,2.0,1.0,1056.0,216733.0,113,86,2017,5.0,1.0,202400.00
10269,2018-11-13,1164371,160653.48,50715,2.0,2.0,1315.0,112648.0,113,33,2015,2.0,2.0,108000.00
10287,2018-11-13,1178481,11703.52,203900,1.0,1.0,600.0,242216.0,113,110,2018,2.0,2.0,12000.00
10300,2018-11-13,1174018,261182.12,212600,0.0,0.0,1635.0,359472.0,113,95,2018,6.0,1.0,261182.12
10305,2018-11-13,1176836,512451.06,206115,0.0,0.0,1963.0,296400.0,113,113,2018,7.0,1.0,260300.00
10311,2018-11-13,1163894,688328.04,310982,2.0,2.0,1251.0,494800.0,113,87,2017,4.0,1.0,460000.00
10329,2018-11-13,1163749,413240.36,216000,2.0,2.0,1525.0,348487.0,113,67,2017,4.0,1.0,346500.00
10330,2018-11-13,1176827,370348.38,191800,2.0,2.0,1085.0,247815.0,113,93,2017,5.0,1.0,204000.00
10373,2018-11-07,1173376,777118.5,627741,2.0,2.0,1130.0,811366.0,55,12,2015,3.0,3.0,777118.50
10391,2018-11-06,1177433,844663.52,412000,2.0,2.0,1430.0,611599.0,89,2,2010,7.0,1.0,504000.00
10481,2018-11-05,1175652,137655.6,97000,1.0,1.0,725.0,119647.0,93,84,2017,3.0,1.0,138758.82
10502,2018-10-31,1176843,246952.65,117700,2.0,2.0,926.0,160701.0,44,35,2017,2.0,1.0,160000.00
10507,2018-10-31,1176348,1184305.42,800000,3.0,2.0,2290.0,2940810.0,44,15,2016,2.0,3.0,1256401.74
10529,2018-10-30,1167536,164249.36,99360,1.0,1.0,634.0,264500.0,25,10,2016,6.0,1.0,109786.86
10552,2018-10-29,1174415,23568.81,61079,1.0,1.0,620.0,76279.0,84,63,2017,1.0,1.0,23568.81
10570,2018-10-29,1175505,150916.98,97868,0.0,1.0,432.0,125081.0,84,61,2017,5.0,1.0,138000.00
10597,2018-10-29,1177244,286062.68,125001,3.0,3.0,1234.0,150667.0,84,60,2017,3.0,1.0,150000.00
10612,2018-10-29,1175649,149116.59,78000,1.0,1.0,473.0,118904.0,84,64,2017,6.0,1.0,117000.00
10618,2018-10-29,1174509,229873.17,145500,2.0,2.0,1010.0,197400.0,84,59,2017,7.0,1.0,176000.00
10625,2018-10-29,1174243,1176566.25,1009400,3.0,4.0,3200.0,1542952.0,84,72,2018,2.0,1.0,1176566.25
10645,2018-10-24,1173692,443183.98,281100,2.0,2.0,1190.0,409541.0,31,23,2016,9.0,1.0,446301.05
10661,2018-10-23,1175404,750910.96,317900,1.0,2.0,1975.0,888368.0,30,24,2017,3.0,1.0,428375.39
10669,2018-10-23,1175429,468102.52,213400,1.0,1.0,726.0,314727.0,30,27,2017,4.0,1.0,259000.00
10725,2018-10-22,1173685,207405.43,267510,2.0,2.0,1218.0,327191.0,80,20,2015,7.0,4.0,214268.20
10759,2018-10-17,1173098,291791.0,107000,1.0,1.0,588.0,127588.0,70,19,2015,9.0,1.0,84500.00
10785,2018-10-17,1172973,727502.21,377200,3.0,2.0,1866.0,540897.0,70,33,2016,3.5,1.0,448325.00
10796,2018-10-17,1173673,304448.96,281000,2.0,2.0,1357.0,350920.0,70,62,2018,9.0,1.0,290000.00
10800,2018-10-17,1174242,178928.61,99360,2.0,1.0,784.0,144979.0,70,54,2017,4.0,1.0,137000.00
10801,2018-10-17,1174390,210189.98,153000,2.0,2.0,1036.0,357200.0,70,57,2017,5.0,1.0,173900.00
10802,2018-10-17,1173081,853726.22,597038,2.0,2.0,1734.0,888063.0,70,45,2017,6.0,1.0,859730.74
10823,2018-10-16,1172173,196986.49,128000,1.0,1.0,710.0,158708.0,79,57,2017,5.0,1.0,141000.00
10826,2018-10-16,1172954,190419.52,112000,1.0,1.0,680.0,142360.0,79,62,2017,3.0,1.0,131100.00
10846,2018-10-16,1172442,269354.26,91463,2.0,2.0,917.0,135099.0,79,21,2014,6.0,3.0,272898.20
10859,2018-10-16,1172138,168867.74,105500,1.0,1.0,735.0,134213.0,79,77,2018,2.0,1.0,116450.00
10879,2018-10-16,1174549,129097.29,74736,1.0,1.0,1036.0,79984.0,79,56,2017,4.0,2.0,55100.00
10880,2018-10-16,1171642,766542.97,289524,2.0,2.0,1255.0,373671.0,79,45,2016,4.0,2.0,315000.00
10898,2018-10-16,1172408,222871.51,233757,2.0,2.0,1316.0,283843.0,79,58,2017,3.0,1.0,225042.56
10900,2018-10-15,1170515,969066.94,639500,2.0,2.0,1322.0,666402.0,97,10,2012,5.0,2.0,1008980.18
10905,2018-10-15,1159464,488284.05,380000,2.0,2.0,1450.0,509503.0,97,57,2017,2.0,1.0,449000.00
10910,2018-10-15,1168960,661778.58,264241,3.0,2.0,1428.0,424877.0,97,20,2014,4.0,2.0,340425.00
10954,2018-10-15,1160020,180542.99,91670,1.0,1.0,710.0,276900.0,97,61,2017,2.0,1.0,95580.00
10964,2018-10-15,1169105,411297.37,201250,2.0,2.0,1520.0,264555.0,97,1,2008,5.0,5.0,215000.00
10976,2018-10-15,1171107,145655.13,132223,2.0,1.0,1026.0,353500.0,97,64,2017,6.0,1.0,131600.00
10987,2018-10-15,1172124,215301.03,195879,1.0,1.0,825.0,243333.0,97,50,2016,6.0,3.0,199000.00
11073,2018-10-09,1163216,298796.92,130950,2.0,1.0,968.0,177727.0,70,32,2016,4.0,1.0,136080.00
11089,2018-10-09,1169890,262293.12,150300,2.0,2.0,1083.0,198815.0,70,65,2018,3.0,1.0,164000.00
11113,2018-10-09,1159157,260910.38,119000,2.0,2.0,877.0,280800.0,70,14,2014,4.0,1.0,137280.00
11143,2018-10-03,1169829,112855.59,108000,2.0,2.0,758.0,140479.0,76,45,2017,6.0,1.0,109650.00
11144,2018-10-03,1169743,395852.55,272186,1.0,1.0,829.0,415600.0,76,65,2018,6.0,1.0,398402.50
11154,2018-10-03,1168793,251682.38,135800,2.0,1.0,1156.0,190118.0,76,20,2015,11.0,7.0,287478.13
11155,2018-10-03,1172053,448010.56,161088,2.0,2.0,1383.0,221300.0,76,24,2016,7.0,1.0,153000.00
11159,2018-10-03,1172114,263258.38,113500,2.0,1.0,998.0,140438.0,76,19,2015,4.0,1.0,126000.00
11167,2018-10-03,1168787,288188.64,107640,0.0,0.0,1149.0,133811.0,76,41,2017,6.0,3.0,304843.26
11170,2018-10-03,1169818,298857.34,197000,3.0,2.0,1070.0,239665.0,76,73,2018,5.0,1.0,223000.00
11171,2018-10-03,1169123,379118.09,213000,3.0,2.0,1790.0,256872.0,76,57,2017,5.0,1.0,241000.00
11182,2018-10-03,1169893,824112.7,314780,2.0,2.0,1174.0,417829.0,76,5,2010,4.0,3.0,277304.00
11183,2018-10-02,1166134,516379.11,275000,0.0,0.0,1120.0,329443.0,72,32,2015,6.0,7.0,315000.00
11210,2018-10-02,1169477,504452.97,363696,2.0,2.0,1267.0,752681.0,72,31,2015,6.0,2.0,504452.97
11218,2018-10-02,1169812,202682.02,143000,0.0,0.0,762.0,184509.0,72,71,2018,4.0,1.0,199000.00
11266,2018-10-01,1157052,315002.15,221299,1.0,1.0,736.0,298795.0,64,27,2016,3.0,1.0,225000.00
11291,2018-10-01,1161877,619766.92,358700,2.0,2.0,1824.0,609543.0,64,13,2015,6.0,1.0,619766.92
11331,2018-09-26,1167633,186557.45,118720,2.0,2.0,798.0,293000.0,113,24,2014,8.0,1.0,129000.00
11336,2018-09-26,1168399,673784.95,313100,3.0,3.0,1840.0,503911.0,113,88,2017,6.0,1.0,453000.00
11349,2018-09-26,1165480,400914.55,286400,2.0,2.0,1673.0,363037.0,113,13,2012,4.0,6.0,338600.00
11407,2018-09-26,1167389,202323.15,149000,2.0,2.0,1060.0,212314.0,113,83,2017,7.0,1.0,152000.00
11417,2018-09-25,1160792,309601.18,224539,0.0,1.0,868.0,195627.0,34,26,2017,5.0,2.0,237705.78
11480,2018-09-24,1156801,410562.62,219252,2.0,2.0,1052.0,408700.0,51,44,2017,4.0,1.0,270040.00
11497,2018-09-18,1169183,398627.69,177555,1.0,1.0,890.0,255591.0,78,68,2017,2.0,1.0,233750.00
11524,2018-09-18,1169841,47039.05,54600,1.0,1.0,784.0,243200.0,78,66,2017,3.0,1.0,47039.05
11545,2018-09-18,1170211,627084.81,395118,2.0,2.0,1280.0,571753.0,78,39,2016,6.0,1.0,374994.93
11581,2018-09-17,1155512,153210.08,122100,1.0,1.0,978.0,142668.0,58,33,2016,3.0,2.0,156538.17
11622,2018-09-12,1165829,506616.84,178000,1.0,1.0,1005.0,218023.0,70,41,2016,7.0,1.0,192139.69
11628,2018-09-12,1154424,195172.94,109200,1.0,1.0,750.0,129341.0,70,49,2017,3.0,1.0,117900.00
11638,2018-09-12,1159310,817727.65,254000,2.0,2.0,1116.0,383130.0,70,53,2017,3.0,1.0,830054.84
11715,2018-09-11,1163729,184632.47,187920,2.0,2.0,968.0,215756.0,91,77,2017,3.0,1.0,187100.07
11730,2018-09-11,1165247,286307.77,123000,3.0,2.0,1519.0,164900.0,91,79,2017,5.0,1.0,156000.00
11772,2018-09-05,1167415,327350.01,161455,2.0,2.0,1200.0,225249.0,52,19,2015,5.0,1.0,221000.00
11800,2018-09-05,1166113,269319.37,162545,1.0,1.0,507.0,228473.0,52,30,2016,8.0,1.0,202406.36
11821,2018-09-04,1146780,332329.91,144000,2.0,2.0,937.0,223372.0,35,16,2016,11.0,1.0,333320.49
11857,2018-08-29,1165080,204958.44,127000,1.0,1.0,710.0,157208.0,46,37,2017,8.0,1.0,158000.00
11872,2018-08-29,1165406,151385.9,102463,1.0,1.0,730.0,130901.0,46,44,2018,3.0,2.0,151385.90
11884,2018-08-28,1163738,27285.96,98400,2.0,2.0,1050.0,126489.0,92,45,2016,2.0,1.0,27600.00
11886,2018-08-28,1165695,207180.41,107415,1.0,1.0,750.0,262500.0,92,43,2016,7.0,1.0,115900.00
11890,2018-08-28,1164849,260735.32,65982,1.0,1.0,658.0,75006.0,92,71,2017,3.0,1.0,71000.00
11900,2018-08-28,1163913,481967.9,166950,2.0,2.0,963.0,215344.0,92,74,2017,5.0,1.0,224000.00
11911,2018-08-28,1164394,156888.04,107900,1.0,1.0,669.0,130495.0,92,3,2010,4.0,1.0,100080.00
11915,2018-08-28,1163896,239543.06,176800,3.0,2.0,1190.0,189754.0,92,64,2017,8.0,1.0,197000.00
11930,2018-08-28,1163424,75900.23,87700,3.0,2.0,1150.0,156697.0,92,27,2015,11.0,6.0,80882.67
11944,2018-08-28,1164158,262461.49,180300,3.0,2.0,1451.0,232181.0,92,62,2017,6.0,3.0,269578.53
11956,2018-08-28,1164104,973456.0,480600,1.0,1.0,900.0,436000.0,92,69,2017,4.0,1.0,600000.00
11960,2018-08-28,1164493,311524.09,115280,2.0,2.0,1024.0,154060.0,92,80,2017,3.0,1.0,139000.00
11976,2018-08-27,1162147,272800.62,159700,1.0,1.0,510.0,205922.0,80,66,2017,3.0,1.0,275536.62
11994,2018-08-27,1150925,1305090.53,621496,3.0,2.0,2440.0,679043.0,80,7,2012,4.0,2.0,653883.86
11998,2018-08-27,1160794,220309.6,160920,2.0,2.0,954.0,216588.0,80,13,2014,5.0,4.0,148169.98
12038,2018-08-22,1159955,217368.37,155550,1.0,1.0,679.0,245176.0,52,21,2016,2.0,6.0,230310.39
12072,2018-08-22,1163688,205062.12,114250,3.0,3.0,1423.0,163700.0,52,18,2016,8.0,2.0,144966.00
12106,2018-08-21,1163739,178561.92,140804,2.0,2.0,900.0,155490.0,59,42,2017,4.0,1.0,141300.00
12111,2018-08-21,1163545,479276.29,279864,2.0,2.0,1362.0,400544.0,59,19,2015,3.0,2.0,375000.00
12142,2018-08-21,1163720,186464.61,122364,2.0,2.0,1113.0,146457.0,59,40,2017,4.0,2.0,123975.05
12181,2018-08-20,1160818,1295085.34,2206000,3.0,3.0,3075.0,368100.0,67,64,2018,1.0,1.0,1349579.78
12236,2018-08-14,1139725,694670.12,682000,2.0,2.0,1623.0,758089.0,33,20,2016,8.0,1.0,714000.12
12271,2018-08-13,1148628,515168.43,232900,2.0,2.0,1340.0,384333.0,68,23,2015,4.0,1.0,410000.00
12298,2018-08-13,1153388,494216.06,210000,3.0,2.0,1464.0,271496.0,68,27,2016,3.0,3.0,361949.71
12351,2018-08-08,1160669,289446.96,152000,3.0,2.0,1120.0,301200.0,41,27,2016,8.0,4.0,186700.00
12380,2018-08-07,1164218,420617.78,155400,2.0,2.0,922.0,224577.0,61,39,2017,4.0,1.0,423847.86
12387,2018-08-07,1162947,298726.2,173312,1.0,2.0,768.0,244295.0,61,33,2016,9.0,1.0,275100.00
12397,2018-08-07,1161242,167629.36,113800,2.0,1.0,882.0,161304.0,61,26,2016,6.0,3.0,143742.90
12400,2018-08-07,1162116,86618.71,88500,1.0,1.0,900.0,93643.0,61,29,2016,49.0,1.0,87911.14
12419,2018-08-07,1161620,248894.05,186000,2.0,2.0,1150.0,233400.0,61,44,2017,7.0,1.0,229000.00
12425,2018-08-06,1158713,2152443.36,1568176,3.0,3.0,2214.0,2609218.0,56,56,2018,2.0,1.0,1863200.00
12480,2018-08-01,1161477,265694.44,189210,2.0,2.0,1351.0,234276.0,33,24,2017,3.0,1.0,227000.00
12484,2018-08-01,1161105,340760.48,163040,0.0,1.0,507.0,226622.0,33,2,2013,5.0,2.0,180950.00
12491,2018-08-01,1158701,139554.51,141000,2.0,2.0,960.0,165881.0,33,26,2017,2.0,1.0,141309.95
12493,2018-08-01,1161653,252241.61,105966,2.0,2.0,1050.0,144879.0,33,25,2017,4.0,1.0,150000.00
12499,2018-08-01,1161890,147243.96,96177,1.0,1.0,583.0,120025.0,33,21,2017,3.0,1.0,88290.00
12603,2018-07-27,1161209,641402.61,178000,1.0,1.0,1005.0,204680.0,18,3,2015,8.0,2.0,184800.00
12619,2018-07-26,1161287,166708.99,91180,1.0,1.0,583.0,129837.0,50,34,2017,5.0,1.0,87696.63
12626,2018-07-26,1160930,161069.21,135000,1.0,1.0,596.0,174821.0,50,42,2017,3.0,1.0,162780.91
12630,2018-07-26,1159698,778902.92,250700,1.0,1.0,750.0,307477.0,50,32,2016,9.0,3.0,254402.70
12635,2018-07-26,1159756,256917.04,197700,2.0,2.0,1139.0,373600.0,50,37,2017,3.0,2.0,279216.24
12645,2018-07-26,1161177,81689.16,82088,1.0,1.0,480.0,139538.0,50,43,2017,4.0,1.0,68250.00
12663,2018-07-25,1158830,125466.15,102850,2.0,2.0,1180.0,119424.0,51,25,2016,2.0,6.0,133227.66
12672,2018-07-25,1159735,213909.17,85347,2.0,2.0,1045.0,113907.0,51,43,2017,2.0,1.0,76500.00
12697,2018-07-25,1159352,237224.18,112000,1.0,1.0,680.0,141803.0,51,41,2017,7.0,1.0,238204.00
12708,2018-07-24,1155115,871067.47,189049,1.0,1.0,754.0,243803.0,87,17,2016,14.0,2.0,250000.00
12720,2018-07-24,1156951,285033.67,133100,1.0,1.0,740.0,525000.0,87,38,2017,3.0,1.0,153120.00
12728,2018-07-24,1160025,243585.55,120000,2.0,2.0,978.0,131827.0,87,43,2017,7.5,1.0,131000.00
12739,2018-07-24,1156809,237565.61,175000,2.0,2.0,1350.0,192507.0,87,41,2017,3.0,1.0,190000.00
12751,2018-07-23,1149888,29628.95,68250,1.0,1.0,840.0,75136.0,50,40,2017,1.0,1.0,29628.95
12771,2018-07-23,1156260,381355.96,374100,1.0,1.0,881.0,499986.0,50,50,2017,9.0,1.0,385061.26
12791,2018-07-23,1155289,794359.09,430153,2.0,2.0,1147.0,566305.0,50,3,2010,3.0,3.0,485817.81
12803,2018-07-20,1158786,511332.2,186235,2.0,2.0,1015.0,244184.0,24,19,2017,19.0,2.0,148230.00
12837,2018-07-18,1159146,162553.46,100430,1.0,1.0,974.0,118393.0,52,21,2015,4.0,1.0,74750.00
12850,2018-07-18,1158047,138430.08,151599,2.0,2.0,1100.0,262000.0,52,46,2017,7.0,2.0,134000.00
12856,2018-07-18,1155944,750751.75,429300,2.0,2.0,1005.0,438300.0,52,36,2017,4.0,1.0,750751.75
12879,2018-07-18,1158846,156804.67,89838,0.0,0.0,722.0,122944.0,52,41,2017,6.0,1.0,100000.00
12901,2018-07-16,1159446,200851.2,128865,1.0,1.0,854.0,199023.0,60,49,2017,5.0,1.0,151000.00
12907,2018-07-16,1160665,196980.7,124200,2.0,1.0,940.0,167791.0,60,38,2017,4.0,1.0,198830.78
12914,2018-07-16,1155281,256124.62,115360,2.0,1.0,828.0,142926.0,60,43,2017,3.0,1.0,117730.00
12921,2018-07-16,1148633,215293.38,86250,2.0,2.0,930.0,110395.0,60,34,2016,8.0,1.0,108000.00
12932,2018-07-16,1154933,384571.16,198550,1.0,1.0,846.0,291927.0,60,58,2017,2.0,1.0,247300.00
12937,2018-07-16,1154990,809364.9,282697,2.0,2.0,1099.0,346935.0,60,18,2015,2.0,1.0,334000.00
12945,2018-07-16,1159315,277038.43,170100,2.0,1.0,677.0,222202.0,60,21,2015,5.0,3.0,197800.00
13004,2018-07-12,1158411,303187.57,123600,2.0,1.0,848.0,151733.0,85,38,2017,2.0,1.0,303187.57
13026,2018-07-12,1148506,602884.11,335000,1.0,1.0,940.0,440069.0,85,22,2016,5.0,1.0,514429.78
13095,2018-07-09,1157718,57345.0,98547,2.0,2.0,1317.0,120441.0,45,32,2016,3.0,1.0,59800.00
13112,2018-07-09,1157048,171534.45,120500,2.0,1.0,1085.0,158021.0,45,44,2017,5.0,1.0,172977.23
13161,2018-07-06,1156097,247440.09,114450,1.0,1.0,689.0,139509.0,62,55,2017,2.0,1.0,119700.00
13182,2018-07-05,1157566,48023.16,295700,2.0,2.0,1257.0,373600.0,22,15,2017,1.0,1.0,48023.16
13184,2018-07-05,1157569,431147.28,197252,1.0,2.0,990.0,285183.0,22,20,2018,3.0,1.0,198000.00
13200,2018-07-03,1154199,1025314.18,658045,2.0,2.0,2620.0,1092406.0,39,2,2009,9.0,7.0,571822.81
13234,2018-07-02,1151322,267135.94,201600,0.0,1.0,407.0,309433.0,32,13,2014,7.0,7.0,250000.00
13252,2018-07-02,1140850,324693.6,149227,2.0,2.0,1150.0,186717.0,32,31,2017,5.0,1.0,331528.79
13325,2018-06-25,1159727,215301.03,195879,1.0,1.0,825.0,250163.0,53,43,2016,6.0,3.0,185000.00
13335,2018-06-25,1140244,353022.28,105600,2.0,1.0,950.0,151245.0,53,33,2016,2.0,1.0,105300.00
13337,2018-06-25,1155946,169210.65,70300,1.0,1.0,813.0,100260.0,53,47,2017,2.0,1.0,167310.57
13351,2018-06-22,1145326,884714.99,607100,2.0,2.0,1185.0,752311.0,39,32,2017,5.0,1.0,664648.06
13388,2018-06-21,1144924,156802.62,149000,2.0,2.0,1060.0,183385.0,66,10,2016,6.0,1.0,140000.00
13508,2018-06-18,1149240,101127.15,50200,1.0,1.0,720.0,330300.0,68,59,2017,3.0,1.0,73150.00
13520,2018-06-15,1139409,359794.44,136104,2.0,2.0,978.0,292177.0,25,24,2017,5.0,1.0,243950.00
13554,2018-06-13,1151553,171425.28,92400,2.0,1.0,800.0,115412.0,34,4,2013,8.0,9.0,199527.18
13566,2018-06-13,1151832,32155.54,82000,1.0,1.0,640.0,133771.0,34,24,2017,2.0,1.0,32155.54
13609,2018-06-12,1152044,157711.16,58695,2.0,2.0,1038.0,160571.0,50,43,2017,2.0,1.0,154000.00
13679,2018-06-08,1152276,300817.16,180000,2.0,2.0,1032.0,226298.0,26,26,2017,5.0,1.0,194000.00
13698,2018-06-06,1151139,209202.28,96970,1.0,1.0,555.0,120181.0,22,21,2017,3.0,1.0,104500.00
13706,2018-06-06,1150911,342092.42,234100,2.0,2.0,1500.0,374800.0,22,20,2017,8.0,1.0,301750.00
13750,2018-06-04,1149389,215509.31,91000,1.0,1.0,608.0,125111.0,73,56,2017,2.0,5.0,103550.00
13786,2018-06-04,1149096,416253.3,174000,1.0,1.0,1000.0,238757.0,73,15,2013,3.0,1.0,224000.00
13811,2018-06-01,1150205,123737.64,60557,2.0,2.0,960.0,139927.0,67,46,2017,4.0,1.0,115318.14
13828,2018-06-01,1150176,114693.05,105609,3.0,2.0,1348.0,170000.0,67,45,2017,3.0,1.0,115725.11
13830,2018-06-01,1151140,277101.09,115800,0.0,1.0,530.0,193627.0,67,3,2009,3.0,1.0,173000.00
13833,2018-06-01,1149889,116864.39,84222,1.0,1.0,465.0,105037.0,67,36,2016,4.0,2.0,72090.00
13835,2018-06-01,1150858,212142.01,203300,1.0,1.0,825.0,378100.0,67,67,2017,4.0,1.0,212142.00
13839,2018-06-01,1150465,148471.24,46681,2.0,0.0,1136.0,193633.0,67,26,2016,7.0,4.0,159277.87
13848,2018-06-01,1150905,215289.28,101053,1.0,1.0,725.0,121556.0,67,38,2016,4.0,1.0,199554.93
13859,2018-05-31,1149846,249620.66,118000,2.0,2.0,870.0,143453.0,19,19,2017,5.0,1.0,117400.00
13879,2018-05-30,1149404,39633.89,93220,1.0,1.0,630.0,129491.0,47,47,2018,2.0,1.0,26780.00
13888,2018-05-30,1146374,396824.41,194877,2.0,2.0,1125.0,257545.0,47,11,2012,4.0,2.0,255000.00
13895,2018-05-30,1145533,247492.02,137465,2.0,2.0,1140.0,169562.0,47,31,2016,14.0,2.0,133650.00
13914,2018-05-30,1145752,184832.9,188700,3.0,2.0,1554.0,218453.0,47,30,2016,6.0,2.0,156330.00
13926,2018-05-29,1136000,297285.57,173819,1.0,2.0,757.0,233322.0,63,38,2016,4.0,1.0,235363.14
13928,2018-05-29,1132370,220351.69,65100,0.0,1.0,420.0,373800.0,63,31,2016,3.0,2.0,91800.00
13983,2018-05-25,1149832,119212.97,99831,2.0,2.0,1317.0,116694.0,35,14,2016,7.0,3.0,80400.00
14058,2018-05-23,1147656,2220440.39,1446200,3.0,3.0,2744.0,2817532.0,62,34,2017,4.0,1.0,2220440.39
14064,2018-05-23,1147400,3852263.1,2504000,4.0,6.0,4141.0,4177171.0,62,45,2017,3.0,2.0,3451319.00
14075,2018-05-23,1147951,524512.12,435000,2.0,2.0,1260.0,766412.0,62,1,2008,4.0,2.0,752033.16
14083,2018-05-23,1140369,499432.61,210000,3.0,2.0,1464.0,265700.0,62,24,2016,4.0,1.0,237600.00
14090,2018-05-23,1147372,689045.36,469920,0.0,0.0,1424.0,492700.0,62,44,2017,4.0,3.0,689045.36
14153,2018-05-21,1144452,430561.52,257538,2.0,2.0,1251.0,369091.0,57,35,2016,9.0,1.0,261807.14
14155,2018-05-21,1130998,276487.65,119700,3.0,2.0,1125.0,141915.0,57,6,2010,7.0,3.0,121700.00
14178,2018-05-18,1149792,184195.08,107480,2.0,1.0,716.0,341400.0,40,30,2017,4.0,1.0,83315.11
14192,2018-05-18,1147223,516963.92,324800,2.0,2.0,1800.0,376100.0,40,4,2011,8.0,2.0,335750.00
14249,2018-05-16,1146503,549382.02,140072,1.0,1.0,685.0,286100.0,47,9,2014,2.0,1.0,145010.55
14253,2018-05-16,1138696,288399.98,104328,1.0,1.0,680.0,133903.0,47,12,2014,3.0,5.0,95200.00
14255,2018-05-16,1146815,539151.72,433685,2.0,2.0,1327.0,664623.0,47,47,2017,3.0,1.0,500000.00
14256,2018-05-16,1146867,259857.91,104800,1.0,1.0,586.0,292500.0,47,44,2017,3.0,1.0,261953.27
14268,2018-05-15,1129901,290065.54,156500,0.0,1.0,543.0,205681.0,28,10,2016,9.0,1.0,186000.00
14272,2018-05-15,1129637,225150.08,137000,2.0,1.0,767.0,198609.0,28,15,2016,7.0,1.0,155125.00
14346,2018-05-11,1139764,335278.42,133100,1.0,1.0,520.0,266100.0,62,26,2016,19.0,2.0,199000.00
14355,2018-05-11,1145781,186236.39,119900,1.0,1.0,900.0,160622.0,62,12,2014,3.0,3.0,170000.00
14381,2018-05-11,1142465,298015.03,107016,3.0,2.0,1176.0,140086.0,62,10,2013,8.0,2.0,211528.24
14384,2018-05-11,1145927,400878.4,206000,1.0,1.0,953.0,303403.0,62,53,2017,2.0,1.0,255295.94
14387,2018-05-11,1145860,280482.28,167273,1.0,1.0,741.0,183864.0,62,40,2017,3.0,1.0,189280.62
14435,2018-05-07,1137572,226751.18,114586,2.0,2.0,1213.0,373800.0,18,12,2016,9.0,1.0,143100.00
14473,2018-05-03,1137406,163144.53,111152,2.0,1.0,765.0,134573.0,65,15,2016,2.0,1.0,114111.14
14533,2018-05-01,1144082,603236.49,326700,2.0,2.0,1088.0,539820.0,28,5,2012,6.0,3.0,387082.80
14605,2018-04-27,1140452,667990.68,496700,2.0,2.0,1128.0,757594.0,30,30,2017,4.0,1.0,677990.68
14609,2018-04-27,1142600,129540.21,104251,1.0,1.0,558.0,368000.0,30,5,2013,5.0,3.0,91700.00
14634,2018-04-26,1145032,340411.11,155400,0.0,1.0,682.0,215378.0,22,19,2017,3.0,1.0,190188.50
14683,2018-04-24,1144386,49425.01,95000,2.0,2.0,1040.0,116338.0,46,31,2016,1.0,2.0,49425.01
14693,2018-04-24,1143551,240054.62,162620,3.0,2.0,1652.0,238022.0,46,44,2017,3.0,1.0,240054.62
14717,2018-04-23,1130992,273802.44,107730,1.0,1.0,765.0,131902.0,59,42,2016,3.0,1.0,93150.00
14751,2018-04-23,1140212,1196955.13,263471,2.0,2.0,968.0,398618.0,59,26,2015,2.0,1.0,451014.07
14762,2018-04-20,1141585,113722.26,95354,1.0,1.0,740.0,137375.0,33,24,2016,4.0,2.0,118610.21
14766,2018-04-20,1143859,264536.6,112000,1.0,1.0,680.0,140106.0,33,25,2016,4.0,1.0,107730.00
14858,2018-04-17,1142484,74165.99,66950,2.0,1.0,1075.0,79090.0,50,43,2017,5.0,1.0,65000.00
14866,2018-04-16,1143242,500303.55,313405,2.0,2.0,960.0,428570.0,64,62,2017,9.0,1.0,500303.55
14902,2018-04-16,1142413,228295.03,115796,1.0,1.0,700.0,162095.0,64,48,2016,13.0,3.0,236266.33
14953,2018-04-12,1141817,635787.34,531000,2.0,2.0,1590.0,443200.0,65,3,2013,7.0,4.0,595000.00
14958,2018-04-12,1139982,244517.72,112000,1.0,1.0,680.0,140128.0,65,16,2016,3.0,3.0,113400.00
14968,2018-04-11,1140022,346642.53,154600,0.0,1.0,497.0,235865.0,64,32,2016,2.0,1.0,349183.28
14979,2018-04-11,1142679,280448.15,127602,1.0,1.0,507.0,172492.0,64,53,2017,4.0,1.0,167200.00
14996,2018-04-11,1141185,224867.25,105000,3.0,2.0,1062.0,229200.0,64,50,2017,7.0,1.0,107950.00
15014,2018-04-11,1140215,292833.72,111565,1.0,1.0,699.0,124695.0,64,10,2014,5.0,1.0,151400.00
15022,2018-04-11,1141180,173722.36,106080,2.0,2.0,870.0,124340.0,64,54,2017,4.0,1.0,106900.00
15023,2018-04-11,1141576,314200.95,170000,2.0,2.0,910.0,343900.0,64,41,2016,4.0,2.0,215000.00
15051,2018-04-10,1141739,161883.05,314780,2.0,2.0,1174.0,436073.0,38,1,2008,6.0,4.0,60000.00
15092,2018-04-09,1136891,146021.49,99036,2.0,2.0,1000.0,219200.0,57,27,2016,3.0,2.0,99440.00
15114,2018-04-06,1140880,335362.32,132200,2.0,2.0,930.0,172027.0,23,5,2013,6.0,4.0,144487.77
15192,2018-04-05,1139651,1805833.79,1749503,3.0,3.0,2214.0,2657380.0,113,71,2017,4.0,1.0,1585000.00
15198,2018-04-05,1139654,552429.01,251600,1.0,2.0,816.0,293285.0,113,75,2017,8.0,1.0,552429.01
15201,2018-04-05,1139401,453186.59,183900,1.0,1.0,990.0,245963.0,113,41,2016,3.0,2.0,370568.57
15216,2018-04-04,1140718,406156.12,390083,2.0,2.0,1290.0,421900.0,29,25,2017,5.0,4.0,439556.12
15238,2018-04-03,1137398,60711.39,66950,2.0,1.0,1075.0,89800.0,10,9,2016,3.0,1.0,61264.23
15239,2018-04-03,1136363,211981.03,158700,3.0,2.0,1550.0,168561.0,10,7,2016,5.0,2.0,153000.00
15370,2018-03-27,1137927,19805.27,195700,2.0,2.0,1235.0,246033.0,50,37,2016,3.0,3.0,23300.00
15387,2018-03-26,1135000,288254.13,130950,2.0,1.0,968.0,188658.0,60,37,2016,5.0,3.0,129600.00
15408,2018-03-26,1121700,146924.74,99395,1.0,1.0,760.0,135500.0,60,27,2016,3.0,1.0,80500.00
15433,2018-03-26,1135229,316422.45,151000,2.0,2.0,1033.0,203137.0,60,26,2016,4.0,1.0,172200.00
15438,2018-03-23,1135665,105729.97,102711,1.0,2.0,937.0,215640.0,31,17,2016,10.0,1.0,103320.00
15460,2018-03-23,1134239,1295056.24,1072000,1.0,2.0,1429.0,3338100.0,31,9,2013,5.0,5.0,1170000.00
15486,2018-03-22,1138335,403395.08,226502,1.0,1.0,791.0,327923.0,38,29,2016,6.0,1.0,279900.00
15517,2018-03-21,1138162,78065.68,140000,3.0,2.0,1160.0,167990.0,72,30,2015,1.0,3.0,40000.00
15615,2018-03-19,1133553,761042.56,497004,2.0,3.0,1497.0,648408.0,64,12,2014,4.0,5.0,571265.00
15652,2018-03-16,1136067,322962.81,105242,1.0,1.0,699.0,124135.0,27,2,2013,21.0,1.0,156200.00
15675,2018-03-15,1136058,204191.89,118309,2.0,2.0,912.0,149944.0,114,61,2017,6.0,1.0,144000.00
15686,2018-03-15,1135846,167415.24,146000,2.0,2.0,1000.0,192800.0,114,62,2017,2.0,1.0,151900.00
15704,2018-03-15,1136723,414760.35,157300,2.0,2.0,1157.0,230087.0,114,5,2009,3.0,1.0,205000.00
15733,2018-03-15,1136059,47043.31,189135,0.0,1.0,467.0,204693.0,114,70,2017,2.0,1.0,47043.31
15808,2018-03-12,1132719,73468.19,65835,2.0,2.0,1025.0,81102.0,33,13,2016,13.0,3.0,75878.51
15836,2018-03-12,1132552,210449.83,166100,3.0,2.0,1142.0,256400.0,33,31,2017,4.0,2.0,184000.00
15839,2018-03-09,1132106,181655.61,142310,2.0,2.0,1060.0,168023.0,54,3,2012,5.0,7.0,217474.76
15896,2018-03-08,1133038,682388.77,337819,3.0,3.0,1486.0,450483.0,68,4,2015,4.0,1.0,442800.00
15932,2018-03-06,1135886,35142.87,35760,0.0,0.0,596.0,195600.0,23,23,2017,1.0,1.0,35142.87
16011,2018-03-02,1134038,267996.24,145729,1.0,1.0,640.0,261671.0,19,9,2014,6.0,3.0,179798.00
16038,2018-03-01,1135208,31534.74,119000,2.0,2.0,877.0,272000.0,78,31,2017,1.0,1.0,31534.74
16110,2018-02-26,1132977,1066162.2,570096,3.0,2.0,2266.0,767900.0,33,4,2014,4.0,2.0,699658.03
16157,2018-02-22,1133360,187696.95,105500,3.0,2.0,1126.0,129094.0,26,26,2017,5.0,1.0,122000.00
16221,2018-02-20,1134666,430782.59,150500,1.0,1.0,666.0,224000.0,45,29,2016,4.5,1.0,220000.00
16239,2018-02-20,1133176,197411.22,119700,1.0,1.0,440.0,185374.0,45,39,2017,3.0,2.0,194500.00
16283,2018-02-15,1132659,200553.49,106080,2.0,2.0,835.0,103041.0,87,29,2017,2.0,1.0,144000.00
16368,2018-02-13,1123289,265616.35,104328,1.0,1.0,680.0,144162.0,34,21,2016,3.0,4.0,96000.00
16409,2018-02-12,1117547,339993.08,289929,1.0,1.0,907.0,444370.0,38,33,2017,5.5,1.0,353375.65
16448,2018-02-08,1118653,925729.28,247500,2.0,2.0,1175.0,339716.0,73,15,2016,3.0,1.0,320000.00
16538,2018-02-05,1115297,205776.97,184000,3.0,2.0,1387.0,229351.0,34,29,2016,12.0,1.0,195790.60
16650,2018-01-29,1122295,129698.54,74753,2.0,2.0,1110.0,162632.0,38,36,2017,6.0,1.0,131370.21
16695,2018-01-26,1121191,320932.59,155012,1.0,1.0,630.0,236550.0,45,41,2017,4.0,2.0,227249.00
16723,2018-01-25,1127830,444289.71,342200,3.0,2.0,1840.0,499149.0,28,8,2015,4.0,1.0,455302.46
16730,2018-01-25,1113096,324387.81,176000,3.0,2.0,1187.0,202892.0,28,9,2016,4.0,1.0,244354.01
16740,2018-01-25,1119463,168271.96,89800,0.0,1.0,390.0,118765.0,28,20,2016,11.0,3.0,120000.00
16790,2018-01-24,1119631,402902.8,279367,2.0,2.0,1255.0,423100.0,62,17,2014,5.0,2.0,334700.00
16814,2018-01-23,1127140,124806.25,84600,2.0,2.0,940.0,102835.0,61,37,2016,5.0,1.0,83200.00
16816,2018-01-23,1127131,659996.15,224300,1.0,1.0,729.0,323131.0,61,19,2014,3.0,1.0,511613.94
16819,2018-01-23,1125821,210504.84,212161,1.0,1.0,802.0,382400.0,61,60,2017,3.0,1.0,212500.00
16848,2018-01-23,1127259,297453.34,155000,1.0,1.0,1005.0,372700.0,61,48,2017,6.0,1.0,199720.74
16855,2018-01-23,1134226,173639.12,96300,1.0,1.0,547.0,365600.0,61,29,2016,13.0,1.0,94000.00
16880,2018-01-22,1125062,400897.35,190723,1.0,2.0,768.0,233820.0,60,52,2017,3.0,1.0,176250.00
16913,2018-01-22,1127690,33740.47,140000,3.0,2.0,1190.0,169731.0,60,35,2016,1.0,2.0,33740.47
16947,2018-01-19,1126106,335474.55,165515,1.0,1.0,804.0,237143.0,54,12,2013,7.0,1.0,217624.70
16996,2018-01-17,1125048,374919.17,263237,3.0,2.0,1380.0,703800.0,53,16,2014,4.0,2.0,327581.00
17050,2018-01-16,1124359,418931.11,200916,1.0,1.0,900.0,274066.0,78,55,2016,4.0,1.0,253407.73
17161,2018-01-11,1116871,242879.96,111180,2.0,2.0,1004.0,144149.0,108,8,2014,10.0,1.0,116896.50
17173,2018-01-11,1116895,158775.38,152978,3.0,2.0,1548.0,201265.0,108,47,2017,6.0,1.0,113100.00
17178,2018-01-11,1124841,25570.11,123396,2.0,2.0,817.0,233700.0,108,34,2016,1.0,1.0,25570.11
17189,2018-01-11,1124526,431226.17,181800,1.0,1.0,788.0,266326.0,108,28,2016,5.0,1.0,216818.52
17192,2018-01-11,1123964,328201.32,120001,3.0,2.0,1169.0,222200.0,108,9,2014,8.0,6.0,104584.79
17215,2018-01-10,1126450,267135.94,201600,0.0,1.0,407.0,351446.0,63,14,2014,7.0,7.0,209000.00
17243,2018-01-10,1127134,45333.09,121300,2.0,1.0,985.0,155157.0,63,63,2017,1.0,1.0,47785.43
17261,2018-01-09,1114633,295916.91,120096,3.0,2.0,1184.0,234210.0,49,15,2015,10.0,2.0,215900.00
17265,2018-01-09,1125759,263233.99,134000,1.0,1.0,540.0,215075.0,49,49,2017,3.0,1.0,264866.18
17275,2018-01-09,1121662,190789.99,146000,1.0,1.0,660.0,246314.0,49,29,2016,5.0,1.0,201463.65
17276,2018-01-09,1115301,415626.66,140072,1.0,1.0,685.0,164580.0,49,25,2016,5.0,1.0,156000.00
17284,2018-01-09,1126217,496582.67,292500,2.0,2.0,1353.0,367758.0,49,37,2016,5.0,3.0,306765.00
17318,2018-01-08,1114080,377815.81,112385,2.0,2.0,1050.0,152884.0,97,62,2016,8.0,3.0,377815.00
17346,2018-01-08,1126391,626739.01,329717,3.0,2.0,1232.0,379942.0,97,7,2009,5.0,2.0,296484.27
17385,2018-01-08,1114139,543728.0,399600,3.0,2.0,1870.0,525908.0,97,5,2009,8.0,4.0,569000.00
17387,2018-01-05,1124919,256703.1,152332,3.0,2.0,1565.0,229341.0,80,19,2013,7.0,4.0,301788.47
17395,2018-01-05,1125045,204413.24,90200,2.0,2.0,1175.0,238400.0,80,42,2016,11.0,1.0,71843.00
17424,2018-01-05,1122292,204055.81,140004,2.0,2.0,950.0,158334.0,80,68,2017,4.0,1.0,206029.87
17426,2018-01-05,1122622,314427.15,120000,2.0,2.0,782.0,131265.0,80,41,2016,8.0,1.0,318621.91
17448,2018-01-05,1125565,448363.87,179000,0.0,0.0,762.0,220841.0,80,23,2014,6.0,2.0,462398.90
17451,2018-01-05,1122718,167130.69,165000,0.0,1.0,787.0,236668.0,80,54,2016,3.0,2.0,168723.19
17464,2018-01-04,1108710,154428.08,112300,1.0,1.0,895.0,170050.0,101,55,2017,4.0,1.0,157604.17
17513,2018-01-03,1123460,356093.93,230000,3.0,3.0,1184.0,380022.0,67,42,2016,3.0,1.0,339000.00
17542,2018-01-03,1122709,276874.74,142000,3.0,2.0,1264.0,176472.0,67,47,2016,7.0,1.0,276874.74
17547,2018-01-03,1123960,23119.87,93035,2.0,2.0,1040.0,100849.0,67,56,2017,2.0,1.0,23119.87
17561,2018-01-03,1123640,560324.68,266800,1.0,2.0,1310.0,395751.0,67,41,2016,3.0,6.0,560709.68
17564,2018-01-03,1107378,451855.44,234738,1.0,1.0,729.0,423100.0,67,13,2014,4.0,1.0,330000.00
17685,2017-12-13,1121843,31292.4,186900,3.0,2.0,1380.0,250457.0,60,59,2017,2.0,2.0,33684.03
17688,2017-12-13,1122068,51807.96,301724,2.0,2.0,1158.0,417500.0,60,25,2015,1.0,2.0,33000.00
17692,2017-12-13,1119198,256856.22,145000,2.0,2.0,921.0,176251.0,60,31,2016,4.0,2.0,143650.00
17698,2017-12-13,1122489,168500.81,80434,0.0,1.0,307.0,247899.0,60,53,2017,6.0,1.0,100000.00
17785,2017-12-08,1119219,810332.5,901444,3.0,2.0,2224.0,424300.0,32,13,2015,1.0,6.0,990426.05
17786,2017-12-08,1119471,177254.16,149930,3.0,2.0,1220.0,183891.0,32,17,2016,4.0,2.0,129407.81
17808,2017-12-07,1121434,180094.25,117660,2.0,2.0,907.0,122795.0,82,27,2016,3.0,1.0,79142.00
17833,2017-12-06,1116164,246998.24,110001,2.0,2.0,1069.0,132633.0,25,10,2016,10.0,1.0,120000.00
17847,2017-12-06,1121690,113722.26,95354,1.0,1.0,740.0,130152.0,25,14,2016,4.0,2.0,116622.47
17865,2017-12-05,1116089,413205.8,217959,2.0,2.0,997.0,252336.0,32,7,2014,5.0,5.0,224900.00
17873,2017-12-05,1118818,303172.28,168770,0.0,0.0,2411.0,251700.0,32,26,2017,5.0,1.0,240000.00
17917,2017-12-04,1104637,139277.65,105000,3.0,2.0,1220.0,115945.0,68,29,2015,3.0,1.0,75501.67
17982,2017-11-29,1119444,508546.16,297128,2.0,2.0,1362.0,449568.0,19,9,2016,7.0,6.0,344250.00
17987,2017-11-29,1119490,616350.42,671200,2.0,2.0,1250.0,737200.0,19,3,2010,4.0,1.0,616250.00
18003,2017-11-28,1119201,464226.52,229120,3.0,2.0,1860.0,267304.0,34,20,2016,6.0,2.0,464226.52
18015,2017-11-28,1117457,378798.84,206700,4.0,3.0,1988.0,380400.0,34,34,2017,28.0,2.0,378798.84
18036,2017-11-27,1098439,209246.28,110000,2.0,2.0,1098.0,174928.0,58,36,2016,5.0,1.0,148500.00
18041,2017-11-27,1103208,767432.9,459869,3.0,2.0,1734.0,673665.0,58,21,2014,4.0,1.0,690000.00
18055,2017-11-27,1119029,178300.3,186083,3.0,2.0,1280.0,203265.0,58,38,2016,6.0,4.0,149800.00
18083,2017-11-22,1114102,39937.5,97000,1.0,1.0,725.0,115174.0,22,21,2017,1.0,1.0,39937.50
18091,2017-11-22,1118860,170273.5,216195,0.0,0.0,609.0,357170.0,22,22,2017,3.0,1.0,170273.50
18101,2017-11-21,1117214,164528.98,93800,1.0,1.0,725.0,228000.0,35,21,2016,3.0,4.0,100000.00
18231,2017-11-16,1117933,178944.23,105040,1.0,1.0,749.0,108151.0,39,2,2009,4.0,1.0,90000.00
18334,2017-11-09,1115217,417088.18,126320,1.0,1.0,609.0,164628.0,21,13,2016,17.0,2.0,120000.00
18344,2017-11-09,1114897,94120.67,205500,2.0,2.0,1062.0,251208.0,21,2,2011,3.0,2.0,27000.00
18357,2017-11-08,1116159,295315.6,127056,2.0,2.0,970.0,143687.0,42,19,2015,7.0,2.0,140000.00
18376,2017-11-08,1114648,666575.41,295400,3.0,3.0,1611.0,445071.0,42,24,2016,6.0,2.0,666575.41
18403,2017-11-07,1115510,133346.29,127500,3.0,2.0,980.0,189600.0,74,23,2016,42.0,1.0,133346.29
18440,2017-11-06,1100710,246788.3,188989,3.0,2.0,1500.0,209814.0,75,41,2016,5.0,3.0,176400.00
18448,2017-11-06,1112258,186891.19,120796,2.0,2.0,1112.0,161533.0,75,19,2014,7.0,1.0,186891.19
18459,2017-11-06,1115843,369090.94,167000,3.0,2.0,1437.0,187311.0,75,29,2015,5.0,2.0,377100.10
18605,2017-10-30,1103554,248639.65,97747,2.0,2.0,1224.0,161600.0,66,16,2014,8.0,1.0,150000.00
18640,2017-10-26,1097633,323400.95,177000,4.0,3.0,1700.0,243416.0,6,2,2015,5.0,1.0,185000.00
18648,2017-10-25,1109826,157287.64,111180,2.0,2.0,1004.0,249900.0,9,3,2016,4.0,1.0,160660.80
18650,2017-10-25,1112900,258701.11,189238,1.0,1.0,796.0,264813.0,9,1,2012,2.0,1.0,225000.00
18665,2017-10-24,1113102,7803206.55,3366000,3.0,5.0,6260.0,11479613.0,25,4,2010,7.0,1.0,7803206.55
18727,2017-10-20,1096729,132691.77,82080,1.0,1.0,650.0,78235.0,21,11,2016,4.0,1.0,135249.46
18788,2017-10-18,1110854,136135.5,115500,1.0,1.0,1149.0,145375.0,58,39,2016,3.0,1.0,137186.14
18919,2017-10-13,1110517,220800.39,99360,2.0,1.0,784.0,130939.0,35,32,2017,2.0,1.0,107200.00
18920,2017-10-13,1110845,270865.19,117420,2.0,2.0,1100.0,147676.0,35,1,2009,4.0,1.0,121323.30
18924,2017-10-13,1110269,91165.63,116622,2.0,2.0,870.0,136673.0,35,12,2016,7.0,1.0,91165.63
18951,2017-10-11,1105717,145610.17,122100,1.0,1.0,978.0,140187.0,80,63,2016,3.0,2.0,120341.35
18981,2017-10-11,1105141,311648.15,113787,1.0,1.0,699.0,119064.0,80,56,2016,4.0,4.0,323012.63
19013,2017-10-11,1100701,199539.38,120000,2.0,2.0,1166.0,150448.0,80,67,2016,4.0,1.0,135000.00
19097,2017-10-06,1109824,280607.25,124000,2.0,2.0,1077.0,148200.0,67,59,2017,4.0,1.0,282542.50
19112,2017-10-06,1110296,204068.74,84222,1.0,1.0,465.0,78816.0,67,55,2017,3.0,1.0,60750.00
19116,2017-10-06,1109582,283333.85,261000,2.0,2.0,1950.0,341510.0,67,3,2012,2.0,1.0,314289.99
19230,2017-10-04,1109348,407670.43,221377,1.0,1.0,825.0,256629.0,57,55,2017,15.0,1.0,245000.00
19242,2017-10-03,1104127,122115.09,88000,2.0,1.0,863.0,73342.0,55,41,2016,5.0,1.0,123639.79
19246,2017-10-03,1098409,352394.82,246159,0.0,2.0,1155.0,308537.0,55,1,2012,3.0,3.0,259900.00
19253,2017-10-03,1098411,130728.07,104509,1.0,1.0,639.0,127315.0,55,6,2013,7.0,2.0,125000.00
19296,2017-10-02,1104107,324305.99,141750,2.0,2.0,1106.0,181310.0,70,24,2014,3.0,2.0,124740.00
19301,2017-10-02,1109862,260213.93,180000,2.0,1.0,703.0,236435.0,70,57,2016,5.0,1.0,211430.57
19303,2017-10-02,1109640,247478.34,227703,2.0,1.0,1116.0,246203.0,70,44,2015,4.0,5.0,257349.53
19352,2017-10-02,1098256,338802.4,206300,2.0,2.0,1086.0,383200.0,70,36,2015,3.0,2.0,350696.53
19361,2017-09-29,1107767,160718.62,105672,2.0,2.0,1050.0,167100.0,27,1,2010,5.0,1.0,135000.00
19391,2017-09-28,1107817,251035.92,122000,2.0,1.0,1008.0,159408.0,52,34,2016,8.0,2.0,145000.00
19410,2017-09-28,1103493,173962.77,94600,2.0,2.0,800.0,95437.0,52,18,2014,2.0,1.0,64100.00
19416,2017-09-28,1107774,8981.6,110000,3.0,2.0,1194.0,152992.0,52,26,2015,9.0,5.0,9876.60
19492,2017-09-25,1107927,531291.56,178000,1.0,1.0,1000.0,236709.0,55,55,2017,9.0,1.0,185000.00
20108,2017-09-06,1102769,210990.1,132400,1.0,1.0,825.0,166733.0,42,33,2016,6.0,1.0,141530.00
20123,2017-09-06,1103296,118284.68,70000,1.0,1.0,685.0,125095.0,42,24,2016,5.0,1.0,79000.00
20176,2017-09-05,1103573,181330.99,113000,1.0,1.0,749.0,129834.0,53,21,2015,3.0,1.0,129000.00
20287,2017-08-29,1102967,199827.63,74150,2.0,2.0,907.0,122168.0,41,19,2015,6.0,1.0,106467.60
20309,2017-08-28,1084685,391491.77,202860,1.0,1.0,810.0,260135.0,60,36,2015,3.0,1.0,220000.00
20382,2017-08-25,1101790,191703.61,131500,1.0,1.0,648.0,222763.0,61,47,2016,5.0,1.0,189435.90
20403,2017-08-25,1102295,150899.08,119000,2.0,2.0,1077.0,153310.0,61,58,2016,2.0,1.0,129000.00
20412,2017-08-24,1101937,1597736.07,815700,4.0,5.0,2237.0,384200.0,52,52,2017,2.0,1.0,1450000.00
20413,2017-08-24,1101534,256048.86,105600,2.0,1.0,795.0,108839.0,52,33,2016,9.0,1.0,90000.00
20440,2017-08-24,1103214,259279.77,99360,3.0,2.0,1060.0,133067.0,52,7,2012,27.0,1.0,86700.00
20463,2017-08-23,1100779,349591.85,298100,1.0,1.0,856.0,380889.0,62,3,2010,10.0,1.0,349591.85
20471,2017-08-23,1101943,272904.35,130950,2.0,1.0,968.0,188500.0,62,41,2016,4.0,1.0,274170.85
20494,2017-08-23,1101125,318677.91,265837,2.0,2.0,1611.0,366474.0,62,53,2016,4.0,1.0,305000.00
20507,2017-08-23,1101198,614276.55,280385,2.0,2.0,1260.0,417877.0,62,18,2014,5.0,6.0,235413.58
20537,2017-08-22,1096892,286595.05,156450,2.0,2.0,902.0,213441.0,59,31,2015,9.0,1.0,289318.18
20600,2017-08-21,1101219,186818.92,99360,2.0,1.0,784.0,123595.0,42,42,2017,4.0,1.0,103399.99
20643,2017-08-17,1094844,185382.75,146500,2.0,2.0,950.0,164752.0,66,64,2017,5.0,2.0,138720.45
20666,2017-08-17,1099257,274630.24,114000,1.0,1.0,747.0,131220.0,66,62,2017,4.0,1.0,274630.24
20667,2017-08-17,1099170,166552.51,113000,1.0,1.0,862.0,291700.0,66,56,2016,5.0,1.0,112915.00
20761,2017-08-16,1099829,239727.64,185000,3.0,2.0,1313.0,212006.0,58,8,2011,5.0,1.0,181753.49
20796,2017-08-15,1095373,827542.37,534742,2.0,2.0,1130.0,859675.0,48,37,2016,5.0,1.0,834870.37
20818,2017-08-14,1100716,159075.24,100800,1.0,1.0,679.0,118181.0,77,77,2017,2.0,1.0,159867.60
20819,2017-08-14,1100715,268998.57,173711,1.0,1.0,711.0,232313.0,77,76,2017,3.0,1.0,201758.17
20822,2017-08-14,1077349,173619.57,135200,3.0,2.0,1032.0,161208.0,77,62,2016,7.0,1.0,177387.05
20883,2017-08-11,1098865,586415.9,572400,3.0,3.0,2158.0,1290773.0,26,22,2016,6.0,1.0,586415.90
20889,2017-08-11,1096961,653330.14,331922,2.0,2.0,1140.0,423718.0,26,8,2014,5.0,2.0,401537.38
20919,2017-08-10,1099693,196859.0,100000,1.0,2.0,889.0,131397.0,35,13,2014,3.0,1.0,109000.00
21038,2017-08-07,1093081,228323.14,100200,1.0,1.0,578.0,982800.0,61,61,2017,3.0,1.0,212930.36
21081,2017-08-03,1097677,314696.8,93050,1.0,1.0,700.0,116579.0,52,29,2015,3.0,2.0,92041.55
21137,2017-08-02,1096923,849350.07,229198,2.0,2.0,1145.0,365441.0,42,28,2016,6.0,1.0,308000.00
21152,2017-08-02,1096741,206051.7,117000,1.0,1.0,630.0,129090.0,42,33,2016,2.0,1.0,102500.00
21163,2017-08-01,1092443,226615.1,107961,1.0,1.0,510.0,100304.0,24,20,2016,5.0,1.0,97200.00
21197,2017-07-31,1096989,448230.58,183900,1.0,1.0,990.0,234968.0,43,33,2016,32.0,2.0,205000.00
21256,2017-07-27,1096146,237390.16,77868,1.0,2.0,861.0,103773.0,55,4,2010,16.0,1.0,60520.44
21266,2017-07-27,1094519,430398.28,204400,1.0,1.0,737.0,283018.0,55,23,2015,6.0,1.0,242900.00
21312,2017-07-26,1095506,200255.87,106080,2.0,2.0,870.0,97271.0,38,26,2016,4.0,2.0,101394.00
21346,2017-07-25,1090462,251827.51,93050,1.0,1.0,700.0,115163.0,54,43,2016,7.0,1.0,73125.00
21364,2017-07-25,1091980,211136.53,123600,2.0,1.0,848.0,244100.0,54,54,2017,4.0,1.0,120311.09
21422,2017-07-24,1078727,432514.87,250187,4.0,2.0,2214.0,252598.0,72,20,2014,6.0,1.0,383341.55
21429,2017-07-24,1078508,165346.99,99484,3.0,2.0,1166.0,148700.0,72,65,2016,3.0,1.0,85494.94
21432,2017-07-24,1096425,157885.55,307412,2.0,2.0,1158.0,421239.0,72,1,2007,3.0,1.0,157885.55
21461,2017-07-21,1094014,347064.98,195938,3.0,3.0,2206.0,372556.0,48,2,2010,4.0,7.0,418747.49
21539,2017-07-19,1092593,186782.83,122364,2.0,2.0,1113.0,241300.0,68,65,2017,5.0,1.0,187755.36
21577,2017-07-19,1092899,186164.21,145000,2.0,2.0,900.0,161927.0,68,60,2016,5.0,1.0,186164.21
21593,2017-07-18,1089646,256543.01,203303,1.0,1.0,910.0,241428.0,47,36,2016,5.0,1.0,291096.01
21637,2017-07-17,1094129,247168.18,51100,1.0,1.0,375.0,76826.0,70,67,2016,2.0,2.0,48600.00
21693,2017-07-14,1092025,319767.42,166292,1.0,1.0,885.0,180924.0,48,46,2016,3.0,1.0,155000.00
21700,2017-07-14,1091676,221813.86,144156,2.0,2.0,982.0,163435.0,48,15,2014,4.0,2.0,140250.00
21722,2017-07-14,1091768,401733.44,217900,1.0,1.0,787.0,265427.0,48,5,2009,6.0,1.0,310000.00
21730,2017-07-14,1094555,37166.89,100000,2.0,2.0,1048.0,149370.0,48,17,2014,1.0,1.0,37166.89
21748,2017-07-13,1076954,357490.26,147100,0.0,1.0,552.0,275631.0,16,9,2014,4.0,1.0,211394.26
21765,2017-07-12,1093755,150743.44,111152,2.0,1.0,765.0,122587.0,27,27,2017,4.0,1.0,151494.40
21818,2017-07-10,1092729,208522.31,118000,2.0,2.0,898.0,148236.0,68,37,2015,4.0,1.0,126000.00
21828,2017-07-10,1094319,170296.57,184443,2.0,2.0,848.0,390600.0,68,11,2012,3.0,5.0,194656.67
21881,2017-07-07,1091656,146325.84,145600,1.0,1.0,970.0,200044.0,30,28,2016,4.0,1.0,146325.84
21889,2017-07-06,1090654,245123.57,113676,2.0,1.0,862.0,125916.0,65,1,2008,2.0,2.0,97200.00
21891,2017-07-06,1092318,136585.04,68768,0.0,1.0,307.0,117287.0,65,18,2015,8.0,3.0,55900.00
21911,2017-07-05,1062598,254756.04,131800,2.0,2.0,1003.0,162536.0,48,12,2013,5.0,1.0,130863.10
21919,2017-07-05,1091488,214898.78,151580,2.0,1.0,914.0,171736.0,48,45,2016,6.0,1.0,155181.01
22016,2017-06-30,1091089,214414.93,128750,2.0,2.0,1074.0,139722.0,57,24,2014,11.0,1.0,132000.00
22032,2017-06-30,1090355,631272.21,289444,2.0,2.0,1309.0,404261.0,57,11,2012,8.0,1.0,238622.77
22038,2017-06-30,1090446,243574.49,113928,1.0,1.0,806.0,130781.0,57,51,2017,4.0,1.0,120196.20
22076,2017-06-29,1090079,45775.55,118000,2.0,2.0,880.0,135000.0,61,29,2015,1.0,1.0,45775.55
22077,2017-06-29,1089620,222007.64,156948,3.0,2.0,1108.0,155727.0,61,39,2016,10.0,1.0,153000.00
22108,2017-06-29,1089629,233391.36,119000,2.0,2.0,1077.0,142156.0,61,59,2017,4.0,1.0,234779.83
22113,2017-06-29,1090360,217355.14,115500,2.0,2.0,936.0,143535.0,61,52,2016,3.0,1.0,217745.72
22119,2017-06-29,1089047,236396.97,185000,2.0,2.0,960.0,237602.0,61,61,2017,6.0,1.0,236396.97
22141,2017-06-28,1090072,254499.18,110160,2.0,2.0,1004.0,81222.0,41,21,2015,6.0,5.0,118335.25
22157,2017-06-28,1090150,664894.62,283800,2.0,2.0,1068.0,399047.0,41,23,2015,5.0,2.0,602414.26
22272,2017-06-22,1087750,374818.74,102880,0.0,0.0,1286.0,188200.0,111,20,2014,9.0,1.0,59100.00
22276,2017-06-22,1087215,226358.32,197000,3.0,2.0,1070.0,201978.0,111,14,2013,7.0,7.0,245563.69
22284,2017-06-22,1087241,252729.07,197000,3.0,2.0,1520.0,233487.0,111,10,2013,4.0,2.0,291184.31
22315,2017-06-21,1087479,380969.46,254532,2.0,1.0,926.0,233829.0,35,35,2016,5.0,1.0,286529.49
22362,2017-06-19,1083245,336556.12,93148,1.0,1.0,580.0,113919.0,99,23,2012,3.0,1.0,336556.12
22409,2017-06-19,1083930,59445.97,122364,2.0,2.0,1113.0,126255.0,99,79,2016,3.0,1.0,59445.97
22425,2017-06-19,1083971,251376.05,144849,1.0,1.0,465.0,156674.0,99,99,2017,2.0,1.0,132030.00
22439,2017-06-19,1089044,199552.28,129695,1.0,1.0,712.0,142323.0,99,66,2015,9.0,1.0,123234.83
22454,2017-06-16,1071111,413683.25,204200,2.0,2.0,1065.0,290935.0,34,15,2015,3.0,1.0,253600.00
22457,2017-06-16,1086832,78556.63,63670,1.0,1.0,377.0,90730.0,34,9,2014,8.0,1.0,60000.00
22458,2017-06-16,1086841,232009.2,111870,1.0,1.0,1010.0,140307.0,34,33,2017,5.0,1.0,233453.70
22535,2017-06-14,1085613,551940.45,336094,3.0,2.0,1650.0,267551.0,67,20,2013,7.0,2.0,308972.91
22536,2017-06-14,1088197,190589.73,115500,1.0,1.0,1149.0,186100.0,67,67,2017,4.0,1.0,122090.00
22570,2017-06-14,1088361,212635.86,139195,2.0,2.0,985.0,162491.0,67,13,2012,2.0,2.0,112500.00
22581,2017-06-13,1082570,40359.1,140000,2.0,2.0,870.0,162820.0,28,21,2016,3.0,1.0,40359.10
22591,2017-06-13,1082302,42225.83,127926,2.0,2.0,1113.0,125534.0,28,23,2016,7.0,1.0,42225.83
22600,2017-06-12,1083179,73122.9,72160,1.0,1.0,954.0,78301.0,97,71,2016,5.0,1.0,60750.00
22622,2017-06-12,1082990,235008.13,191250,1.0,1.0,637.0,286669.0,97,13,2010,4.0,1.0,280500.06
22679,2017-06-12,1087711,228627.51,125000,3.0,3.0,1234.0,209600.0,97,96,2017,3.0,1.0,101497.88
22701,2017-06-09,1085366,290091.66,198000,3.0,2.0,1356.0,294500.0,53,51,2016,2.0,1.0,291857.82
22720,2017-06-09,1087474,239533.62,159750,3.0,2.0,1220.0,184800.0,53,53,2017,2.0,1.0,143207.24
22728,2017-06-09,1085377,297081.59,97824,1.0,1.0,598.0,106809.0,53,40,2016,6.0,1.0,104000.00
22731,2017-06-09,1085398,706361.91,381803,3.0,2.0,1615.0,545090.0,53,19,2014,3.0,1.0,414800.00
22733,2017-06-09,1085365,253491.08,99760,3.0,2.0,1076.0,110441.0,53,45,2016,13.0,1.0,90000.00
22739,2017-06-08,1084476,443585.41,311695,2.0,2.0,1169.0,436341.0,96,31,2015,6.0,1.0,435000.00
22741,2017-06-08,1083482,483196.16,261337,2.0,2.0,1273.0,408834.0,96,6,2009,8.0,3.0,508566.38
22758,2017-06-08,1084466,214205.25,115000,2.0,2.0,950.0,138843.0,96,8,2010,17.0,1.0,144000.00
22759,2017-06-08,1083962,267997.55,142800,2.0,2.0,1415.0,167164.0,96,55,2016,3.5,1.0,208141.35
22786,2017-06-07,1084877,60481.95,176900,0.0,1.0,552.0,216059.0,31,24,2016,2.0,2.0,60481.95
22864,2017-06-05,1085855,179017.59,170000,1.0,1.0,700.0,261293.0,74,46,2015,4.0,1.0,180199.48
22925,2017-06-02,1083275,198207.66,121219,3.0,2.0,1182.0,132757.0,27,24,2016,7.0,1.0,199441.71
22940,2017-06-01,1068465,215961.98,94050,2.0,2.0,1213.0,121951.0,14,1,2009,20.0,1.0,106500.00
22961,2017-05-31,1085368,321903.65,174900,2.0,2.0,1241.0,187293.0,48,40,2016,5.0,1.0,323506.99
22982,2017-05-31,1085296,270684.14,124000,2.0,2.0,1060.0,134813.0,48,45,2016,4.0,1.0,270684.14
22985,2017-05-31,1082970,683748.56,463000,2.0,2.0,1786.0,723453.0,48,2,2008,3.0,1.0,645000.00
23012,2017-05-30,1078789,191999.89,127926,2.0,2.0,1113.0,238900.0,91,91,2016,4.0,1.0,193698.99
23030,2017-05-30,1079130,317536.95,124696,2.0,2.0,954.0,220600.0,91,79,2016,4.0,1.0,87975.00
23066,2017-05-30,1065652,180218.88,164200,2.0,2.0,1170.0,202790.0,91,41,2014,11.0,1.0,152100.00
23087,2017-05-26,1083293,214238.96,100100,2.0,2.0,1134.0,103657.0,51,34,2016,1.0,1.0,215513.52
23108,2017-05-26,1082066,403840.03,198429,2.0,2.0,914.0,235120.0,51,17,2014,5.0,1.0,185625.00
23136,2017-05-25,1084455,453186.59,183900,1.0,1.0,990.0,249183.0,68,25,2016,3.0,2.0,347555.03
23138,2017-05-25,1083661,115014.45,45100,1.0,1.0,660.0,151700.0,68,3,2013,3.0,1.0,115014.45
23146,2017-05-25,1065937,272025.56,133900,3.0,2.0,1018.0,169306.0,68,16,2016,5.0,3.0,160000.00
23154,2017-05-25,1082292,143138.21,48476,1.0,1.0,813.0,97184.0,68,27,2016,5.0,1.0,144137.88
23161,2017-05-24,1073095,485068.48,243600,1.0,2.0,1050.0,449361.0,40,8,2013,3.0,1.0,372000.00
23190,2017-05-24,1083954,573713.76,209503,1.0,1.0,833.0,374741.0,40,1,2008,2.0,4.0,271421.00
23207,2017-05-23,1080942,220066.44,91520,1.0,1.0,751.0,155987.0,44,33,2015,6.0,1.0,190000.00
23216,2017-05-23,1083279,8981.6,110000,3.0,2.0,1194.0,127091.0,44,30,2015,9.0,5.0,8981.60
23234,2017-05-23,1066370,241675.36,175100,0.0,0.0,1340.0,287000.0,44,27,2015,4.0,1.0,205000.00
23244,2017-05-22,1077724,138067.46,85244,2.0,2.0,1192.0,115251.0,72,55,2016,4.0,1.0,81000.00
23255,2017-05-22,1081637,151883.04,143000,3.0,2.0,1068.0,147292.0,72,40,2015,2.0,3.0,150000.00
23263,2017-05-22,1083025,560034.06,226000,1.0,1.0,1005.0,310061.0,72,67,2016,4.0,1.0,563130.86
23326,2017-05-18,1065044,433265.41,267627,2.0,2.0,932.0,319841.0,94,19,2014,4.0,1.0,440345.41
23333,2017-05-18,1082062,309092.39,172306,1.0,1.0,752.0,383900.0,94,44,2016,4.0,1.0,257200.00
23353,2017-05-18,1081555,176446.41,115200,0.0,1.0,350.0,188526.0,94,42,2016,4.0,1.0,155015.00
23386,2017-05-16,1076567,482782.56,222640,1.0,1.0,655.0,349210.0,34,4,2012,2.0,2.0,292500.00
23443,2017-05-15,1076175,135757.45,96800,3.0,1.0,1167.0,95606.0,80,74,2016,8.0,2.0,76950.00
23446,2017-05-15,1079553,200539.15,202400,4.0,2.0,1784.0,243808.0,80,79,2016,9.0,1.0,176160.00
23467,2017-05-15,1082124,279576.77,102463,1.0,1.0,730.0,297500.0,80,23,2014,4.0,1.0,102425.00
23499,2017-05-12,1080939,156898.9,123207,2.0,2.0,944.0,146855.0,47,36,2015,4.0,1.0,115020.00
23598,2017-05-10,1079562,266976.5,106080,2.0,1.0,870.0,107012.0,60,47,2016,5.0,1.0,268539.63
23604,2017-05-10,1075947,412066.82,165792,1.0,2.0,1124.0,235875.0,60,29,2015,4.0,1.0,213440.00
23610,2017-05-09,1075159,155796.86,106000,1.0,1.0,708.0,127567.0,41,31,2016,8.0,2.0,93600.00
23623,2017-05-09,1080053,325164.25,231660,1.0,2.0,918.0,352409.0,41,35,2016,4.0,1.0,309000.00
23624,2017-05-09,1080969,298091.59,168001,3.0,2.0,1010.0,175653.0,41,36,2016,2.0,1.0,299576.33
23638,2017-05-09,1079068,318941.98,139171,2.0,1.0,700.0,226506.0,41,38,2016,2.0,1.0,322056.07
23659,2017-05-08,1075112,47003.52,106080,2.0,2.0,835.0,112000.0,87,82,2016,2.0,1.0,47003.52
23763,2017-05-03,1078646,28042.01,119000,2.0,2.0,877.0,103403.0,47,47,2016,1.0,1.0,28042.01
23773,2017-05-03,1078529,404851.08,177000,2.0,2.0,1230.0,215514.0,47,7,2013,8.0,1.0,215000.00
23841,2017-05-02,1077239,196914.84,174216,2.0,1.0,1010.0,193072.0,66,51,2016,51.5,1.0,185718.72
23843,2017-05-02,1077550,168111.79,112931,2.0,2.0,1200.0,152217.0,66,56,2016,6.0,3.0,145000.00
23856,2017-05-02,1078198,255902.16,97297,1.0,1.0,837.0,296892.0,66,43,2015,6.0,1.0,257365.64
23865,2017-05-01,1078800,265688.44,135000,2.0,2.0,1093.0,160042.0,54,2,2009,8.0,6.0,144700.00
23974,2017-04-26,1076566,366482.52,205700,1.0,1.0,750.0,273946.0,64,28,2014,4.0,2.0,216800.00
23979,2017-04-26,1078805,218071.63,126546,2.0,2.0,1000.0,216600.0,64,51,2016,7.0,1.0,219110.91
24029,2017-04-25,1072390,197028.92,141771,2.0,2.0,970.0,184151.0,31,24,2015,7.0,3.0,248100.00
24090,2017-04-24,1072610,139228.06,114100,1.0,1.0,790.0,131571.0,68,35,2015,14.0,3.0,114000.00
24095,2017-04-24,1078502,204120.45,69930,2.0,1.0,800.0,101470.0,68,34,2015,5.0,1.0,205396.49
24198,2017-04-20,1075110,177559.93,132000,3.0,2.0,1217.0,150648.0,93,1,2008,6.0,2.0,150000.00
24200,2017-04-19,1074002,195875.51,90200,2.0,2.0,1175.0,105442.0,43,41,2016,5.0,1.0,79000.00
24213,2017-04-19,1076951,203584.75,111152,2.0,1.0,765.0,117062.0,43,32,2016,11.0,1.0,76000.00
24227,2017-04-19,1076997,463642.42,228800,0.0,1.0,570.0,213157.0,43,24,2015,5.0,1.0,168300.00
24228,2017-04-19,1076999,207203.84,182000,2.0,2.0,1089.0,193615.0,43,42,2016,3.0,1.0,208219.40
24248,2017-04-18,1071221,36475.43,104800,1.0,1.0,586.0,293700.0,37,35,2016,1.0,1.0,36475.43
24268,2017-04-18,1064986,155209.56,110000,1.0,1.0,977.0,120146.0,37,30,2016,2.0,1.0,97200.00
24356,2017-04-13,1073255,192141.25,129000,3.0,2.0,1203.0,153617.0,96,3,2008,4.0,3.0,116364.00
24402,2017-04-12,1075402,230464.29,161700,2.0,2.0,1005.0,164016.0,33,32,2016,5.0,1.0,159000.00
24439,2017-04-11,1073519,241034.55,180537,1.0,1.0,832.0,269231.0,53,25,2014,3.0,4.0,209800.00
24516,2017-04-10,1058064,241917.26,90081,1.0,1.0,760.0,116535.0,83,47,2015,4.0,1.0,100000.00
24530,2017-04-10,1075388,99476.23,139050,3.0,2.0,1417.0,172730.0,83,83,2016,5.0,1.0,100209.03
24537,2017-04-07,1072447,147096.19,110484,1.0,1.0,922.0,128278.0,38,9,2013,9.0,1.0,127800.00
24557,2017-04-07,1071132,206320.32,165838,1.0,1.0,741.0,454000.0,38,19,2015,13.0,1.0,207784.35
24572,2017-04-06,1073112,356090.96,131019,1.0,1.0,609.0,163227.0,78,25,2015,3.0,1.0,150800.00
24585,2017-04-06,1072758,140643.58,89000,1.0,1.0,597.0,103557.0,78,29,2016,9.0,1.0,76000.00
24597,2017-04-06,1057055,531596.47,304000,3.0,2.0,1628.0,466579.0,78,4,2012,2.0,1.0,379900.00
24601,2017-04-06,1072408,255200.99,190533,1.0,1.0,893.0,266257.0,78,27,2016,4.0,1.0,215000.00
24642,2017-04-05,1072385,159713.88,120000,2.0,2.0,896.0,139149.0,52,2,2008,6.0,1.0,120400.00
24645,2017-04-05,1072524,90816.48,619565,4.0,3.0,2620.0,876875.0,52,42,2016,5.0,2.0,100873.00
24721,2017-04-03,1071146,238810.99,88458,1.0,1.0,635.0,115382.0,40,39,2016,2.0,1.0,237791.02
24729,2017-03-31,1056498,168102.81,122364,2.0,2.0,1113.0,235500.0,23,14,2015,6.0,1.0,129000.00
24795,2017-03-29,1071130,295918.44,188150,2.0,2.0,942.0,323336.0,49,38,2016,8.0,1.0,283500.00
24798,2017-03-29,1070919,189180.83,140000,2.0,2.0,870.0,161160.0,49,12,2012,6.0,1.0,135000.00
24803,2017-03-29,1071153,191670.7,107000,1.0,1.0,703.0,124654.0,49,45,2016,2.0,1.0,137377.09
24837,2017-03-28,1070177,38913.89,106080,2.0,1.0,870.0,100757.0,43,36,2016,2.0,1.0,38913.89
24841,2017-03-28,1069755,41510.27,101520,1.0,1.0,647.0,238500.0,43,22,2015,3.0,2.0,41510.27
24842,2017-03-28,1070041,132137.58,105000,1.0,1.0,887.0,128846.0,43,25,2015,6.0,2.0,96000.00
24849,2017-03-28,1069897,372574.24,171000,2.0,1.0,818.0,200563.0,43,40,2016,4.0,1.0,375009.28
24948,2017-03-22,1069490,186132.93,194000,3.0,2.0,1120.0,227455.0,85,82,2016,3.0,1.0,189326.00
24969,2017-03-22,1071651,143581.91,116550,1.0,1.0,1125.0,128777.0,85,73,2016,6.0,1.0,144403.04
25010,2017-03-22,1068904,239130.52,116200,2.0,2.0,1025.0,134448.0,85,69,2016,3.0,1.0,83000.00
25021,2017-03-22,1068922,245886.39,206430,1.0,2.0,696.0,246835.0,85,4,2010,7.0,3.0,298856.07
25089,2017-03-20,1047682,275372.13,140004,2.0,2.0,950.0,128721.0,69,25,2014,18.0,1.0,126000.00
25122,2017-03-20,1064666,273710.68,106080,2.0,2.0,870.0,149600.0,69,50,2016,3.0,3.0,96050.00
25195,2017-03-15,1059124,87762.16,16600,2.0,2.0,990.0,79783.0,54,22,2015,2.0,2.0,48000.00
25197,2017-03-15,1066674,275171.31,174070,2.0,2.0,1340.0,193654.0,54,29,2016,7.0,1.0,171000.00
25228,2017-03-15,1067416,29657.67,49594,1.0,1.0,775.0,39480.0,54,44,2016,1.0,1.0,30000.00
25238,2017-03-15,1067419,241337.43,105600,2.0,1.0,798.0,108461.0,54,36,2016,6.0,1.0,92000.00
25323,2017-03-10,1065008,35602.98,180000,3.0,2.0,1208.0,145210.0,29,27,2016,1.0,1.0,18600.00
25326,2017-03-10,1051862,348389.01,171000,2.0,1.0,818.0,203387.0,29,1,2008,5.0,1.0,200000.00
25330,2017-03-10,1066220,22317.12,164470,1.0,1.0,775.0,203948.0,29,20,2016,3.0,3.0,22317.12
25371,2017-03-09,1065350,144675.7,66100,1.0,2.0,930.0,65825.0,75,27,2016,4.0,3.0,72000.00
