,Date,Auction ID,Final Judgment,Assessed Value,Plaintiff Max Bid,Status,Sold Amount,Time Sold,Beds,Bath,Living Area,Lot Size,ZEstimate,Docket Count,Day Count,Place in Line,Court Year,Status Binary,Association Binary,Defendant Count,Previous Auctions
1,2020-12-02,1275051,1081159.96,745300.00,HIDDEN,Sold to Plaintiff,815200.00,09:27 AM,5.0,3.0,2798.0,9000.0,1265349,170.0,5,2,2017,1.0,0.0,4.0,3.0
2,2020-12-02,1273071,546868.87,205000.00,187161.76,Sold to 3rd Party,243700.00,09:22 AM,3.0,2.0,1364.0,0.0,286011,168.0,5,1,2015,1.0,1.0,5.0,2.0
3,2020-12-02,1273072,717276.99,605472.00,HIDDEN,Canceled per Bankruptcy,,,5.0,5.0,3113.0,4006.0,0,70.0,5,4,2019,0.0,1.0,6.0,2.0
4,2020-12-02,1275052,432535.59,279867.00,HIDDEN,Sold to Plaintiff,340900.00,09:31 AM,3.0,2.0,1779.0,7500.0,432479,72.0,5,3,2018,1.0,0.0,4.0,2.0
5,2020-12-01,1276239,275301.69,235770.00,HIDDEN,Canceled per Bankruptcy,,,3.0,2.0,1146.0,2977.0,343142,327.0,18,1,2009,0.0,0.0,8.0,15.0
7,2020-12-01,1276355,311815.78,186032.00,HIDDEN,Sold to Plaintiff,194600.00,09:12 AM,2.0,2.0,1027.0,0.0,0,108.0,18,6,2018,1.0,1.0,5.0,1.0
8,2020-12-01,1275975,543152.84,173219.00,HIDDEN,Canceled per Order,,,4.0,2.0,2185.0,7500.0,434162,124.0,18,7,2018,0.0,0.0,6.0,5.0
9,2020-12-01,1276254,360666.07,140507.00,HIDDEN,Canceled per Bankruptcy,,,4.0,3.0,2482.0,7500.0,428008,145.0,18,2,2014,0.0,1.0,6.0,1.0
10,2020-12-01,1275546,664036.80,149100.00,HIDDEN,Sold to 3rd Party,163300.00,09:35 AM,2.0,2.0,864.0,0.0,205079,83.0,18,10,2018,1.0,1.0,5.0,2.0
11,2020-12-01,1275520,1635728.88,877823.00,1069900.00,Canceled per Bankruptcy,,,4.0,4.0,3764.0,435600.0,1553886,115.0,18,5,2017,0.0,0.0,5.0,4.0
12,2020-12-01,1273562,199817.79,153406.00,139900.00,Sold to Plaintiff,45100.00,09:09 AM,1.0,1.0,918.0,0.0,188576,135.0,18,4,2016,1.0,1.0,8.0,4.0
14,2020-12-01,1276124,389329.60,110118.00,HIDDEN,Sold to Plaintiff,110100.00,09:21 AM,1.0,1.0,1010.0,0.0,168628,100.0,18,8,2018,1.0,1.0,6.0,2.0
15,2020-12-01,1275233,307459.04,201000.00,HIDDEN,Sold to 3rd Party,190400.00,09:48 AM,3.0,2.0,1460.0,0.0,259751,135.0,18,11,2018,1.0,1.0,8.0,3.0
16,2020-12-01,1270849,311337.32,235939.00,262000.00,Sold to Plaintiff,47300.00,09:49 AM,1.0,1.0,816.0,0.0,286640,69.0,18,13,2019,1.0,1.0,4.0,2.0
17,2020-12-01,1272566,572709.56,229405.00,HIDDEN,Sold to 3rd Party,231900.00,09:51 AM,2.0,1.0,1966.0,9720.0,357836,59.0,18,14,2019,1.0,0.0,3.0,2.0
18,2020-12-01,1275598,145239.44,47327.00,HIDDEN,Canceled per Bankruptcy,,,4.0,2.0,1330.0,4700.0,254303,64.0,18,15,2019,0.0,0.0,1.0,1.0
19,2020-12-01,1276255,155307.32,247423.00,HIDDEN,Canceled per Order,,,3.0,2.0,2009.0,7669.38,337705,32.0,18,16,2019,0.0,0.0,1.0,1.0
20,2020-12-01,1276482,707414.23,630538.00,HIDDEN,Canceled per Order,,,4.0,4.0,3624.0,4885.0,749357,88.0,18,17,2020,0.0,1.0,8.0,1.0
21,2020-12-01,1277604,659139.24,414900.00,HIDDEN,Canceled per Order,,,1.0,1.0,808.0,0.0,523141,92.0,18,9,2018,0.0,1.0,5.0,2.0
22,2020-12-01,1276468,178186.48,125398.00,HIDDEN,Canceled per Order,,,3.0,2.0,1775.0,8475.0,169996,83.0,18,18,2020,0.0,1.0,6.0,1.0
25,2020-11-30,1270582,61076.25,805600.00,HIDDEN,Sold to 3rd Party,99700.00,10:05 AM,2.0,4.0,1763.0,0.0,0,28.0,28,18,2019,1.0,1.0,1.0,1.0
26,2020-11-30,1273780,169049.58,84969.00,HIDDEN,Sold to 3rd Party,301200.00,09:57 AM,3.0,2.0,1845.0,8355.0,330155,57.0,28,17,2019,1.0,0.0,4.0,1.0
27,2020-11-30,1276177,1251368.58,875501.00,1251368.58,Sold to Plaintiff,900100.00,09:50 AM,5.0,4.0,2739.0,7500.0,1154326,53.0,28,15,2019,1.0,0.0,3.0,1.0
28,2020-11-30,1275088,509189.63,313539.00,HIDDEN,Sold to 3rd Party,435600.00,09:16 AM,3.0,2.0,2058.0,9916.0,431192,164.0,28,9,2018,1.0,0.0,22.0,1.0
29,2020-11-30,1267931,474714.73,167425.00,HIDDEN,Canceled per Order,,,3.0,2.0,1763.0,5625.0,392610,87.0,28,10,2019,0.0,0.0,6.0,3.0
31,2020-11-30,1275530,211843.67,242182.00,HIDDEN,Canceled per Order,,,4.0,2.0,1727.0,5250.0,382228,80.0,28,5,2018,0.0,1.0,3.0,1.0
32,2020-11-30,1275053,19116.54,137821.00,24146.67,Canceled per Order,,,3.0,2.0,1834.0,2634.0,323356,55.0,28,19,2019,0.0,1.0,2.0,2.0
33,2020-11-30,1274918,402175.32,143611.00,HIDDEN,Canceled per Bankruptcy,,,3.0,2.0,1451.0,5150.0,475721,116.0,28,1,2010,0.0,0.0,2.0,1.0
34,2020-11-30,1274209,443175.13,220760.00,HIDDEN,Canceled per Order,,,3.0,2.0,1472.0,2434.0,302803,103.0,28,12,2019,0.0,0.0,6.0,3.0
35,2020-11-30,1271043,402648.04,442816.00,407900.00,Sold to 3rd Party,408000.00,10:13 AM,1.0,2.0,912.0,0.0,537810,60.0,28,21,2019,1.0,1.0,3.0,1.0
36,2020-11-30,1274759,602746.17,259594.00,HIDDEN,Sold to Plaintiff,275600.00,09:08 AM,3.0,2.0,1671.0,5350.0,336856,167.0,28,2,2015,1.0,1.0,5.0,4.0
38,2020-11-30,1277357,598719.30,428000.00,550000.00,Sold to Plaintiff,2100.00,10:14 AM,1.0,2.0,979.0,0.0,0,48.0,28,22,2019,1.0,1.0,2.0,1.0
39,2020-11-30,1271156,544398.56,290593.00,HIDDEN,Canceled per Order,,,3.0,2.0,2096.0,7250.0,523979,108.0,28,6,2018,0.0,0.0,8.0,4.0
43,2020-11-30,1274745,17859.03,122502.00,HIDDEN,Canceled per Order,,,4.0,3.0,1965.0,1565.0,232211,38.0,28,13,2019,0.0,1.0,1.0,2.0
44,2020-11-30,1273995,1044671.61,708365.00,HIDDEN,Canceled per Bankruptcy,,,4.0,4.0,3624.0,5066.0,800138,81.0,28,16,2019,0.0,1.0,5.0,1.0
45,2020-11-30,1278784,324413.36,604154.00,348806.06,Canceled per Bankruptcy,,,5.0,5.0,3022.0,7644.0,0,50.0,28,23,2019,0.0,0.0,4.0,1.0
46,2020-11-30,1273824,191404.69,202632.00,HIDDEN,Canceled per Order,,,4.0,2.0,1842.0,7950.0,316597,77.0,28,7,2018,0.0,0.0,5.0,4.0
47,2020-11-30,1275089,21381.74,190542.00,HIDDEN,Sold to 3rd Party,25100.00,09:11 AM,1.0,1.0,905.0,0.0,192819,36.0,28,8,2018,1.0,1.0,1.0,1.0
48,2020-11-30,1270585,10214.30,72430.00,18527.31,Sold to 3rd Party,91200.00,10:24 AM,1.0,1.0,846.0,0.0,128176,33.0,28,27,2020,1.0,1.0,1.0,1.0
49,2020-11-30,1276186,531447.92,391797.00,409999.18,Sold to Plaintiff,5100.00,10:16 AM,1.0,2.0,947.0,0.0,0,79.0,28,25,2020,1.0,1.0,5.0,1.0
50,2020-11-30,1275527,7382.76,199700.00,7382.76,Canceled per Order,,,3.0,2.0,1565.0,1870.0,239902,42.0,28,28,2020,0.0,1.0,2.0,1.0
51,2020-11-25,1276127,394832.97,351312.00,HIDDEN,Sold to 3rd Party,401600.00,09:13 AM,3.0,2.0,2116.0,10140.0,466656,128.0,10,5,2016,1.0,1.0,5.0,1.0
53,2020-11-25,1274939,14981.51,38475.00,HIDDEN,Canceled per Order,,,2.0,2.0,1040.0,0.0,121974,42.0,10,8,2019,0.0,1.0,1.0,1.0
55,2020-11-25,1274742,260575.76,103252.00,HIDDEN,Sold to Plaintiff,140400.00,09:07 AM,1.0,1.0,710.0,0.0,170194,113.0,10,3,2014,1.0,1.0,9.0,3.0
56,2020-11-25,1276499,138330.92,81418.00,HIDDEN,Canceled per Bankruptcy,,,3.0,2.0,1410.0,10000.0,304502,101.0,10,2,2013,0.0,0.0,1.0,3.0
57,2020-11-25,1275048,143001.16,123900.00,143001.16,Sold to 3rd Party,143100.00,09:14 AM,2.0,1.0,891.0,0.0,166016,81.0,10,7,2018,1.0,1.0,3.0,3.0
58,2020-11-25,1269919,540443.56,640309.00,HIDDEN,Canceled per Order,,,3.0,3.0,3309.0,17535.0,0,116.0,10,6,2018,0.0,1.0,16.0,5.0
59,2020-11-25,1272423,137220.74,68786.00,HIDDEN,Canceled per Bankruptcy,,,2.0,1.0,1213.0,7405.0,251528,86.0,10,4,2015,0.0,0.0,2.0,2.0
60,2020-11-25,1276128,311975.66,175386.00,370800.00,Sold to Plaintiff,320300.00,09:01 AM,4.0,2.0,1883.0,4802.0,412057,121.0,10,1,2008,1.0,1.0,5.0,5.0
61,2020-11-24,1270021,336177.03,85947.00,HIDDEN,Canceled per Order,,,3.0,1.0,912.0,4884.0,0,127.0,5,1,2018,0.0,0.0,13.0,3.0
62,2020-11-24,1269978,65296.00,108969.00,72716.00,Sold to 3rd Party,159600.00,09:10 AM,4.0,2.0,1728.0,7500.0,332462,47.0,5,5,2020,1.0,0.0,2.0,1.0
63,2020-11-24,1274038,371712.38,486405.00,HIDDEN,Sold to Plaintiff,305200.00,09:26 AM,2.0,0.0,1570.0,0.0,611558,95.0,5,2,2019,1.0,1.0,3.0,4.0
64,2020-11-24,1274220,814522.31,881342.00,HIDDEN,Sold to 3rd Party,814600.00,09:01 AM,5.0,4.0,4924.0,24000.0,1456128,55.0,5,3,2019,1.0,0.0,2.0,1.0
66,2020-11-23,1276167,332093.86,93674.00,211650.00,Sold to 3rd Party,222300.00,09:35 AM,4.0,3.0,1811.0,1896.0,254883,77.0,21,12,2019,1.0,1.0,5.0,1.0
67,2020-11-23,1275642,779817.27,432555.00,780161.46,Sold to Plaintiff,5100.00,09:36 AM,3.0,2.0,1680.0,8125.0,0,165.0,21,14,2019,1.0,0.0,3.0,1.0
68,2020-11-23,1275591,991457.43,1060146.00,HIDDEN,Sold to Plaintiff,658000.00,09:38 AM,5.0,5.0,4319.0,6150.0,970559,145.0,21,20,2020,1.0,1.0,12.5,1.0
69,2020-11-23,1275624,612897.19,513970.00,HIDDEN,Canceled per Order,,,2.0,1.0,1471.0,6950.0,626892,56.0,21,15,2019,0.0,0.0,4.0,1.0
70,2020-11-23,1274167,445931.73,113874.00,349900.00,Sold to Plaintiff,255600.00,09:37 AM,3.0,2.0,2003.0,5300.0,320933,106.0,21,16,2019,1.0,1.0,5.0,1.0
71,2020-11-23,1274461,300711.48,297912.00,HIDDEN,Canceled per Order,,,4.0,2.0,2747.0,9539.0,515177,69.0,21,17,2019,0.0,0.0,9.0,1.0
72,2020-11-23,1274459,84593.69,54464.00,HIDDEN,Canceled per Order,,,3.0,1.0,995.0,6200.0,180829,112.0,21,13,2019,0.0,1.0,4.5,1.0
73,2020-11-23,1275554,7090.06,199700.00,7090.06,Sold to 3rd Party,27100.00,09:39 AM,3.0,2.0,1565.0,1760.0,0,35.0,21,21,2020,1.0,1.0,1.0,1.0
74,2020-11-23,1273109,436218.22,152809.00,HIDDEN,Sold to 3rd Party,585200.00,09:22 AM,3.0,2.0,1101.0,10350.0,558493,123.0,21,3,2012,1.0,0.0,7.0,2.0
75,2020-11-23,1274462,234460.14,97037.00,139900.00,Canceled per Order,,,2.0,2.0,730.0,0.0,0,60.0,21,18,2020,0.0,0.0,2.0,1.0
76,2020-11-23,1272546,317977.99,158283.00,HIDDEN,Other,,,2.0,2.0,1362.0,0.0,289545,78.0,21,9,2018,,1.0,2.0,2.0
77,2020-11-23,1275635,194968.08,200408.00,212630.15,Sold to Plaintiff,169100.00,09:27 AM,3.0,2.0,1629.0,6750.0,306228,126.0,21,11,2019,1.0,0.0,2.0,3.0
78,2020-11-23,1273091,17920.12,386760.00,HIDDEN,Sold to 3rd Party,52900.00,09:01 AM,4.0,3.0,2434.0,11000.0,547895,140.0,21,1,2008,1.0,1.0,2.0,4.0
79,2020-11-23,1274192,185228.38,62393.00,HIDDEN,Sold to 3rd Party,150100.00,09:26 AM,3.0,1.0,800.0,5000.0,205300,123.0,21,10,2018,1.0,0.0,15.0,1.0
80,2020-11-23,1269399,419460.09,156179.00,HIDDEN,Canceled per County,,,3.0,2.0,1653.0,7500.0,407024,130.0,21,8,2017,0.0,1.0,7.0,4.0
82,2020-11-23,1275681,838159.19,940628.00,220370.00,Other,,,5.0,4.0,2700.0,8012.0,1953222,116.0,21,6,2016,,1.0,4.5,4.0
83,2020-11-23,1274164,197332.85,123601.00,220370.00,Sold to Plaintiff,173100.00,09:24 AM,2.0,2.0,996.0,0.0,0,137.0,21,5,2016,1.0,1.0,6.0,4.0
84,2020-11-23,1273112,504638.69,273000.00,345000.00,Sold to Plaintiff,600.00,09:23 AM,4.0,2.0,1894.0,1516.0,357476,123.0,21,4,2014,1.0,1.0,4.0,2.0
86,2020-11-23,1275403,374901.27,142564.00,HIDDEN,Sold to Plaintiff,296100.00,09:07 AM,3.0,2.0,1238.0,7611.0,0,265.0,21,2,2012,1.0,0.0,6.0,2.0
87,2020-11-18,1273985,1266865.47,731899.00,HIDDEN,Canceled per Bankruptcy,,,5.0,4.0,3757.0,33541.0,1362359,228.0,10,3,2017,0.0,0.0,2.0,3.0
88,2020-11-18,1275057,559079.39,573000.00,HIDDEN,Canceled per Order,,,2.0,2.0,1171.0,0.0,564297,62.0,10,9,2019,0.0,1.0,3.0,2.0
89,2020-11-18,1271025,328063.12,209000.00,275000.00,Sold to Plaintiff,250100.00,09:04 AM,3.0,2.0,1178.0,3598.0,289547,62.0,10,4,2019,1.0,1.0,5.0,3.0
90,2020-11-18,1273983,164233.06,194000.00,172207.49,Sold to 3rd Party,200100.00,09:06 AM,3.0,2.0,1256.0,0.0,254321,59.0,10,5,2019,1.0,1.0,5.0,2.0
91,2020-11-18,1273827,10172.76,53209.00,8872.83,Sold to 3rd Party,75300.00,09:19 AM,1.0,1.0,546.0,0.0,144610,80.0,10,8,2019,1.0,1.0,3.0,2.0
92,2020-11-18,1274040,275331.78,120407.00,288797.08,Canceled per Bankruptcy,,,3.0,1.0,966.0,8025.0,343671,75.0,10,6,2019,0.0,1.0,3.0,2.0
93,2020-11-18,1274028,97317.83,53907.00,HIDDEN,Sold to Plaintiff,45200.00,09:03 AM,2.0,1.0,930.0,0.0,125813,69.0,10,2,2017,1.0,1.0,2.0,2.0
94,2020-11-18,1271449,270171.12,71231.00,HIDDEN,Canceled per Order,,,4.0,2.0,1380.0,6000.0,0,167.0,10,1,2017,0.0,0.0,4.0,9.0
95,2020-11-18,1275545,717705.70,517979.00,HIDDEN,Canceled per Order,,,4.0,3.0,3632.0,18091.0,867942,46.0,10,10,2020,0.0,1.0,5.0,1.0
96,2020-11-18,1273984,357224.49,212941.00,HIDDEN,Canceled per Order,,,4.0,2.0,1946.0,3472.0,324097,37.0,10,7,2019,0.0,1.0,1.0,2.0
97,2020-11-17,1275529,222936.65,173672.00,216000.00,Sold to Plaintiff,3700.00,09:12 AM,3.0,2.0,1400.0,0.0,219426,90.0,7,3,2019,1.0,1.0,7.0,1.0
98,2020-11-17,1275476,42557.86,1776600.00,HIDDEN,Sold to 3rd Party,138100.00,09:24 AM,3.0,2.0,2340.0,0.0,0,37.0,7,6,2019,1.0,1.0,1.0,1.0
99,2020-11-17,1275473,116626.29,48086.00,HIDDEN,Canceled per Order,,,1.0,1.0,700.0,0.0,192192,101.0,7,2,2019,0.0,1.0,7.0,1.0
100,2020-11-17,1275544,32610.72,47889.00,HIDDEN,Sold to 3rd Party,65700.00,09:11 AM,2.0,2.0,1400.0,0.0,168867,52.0,7,1,2018,1.0,1.0,1.0,1.0
102,2020-11-17,1275772,1279736.92,1066434.00,HIDDEN,Sold to Plaintiff,960600.00,09:32 AM,6.0,4.0,3266.0,87120.0,1474324,67.0,7,7,2019,1.0,0.0,4.0,1.0
104,2020-11-16,1272551,85352.65,51558.00,HIDDEN,Canceled per Order,,,3.0,1.0,870.0,6750.0,0,124.0,38,15,2017,0.0,0.0,3.0,5.0
105,2020-11-16,1271793,537650.59,302000.00,540243.09,Sold to Plaintiff,100.00,09:18 AM,4.0,3.0,2322.0,2080.0,405500,144.0,38,17,2017,1.0,1.0,7.0,4.0
106,2020-11-16,1267921,294526.39,177287.00,338800.00,Canceled per Bankruptcy,,,3.0,2.0,1593.0,8900.0,425322,76.0,38,16,2017,0.0,0.0,4.0,4.0
107,2020-11-16,1275079,25391.01,231558.00,HIDDEN,Sold to 3rd Party,150100.00,11:05 AM,1.0,1.0,886.0,0.0,277154,67.0,38,24,2019,1.0,1.0,2.0,1.0
108,2020-11-16,1272436,333967.79,271204.00,HIDDEN,Canceled per Order,,,3.0,2.0,1524.0,7541.0,405423,136.0,38,11,2016,0.0,1.0,4.0,3.0
109,2020-11-16,1273779,328052.71,384594.00,331336.96,Canceled per Bankruptcy,,,3.0,2.0,2440.0,0.0,627683,90.0,38,23,2018,0.0,1.0,3.0,2.0
110,2020-11-16,1272249,470415.18,175000.00,HIDDEN,Canceled per Bankruptcy,,,3.0,2.0,1186.0,3528.0,264430,132.0,38,10,2015,0.0,1.0,2.0,2.0
111,2020-11-16,1271860,97921.07,143174.00,HIDDEN,Sold to 3rd Party,98000.00,09:17 AM,2.0,1.0,1934.0,7000.0,259763,153.0,38,13,2017,1.0,0.0,5.0,4.0
112,2020-11-16,1272522,371189.96,280313.00,285000.00,Sold to Plaintiff,275300.00,09:19 AM,1.0,1.0,791.0,0.0,233585,125.0,38,19,2018,1.0,1.0,6.0,3.0
113,2020-11-16,1270379,117047.10,190792.00,HIDDEN,Sold to 3rd Party,263600.00,11:31 AM,2.0,1.0,865.0,7800.0,345446,46.0,38,30,2019,1.0,0.0,4.0,2.0
114,2020-11-16,1273268,874569.78,267825.00,HIDDEN,Canceled per Bankruptcy,,,4.0,2.0,2404.0,6000.0,423884,168.0,38,3,2013,0.0,1.0,9.0,5.0
115,2020-11-16,1275625,496834.00,556000.00,496834.00,Sold to Plaintiff,185200.00,11:41 AM,3.0,2.0,1458.0,0.0,539855,65.0,38,33,2019,1.0,1.0,3.0,2.0
116,2020-11-16,1273575,58305.66,253266.00,HIDDEN,Sold to 3rd Party,75100.00,09:02 AM,2.0,2.0,1229.0,0.0,351472,76.0,38,2,2011,1.0,1.0,3.0,2.0
117,2020-11-16,1268790,666333.98,268300.00,HIDDEN,Canceled per Bankruptcy,,,3.0,2.0,1609.0,10736.0,601236,103.0,38,8,2015,0.0,1.0,2.0,3.0
118,2020-11-16,1274936,458165.37,253619.00,460794.23,Canceled per Bankruptcy,,,4.0,2.0,1680.0,10000.0,468034,141.0,38,1,2009,0.0,0.0,6.0,1.0
119,2020-11-16,1274740,2822758.47,1245023.00,1999900.00,Sold to Plaintiff,900100.00,09:16 AM,5.0,6.0,5378.0,12352.0,0,189.0,38,9,2015,1.0,1.0,3.0,3.0
120,2020-11-16,1274919,644366.19,430805.00,HIDDEN,Canceled per Order,,,0.0,1.0,1906.0,0.0,579329,203.0,38,12,2016,0.0,1.0,6.0,2.0
122,2020-11-16,1275087,2824246.27,1841094.00,2650000.00,Sold to Plaintiff,1452800.00,11:06 AM,4.0,4.0,4812.0,11250.0,2541609,95.0,38,25,2019,1.0,0.0,2.0,1.0
123,2020-11-16,1272422,343586.76,387008.00,HIDDEN,Canceled per Bankruptcy,,,3.0,2.0,2932.0,13500.0,486363,64.0,38,26,2019,0.0,0.0,2.0,2.0
124,2020-11-16,1275944,694073.13,284906.00,HIDDEN,Canceled per Order,,,3.0,2.0,1705.0,4700.0,380591,178.0,38,5,2014,0.0,1.0,5.0,1.0
125,2020-11-16,1274059,247678.86,163179.00,HIDDEN,Sold to 3rd Party,286400.00,09:15 AM,2.0,2.0,1271.0,3840.0,344137,94.0,38,7,2015,1.0,1.0,4.0,3.0
126,2020-11-16,1274466,516781.54,370770.00,HIDDEN,Sold to Plaintiff,302300.00,12:00 PM,1.0,1.0,830.0,0.0,0,47.0,38,37,2019,1.0,1.0,3.0,1.0
127,2020-11-16,1275080,71913.47,216319.00,HIDDEN,Canceled per Order,,,4.0,3.0,1631.0,4900.0,0,56.0,38,34,2019,0.0,1.0,4.0,1.0
128,2020-11-16,1274072,4363617.56,2775000.00,HIDDEN,Canceled per County,,,2.0,3.0,2942.0,0.0,0,134.0,38,35,2019,0.0,1.0,7.0,2.0
129,2020-11-16,1272253,409294.83,204218.00,HIDDEN,Sold to 3rd Party,369100.00,11:40 AM,2.0,4.0,2667.0,4659.0,0,57.0,38,32,2019,1.0,1.0,3.0,2.0
131,2020-11-16,1275519,362766.23,49849.00,HIDDEN,Sold to Plaintiff,103000.00,09:05 AM,2.0,2.0,870.0,0.0,176906,224.0,38,4,2014,1.0,1.0,4.0,1.0
132,2020-11-16,1272708,986493.56,234132.00,HIDDEN,Sold to Plaintiff,406200.00,09:08 AM,3.0,2.0,2058.0,5225.0,485666,136.0,38,6,2014,1.0,0.0,2.0,3.0
133,2020-11-16,1271808,166218.94,70600.00,HIDDEN,Sold to Plaintiff,100200.00,09:25 AM,2.0,2.0,931.0,0.0,105533,75.0,38,20,2018,1.0,1.0,3.0,2.0
134,2020-11-16,1273992,550855.63,540000.00,555132.63,Sold to Plaintiff,10100.00,11:24 AM,3.0,2.0,1489.0,0.0,0,93.0,38,28,2019,1.0,1.0,6.0,1.0
135,2020-11-16,1272297,481391.76,326448.00,HIDDEN,Sold to Plaintiff,400100.00,11:43 AM,3.0,2.0,1926.0,4325.0,451261,41.0,38,36,2019,1.0,1.0,4.0,1.0
136,2020-11-16,1275078,68399.04,347752.00,HIDDEN,Sold to 3rd Party,280100.00,11:34 AM,3.0,2.0,1950.0,0.0,438127,44.0,38,31,2019,1.0,1.0,4.0,1.0
138,2020-11-16,1275595,369017.95,197812.00,HIDDEN,Sold to Plaintiff,201100.00,12:15 PM,4.0,1.0,2196.0,9375.0,439679,62.0,38,38,2020,1.0,0.0,4.0,1.0
139,2020-11-16,1273756,197560.23,100079.00,HIDDEN,Canceled per Bankruptcy,,,3.0,3.0,1372.0,11470.0,272617,99.0,38,18,2018,0.0,0.0,3.0,4.0
140,2020-11-16,1270004,533060.41,162068.00,HIDDEN,Sold to Plaintiff,153400.00,09:30 AM,2.0,2.0,922.0,0.0,218218,110.0,38,22,2018,1.0,1.0,6.0,1.0
141,2020-11-16,1273480,547132.41,112419.00,540000.00,Sold to Plaintiff,425100.00,11:25 AM,2.0,2.0,1563.0,6250.0,599561,81.0,38,29,2019,1.0,0.0,6.0,3.0
142,2020-11-10,1272414,0.00,447032.00,HIDDEN,Canceled per Order,,,2.0,2.0,1707.0,0.0,552305,29.0,31,29,2020,0.0,1.0,1.0,2.0
143,2020-11-10,1273468,181073.96,256276.00,HIDDEN,Canceled per Order,,,4.0,2.0,2058.0,18447.0,631123,112.0,31,13,2018,0.0,1.0,12.0,5.0
144,2020-11-10,1273093,352391.63,308339.00,377051.11,Sold to Plaintiff,320100.00,09:43 AM,3.0,2.0,1904.0,8025.0,379368,121.0,31,12,2018,1.0,1.0,5.0,2.0
146,2020-11-10,1272494,364027.05,167430.00,HIDDEN,Sold to Plaintiff,322100.00,09:42 AM,4.0,2.0,1692.0,4000.0,0,103.0,31,10,2018,1.0,1.0,9.0,5.0
147,2020-11-10,1271326,69189.71,136054.00,HIDDEN,Canceled per Order,,,3.0,1.0,840.0,7500.0,210069,106.0,31,15,2018,0.0,1.0,5.0,4.0
148,2020-11-10,1273487,115467.57,104843.00,HIDDEN,Canceled per Bankruptcy,,,3.0,2.0,1548.0,0.0,192518,117.0,31,11,2018,0.0,1.0,8.0,2.0
149,2020-11-10,1273295,97850.65,94242.00,HIDDEN,Canceled per Order,,,3.0,2.0,1471.0,6000.0,292714,68.0,31,18,2019,0.0,0.0,1.0,2.0
150,2020-11-10,1274218,34908.40,61310.00,HIDDEN,Sold to 3rd Party,55400.00,09:44 AM,0.0,1.0,410.0,0.0,0,94.0,31,16,2018,1.0,1.0,5.0,1.0
152,2020-11-10,1273507,332402.15,117718.00,HIDDEN,Sold to Plaintiff,283100.00,09:03 AM,4.0,2.0,1988.0,3473.0,329942,229.0,31,1,2010,1.0,0.0,4.0,2.0
153,2020-11-10,1274188,8366.00,164000.00,HIDDEN,Other,,,3.0,2.0,1432.0,2025.0,223830,115.0,31,17,2019,,1.0,5.0,1.0
156,2020-11-10,1273449,361431.55,216035.00,413056.35,Canceled per Bankruptcy,,,2.0,1.0,1323.0,4657.0,455138,86.0,31,14,2018,0.0,0.0,3.0,5.0
157,2020-11-10,1272946,135174.33,162263.00,180074.33,Sold to 3rd Party,180100.00,09:58 AM,3.0,2.0,1380.0,6450.0,278263,58.0,31,26,2019,1.0,0.0,2.0,5.0
158,2020-11-10,1274039,339756.06,150587.00,HIDDEN,Sold to Plaintiff,299100.00,09:09 AM,2.0,1.0,1527.0,8475.0,394569,184.0,31,4,2014,1.0,0.0,1.0,6.0
159,2020-11-10,1273501,450347.73,245374.00,HIDDEN,Canceled per County,,,5.0,3.0,2663.0,5500.0,474734,109.0,31,8,2017,0.0,1.0,3.0,4.0
160,2020-11-10,1274187,276490.27,328435.00,HIDDEN,Canceled per Order,,,3.0,2.0,1950.0,0.0,0,73.0,31,19,2019,0.0,1.0,5.0,1.0
161,2020-11-10,1273650,315575.71,163136.00,HIDDEN,Sold to Plaintiff,233700.00,09:55 AM,4.0,1.0,1414.0,11737.6,308113,93.0,31,23,2019,1.0,0.0,2.0,1.0
162,2020-11-10,1273745,371343.43,314667.00,HIDDEN,Canceled per Bankruptcy,,,5.0,3.0,3830.0,9523.0,447299,106.0,31,22,2019,0.0,1.0,14.0,2.0
163,2020-11-10,1274735,94781.61,2584000.00,94781.61,Sold to 3rd Party,235100.00,10:08 AM,3.0,4.0,3529.0,1.0,5168404,47.0,31,27,2019,1.0,1.0,1.0,1.0
164,2020-11-10,1275437,156423.95,149171.00,159878.09,Sold to 3rd Party,178100.00,09:47 AM,2.0,1.0,1189.0,7000.0,252102,73.0,31,20,2019,1.0,0.0,2.0,1.0
165,2020-11-10,1274907,453434.34,300245.00,HIDDEN,Sold to Plaintiff,385100.00,09:08 AM,4.0,2.0,3268.0,14082.0,561220,110.0,31,3,2013,1.0,0.0,5.0,3.0
166,2020-11-10,1273564,333547.50,321275.00,300000.00,Sold to 3rd Party,342400.00,09:51 AM,4.0,3.0,2417.0,6020.0,443961,66.0,31,21,2019,1.0,0.0,2.0,4.0
168,2020-11-10,1272177,314719.24,332737.00,HIDDEN,Sold to Plaintiff,367100.00,09:07 AM,4.0,3.0,2690.0,4400.0,430407,215.0,31,2,2013,1.0,1.0,4.0,6.0
169,2020-11-10,1272421,496510.17,118769.00,HIDDEN,Sold to Plaintiff,200600.00,09:13 AM,3.0,1.0,1695.0,9030.0,275103,166.0,31,5,2015,1.0,1.0,3.0,5.0
170,2020-11-10,1273654,376538.03,264827.00,300000.00,Sold to 3rd Party,321100.00,09:23 AM,3.0,2.0,1357.0,7500.0,400713,148.0,31,6,2016,1.0,1.0,4.0,5.0
171,2020-11-10,1273267,590108.98,405900.00,550000.00,Sold to Plaintiff,3800.00,09:56 AM,2.0,2.0,926.0,0.0,498773,74.0,31,24,2019,1.0,1.0,4.0,2.0
173,2020-11-09,1272982,265302.28,131937.00,140250.00,Canceled per County,,,2.0,1.0,1000.0,0.0,0,89.0,22,14,2019,0.0,1.0,4.0,2.0
174,2020-11-09,1274170,213137.62,133238.00,HIDDEN,Canceled per Order,,,3.0,2.0,1090.0,0.0,235316,49.0,22,17,2019,0.0,1.0,2.0,1.0
175,2020-11-09,1275596,11951895.85,9259955.00,HIDDEN,Canceled per County,,,6.0,5.0,7565.0,33000.0,14076417,49.0,22,18,2019,0.0,0.0,3.0,1.0
176,2020-11-09,1272587,22229.10,348550.00,HIDDEN,Canceled per Order,,,2.0,2.0,1464.0,0.0,446123,31.0,22,19,2020,0.0,1.0,1.0,3.0
177,2020-11-09,1267905,593651.75,408004.00,HIDDEN,Canceled per Order,,,3.0,2.0,2123.0,7500.0,523097,67.0,22,20,2020,0.0,0.0,2.0,1.0
178,2020-11-09,1271944,15265.22,263000.00,HIDDEN,Canceled per County,,,3.0,2.0,1712.0,0.0,336778,32.0,22,21,2020,0.0,1.0,1.0,1.0
179,2020-11-09,1271315,72198.92,54068.00,HIDDEN,Canceled per County,,,3.0,1.0,930.0,0.0,115966,139.0,22,10,2019,0.0,1.0,1.0,1.0
180,2020-11-09,1273462,331686.56,177831.00,HIDDEN,Canceled per Order,,,3.0,2.0,2126.0,5232.0,394567,82.0,22,2,2016,0.0,1.0,5.0,1.0
181,2020-11-09,1275085,345683.85,135777.00,HIDDEN,Canceled per County,,,4.0,3.0,1690.0,6900.0,0,175.0,22,5,2017,0.0,1.0,12.0,2.0
182,2020-11-09,1271864,733959.90,304815.00,469700.00,Canceled per County,,,6.0,4.0,2711.0,7656.0,496102,141.0,22,3,2016,0.0,0.0,12.0,1.0
183,2020-11-09,1270899,193985.55,86095.00,HIDDEN,Canceled per County,,,2.0,1.0,800.0,7159.0,242047,73.0,22,15,2019,0.0,0.0,8.0,1.0
184,2020-11-09,1270890,438129.47,83939.00,306850.00,Canceled per County,,,4.0,2.0,1789.0,6362.0,326599,67.0,22,13,2019,0.0,1.0,1.0,2.0
185,2020-11-09,1272957,130645.01,77089.00,HIDDEN,Canceled per County,,,2.0,2.0,898.0,0.0,152704,104.0,22,4,2017,0.0,1.0,3.0,4.0
186,2020-11-09,1273465,310098.10,125506.00,HIDDEN,Canceled per County,,,2.0,2.0,1143.0,0.0,241553,70.0,22,16,2019,0.0,1.0,4.0,1.0
187,2020-11-09,1270981,395630.39,183751.00,HIDDEN,Canceled per Order,,,3.0,2.0,1861.0,7620.0,0,103.0,22,11,2019,0.0,0.0,2.0,3.0
188,2020-11-09,1272970,303308.43,169665.00,230000.00,Canceled per County,,,1.0,1.0,816.0,0.0,0,86.0,22,9,2018,0.0,1.0,4.0,2.0
189,2020-11-09,1272965,801419.28,250514.00,HIDDEN,Canceled per County,,,3.0,3.0,1864.0,4630.0,398019,96.0,22,8,2018,0.0,1.0,4.0,1.0
190,2020-11-09,1275555,501242.11,142932.00,364800.00,Canceled per County,,,3.0,2.0,1780.0,4606.0,386795,196.0,22,1,2012,0.0,0.0,7.0,1.0
191,2020-11-09,1271159,309684.04,219600.00,HIDDEN,Canceled per County,,,3.0,2.0,1420.0,4675.0,347397,80.0,22,7,2018,0.0,0.0,2.0,3.0
192,2020-11-09,1272179,435966.65,171802.00,HIDDEN,Canceled per Order,,,2.0,1.0,974.0,7500.0,300193,148.0,22,6,2018,0.0,0.0,13.0,1.0
193,2020-11-09,1273649,792404.27,355814.00,299900.00,Canceled per County,,,2.0,2.0,1509.0,0.0,491857,74.0,22,12,2019,0.0,1.0,10.0,1.0
194,2020-11-09,1273953,8630.40,223000.00,HIDDEN,Canceled per Order,,,2.0,2.0,1423.0,0.0,259912,37.0,22,22,2020,0.0,1.0,2.0,1.0
195,2020-11-03,1267319,30977.36,68447.00,100.00,Canceled per Bankruptcy,,,3.0,2.0,1120.0,0.0,205199,57.0,8,5,2018,0.0,1.0,1.0,1.0
196,2020-11-03,1267325,3040529.26,178919.00,HIDDEN,Canceled per Order,,,3.0,2.0,1658.0,9000.0,0,138.0,8,4,2018,0.0,0.0,3.0,3.0
197,2020-11-03,1273882,345683.85,135777.00,HIDDEN,Canceled per Order,,,4.0,3.0,1690.0,6900.0,0,175.0,8,3,2017,0.0,1.0,12.0,2.0
198,2020-11-03,1269525,277088.79,144043.00,268800.00,Sold to 3rd Party,290200.00,09:14 AM,3.0,3.0,1512.0,2400.0,338142,149.0,8,1,2014,1.0,1.0,6.0,7.0
199,2020-11-03,1271183,178077.41,658796.00,183358.79,Sold to 3rd Party,190100.00,09:20 AM,4.0,3.0,2426.0,15146.0,916833,92.0,8,6,2019,1.0,0.0,1.0,1.0
200,2020-11-03,1273886,295482.78,152054.00,183358.79,Other,,,2.0,1.0,1085.0,8250.0,315978,94.0,8,7,2019,,0.0,5.0,1.0
201,2020-11-03,1273982,7092.36,147826.00,HIDDEN,Canceled per Order,,,3.0,2.0,1693.0,3867.0,247947,36.0,8,8,2019,0.0,1.0,1.0,1.0
202,2020-11-03,1273481,442214.69,185000.00,HIDDEN,Sold to Plaintiff,240100.00,09:19 AM,4.0,3.0,1712.0,1835.0,274236,252.0,8,2,2016,1.0,1.0,7.0,2.0
204,2020-11-02,1270653,117697.13,143281.00,HIDDEN,Sold to 3rd Party,203100.00,09:50 AM,2.0,2.0,1106.0,0.0,217509,83.0,33,29,2019,1.0,1.0,4.0,3.0
205,2020-11-02,1271444,137232.50,213800.00,HIDDEN,Sold to 3rd Party,152200.00,09:43 AM,0.0,1.0,570.0,0.0,276210,65.0,33,28,2019,1.0,1.0,3.0,3.0
206,2020-11-02,1270905,142959.70,84049.00,HIDDEN,Canceled per County,,,1.0,1.0,737.0,0.0,140671,46.0,33,27,2019,0.0,1.0,3.0,1.0
207,2020-11-02,1270425,229523.15,127223.00,HIDDEN,Canceled per Order,,,2.0,2.0,965.0,0.0,175500,101.0,33,17,2018,0.0,1.0,7.0,4.0
208,2020-11-02,1272135,31098.06,1059725.00,HIDDEN,Canceled per Order,,,3.0,2.0,1711.0,0.0,1393483,65.0,33,20,2018,0.0,1.0,2.0,1.0
209,2020-11-02,1272006,590423.54,407788.00,590423.54,Sold to Plaintiff,345600.00,09:33 AM,5.0,4.0,3945.0,7761.0,564087,83.0,33,25,2019,1.0,1.0,4.0,1.0
210,2020-11-02,1271946,600969.45,513166.00,423000.00,Sold to Plaintiff,169100.00,09:53 AM,0.0,0.0,1300.0,0.0,683901,78.0,33,32,2019,1.0,1.0,8.0,1.0
211,2020-11-02,1272174,169254.60,135777.00,HIDDEN,Sold to 3rd Party,169300.00,09:31 AM,3.0,1.0,1257.0,12000.0,270860,124.0,33,21,2019,1.0,0.0,4.0,1.0
212,2020-11-02,1270389,6169144.20,3975382.00,6600000.00,Sold to Plaintiff,800100.00,09:27 AM,5.0,5.0,11684.0,51836.0,0,142.0,33,15,2017,1.0,1.0,4.0,5.0
213,2020-11-02,1270590,457589.74,290570.00,HIDDEN,Sold to Plaintiff,197100.00,09:37 AM,1.0,1.0,988.0,0.0,340797,59.0,33,26,2019,1.0,1.0,3.0,1.0
214,2020-11-02,1273329,66469.92,207364.00,HIDDEN,Canceled per County,,,3.0,2.0,1358.0,8734.0,291807,62.0,33,31,2019,0.0,0.0,9.0,1.0
215,2020-11-02,1270392,185965.81,117000.00,HIDDEN,Canceled per Order,,,1.0,1.0,810.0,0.0,0,81.0,33,18,2018,0.0,1.0,4.0,2.0
216,2020-11-02,1271448,342348.19,185732.00,HIDDEN,Canceled per Order,,,3.0,2.0,1673.0,8400.0,431359,79.0,33,3,2012,0.0,0.0,3.0,1.0
217,2020-11-02,1272255,252737.07,124460.00,224900.00,Canceled per Bankruptcy,,,3.0,2.0,2142.0,7851.0,325404,158.0,33,7,2015,0.0,0.0,5.0,6.0
218,2020-11-02,1272180,295860.54,81452.00,HIDDEN,Sold to 3rd Party,328200.00,09:52 AM,2.0,1.0,990.0,5000.0,412715,92.0,33,30,2019,1.0,1.0,5.0,1.0
219,2020-11-02,1271296,87981.37,99000.00,95781.12,Sold to Plaintiff,70100.00,09:32 AM,2.0,1.0,859.0,2940.0,169582,49.0,33,24,2019,1.0,0.0,2.0,4.0
221,2020-11-02,1273000,16931.01,70584.00,16931.01,Canceled per Order,,,2.0,1.0,874.0,0.0,204976,64.0,33,23,2019,0.0,1.0,2.0,1.0
222,2020-11-02,1271443,345508.04,168317.00,HIDDEN,Sold to Plaintiff,242100.00,09:13 AM,2.0,1.0,2181.0,6000.0,327509,118.0,33,12,2016,1.0,1.0,2.0,5.0
223,2020-11-02,1271989,101250.00,145950.00,HIDDEN,Canceled per Order,,,3.0,2.0,1218.0,0.0,193037,41.0,33,33,2020,0.0,0.0,1.0,2.0
224,2020-11-02,1270131,399740.61,194000.00,HIDDEN,Sold to 3rd Party,249100.00,09:26 AM,1.0,1.0,654.0,0.0,282481,114.0,33,13,2017,1.0,1.0,7.0,1.0
225,2020-11-02,1270426,240561.75,175000.00,HIDDEN,Canceled per Order,,,3.0,2.0,1705.0,1760.0,263218,217.0,33,2,2009,0.0,1.0,6.0,7.0
226,2020-11-02,1272178,119907.18,77462.00,HIDDEN,Canceled per Order,,,3.0,2.0,1690.0,3910.0,143460,173.0,33,5,2015,0.0,1.0,12.0,1.0
227,2020-11-02,1270232,649038.13,440762.00,HIDDEN,Canceled per Order,,,4.0,3.0,2439.0,18270.0,658717,185.0,33,4,2014,0.0,1.0,4.0,4.0
228,2020-11-02,1270592,242875.91,68929.00,175000.00,Sold to Plaintiff,5100.00,09:01 AM,1.0,1.0,700.0,0.0,145055,155.0,33,8,2015,1.0,1.0,3.0,1.0
229,2020-11-02,1257275,416601.39,146019.00,HIDDEN,Canceled per County,,,3.0,2.0,1857.0,7800.0,331357,126.0,33,6,2015,0.0,1.0,4.0,3.0
230,2020-11-02,1271167,247393.50,110000.00,HIDDEN,Sold to Plaintiff,1900.00,09:02 AM,3.0,2.0,1194.0,0.0,141449,239.0,33,9,2015,1.0,1.0,9.0,5.0
231,2020-11-02,1271451,506114.88,325001.00,HIDDEN,Canceled per Order,,,4.0,3.0,1985.0,7772.0,485269,133.0,33,10,2016,0.0,1.0,8.0,6.0
232,2020-11-02,1271804,515375.85,310000.00,443000.00,Canceled per Bankruptcy,,,4.0,3.0,2150.0,0.0,449368,112.0,33,19,2018,0.0,1.0,6.0,2.0
233,2020-11-02,1271442,231181.13,158410.00,213909.04,Sold to Plaintiff,169100.00,09:28 AM,3.0,2.0,996.0,8580.0,252700,119.0,33,16,2018,1.0,0.0,4.0,1.0
234,2020-11-02,1270404,481364.51,217851.00,285000.00,Canceled per Bankruptcy,,,4.0,2.0,1871.0,13800.0,0,256.0,33,1,2009,0.0,0.0,6.0,10.0
235,2020-11-02,1271803,291369.72,73088.00,HIDDEN,Canceled per Bankruptcy,,,2.0,2.0,1415.0,0.0,194351,121.0,33,14,2017,0.0,1.0,6.0,2.0
236,2020-10-28,1273067,22236.01,354197.00,27200.00,Sold to 3rd Party,69100.00,09:09 AM,2.0,2.0,1088.0,0.0,411577,63.0,2,2,2019,1.0,1.0,2.0,1.0
238,2020-10-27,1272524,284073.37,108025.00,HIDDEN,Canceled per County,,,3.0,2.0,1431.0,4750.0,384736,80.0,15,8,2019,0.0,0.0,1.0,2.0
240,2020-10-27,1270010,237959.97,174185.00,HIDDEN,Canceled per Order,,,2.0,2.0,2798.0,40946.4,420488,109.0,15,6,2018,0.0,0.0,4.0,2.0
241,2020-10-27,1272523,398092.95,396732.00,398092.95,Sold to 3rd Party,636100.00,09:06 AM,3.0,1.0,1866.0,8000.0,732555,259.0,15,3,2014,1.0,0.0,7.0,10.0
242,2020-10-27,1268846,214978.55,167575.00,214978.55,Canceled per Bankruptcy,,,3.0,3.0,1747.0,8240.0,396503,303.0,15,7,2019,0.0,1.0,41.0,3.0
243,2020-10-27,1271435,347098.06,113683.00,HIDDEN,Canceled per Order,,,3.0,1.0,1244.0,7666.0,284802,39.0,15,12,2019,0.0,0.0,1.0,2.0
244,2020-10-27,1272983,273208.71,173304.00,214000.00,Sold to Plaintiff,170100.00,09:07 AM,0.0,1.0,638.0,0.0,0,183.0,15,4,2015,1.0,1.0,6.0,2.0
247,2020-10-27,1269663,1013442.40,708897.00,HIDDEN,Canceled per Bankruptcy,,,5.0,5.0,3624.0,5100.0,805475,54.0,15,13,2019,0.0,1.0,2.0,1.0
248,2020-10-27,1271484,557497.66,179030.00,HIDDEN,Canceled per Bankruptcy,,,3.0,2.0,1578.0,1430.0,331914,58.0,15,10,2019,0.0,1.0,10.0,1.0
249,2020-10-27,1273127,261318.57,134211.00,175500.00,Sold to Plaintiff,120600.00,09:34 AM,2.0,2.0,1502.0,0.0,206239,164.0,15,15,2020,1.0,1.0,26.0,1.0
250,2020-10-27,1273125,386489.65,300178.00,HIDDEN,Sold to Plaintiff,375100.00,09:19 AM,4.0,3.0,1939.0,4528.0,407599,114.0,15,9,2019,1.0,1.0,8.0,1.0
251,2020-10-27,1271452,13915.59,74065.00,HIDDEN,Sold to 3rd Party,74000.00,09:33 AM,1.0,1.0,875.0,0.0,109908,61.0,15,14,2020,1.0,1.0,3.0,1.0
252,2020-10-27,1273124,204432.76,158480.00,201000.00,Sold to 3rd Party,218100.00,09:24 AM,3.0,1.0,816.0,10080.0,259027,58.0,15,11,2019,1.0,0.0,3.0,1.0
253,2020-10-26,1270980,171482.20,245219.00,HIDDEN,Sold to 3rd Party,265500.00,09:06 AM,3.0,2.0,1615.0,5600.0,358666,278.0,16,3,2013,1.0,1.0,2.0,4.0
254,2020-10-26,1269504,296359.52,239612.00,HIDDEN,Sold to Plaintiff,262100.00,09:19 AM,4.0,2.0,2094.0,5000.0,312881,85.0,16,11,2019,1.0,1.0,4.0,1.0
255,2020-10-26,1270129,201153.50,195829.00,HIDDEN,Canceled per Order,,,2.0,1.0,1428.0,7500.0,358119,92.0,16,8,2018,0.0,0.0,14.0,2.0
256,2020-10-26,1271175,362317.91,163090.00,HIDDEN,Canceled per Bankruptcy,,,3.0,2.0,2150.0,11500.0,585738,87.0,16,6,2017,0.0,0.0,3.0,2.0
257,2020-10-26,1271440,178607.12,76586.00,HIDDEN,Sold to Plaintiff,30100.00,09:12 AM,4.0,3.0,1660.0,0.0,0,58.0,16,5,2016,1.0,1.0,1.0,1.0
258,2020-10-26,1269505,546785.16,247000.00,HIDDEN,Canceled per Order,,,3.0,2.0,1537.0,1953.0,285427,156.0,16,4,2016,0.0,1.0,4.0,6.0
259,2020-10-26,1267247,247140.50,194592.00,HIDDEN,Canceled per Bankruptcy,,,3.0,1.0,1012.0,10125.0,283510,69.0,16,10,2019,0.0,0.0,3.0,2.0
260,2020-10-26,1270576,18084.66,53355.00,18500.00,Canceled per Bankruptcy,,,2.0,2.0,1000.0,0.0,183492,53.0,16,12,2019,0.0,1.0,2.0,1.0
261,2020-10-26,1272307,3331892.39,946866.00,1100250.00,Sold to Plaintiff,600100.00,09:01 AM,2.0,3.0,2149.0,0.0,1546471,155.0,16,2,2012,1.0,1.0,6.0,1.0
262,2020-10-26,1270898,678417.11,374545.00,HIDDEN,Canceled per Bankruptcy,,,4.0,2.0,3815.0,11200.0,769016,166.0,16,1,2008,0.0,0.0,5.0,4.0
263,2020-10-26,1271945,2741389.78,2301182.00,HIDDEN,Canceled per Bankruptcy,,,4.0,4.0,3760.0,7500.0,2972695,39.0,16,15,2019,0.0,0.0,2.0,1.0
264,2020-10-26,1270039,48240.09,113139.00,HIDDEN,Canceled per Order,,,3.0,2.0,2077.0,5014.0,320484,54.0,16,16,2019,0.0,0.0,1.0,1.0
265,2020-10-26,1271153,321630.69,185665.00,HIDDEN,Canceled per Order,,,4.0,1.0,2093.0,8240.0,384176,53.0,16,9,2019,0.0,1.0,5.0,2.0
266,2020-10-26,1270035,543978.42,368000.00,338600.00,Sold to Plaintiff,25100.00,09:13 AM,2.0,2.0,1326.0,0.0,438933,116.0,16,7,2017,1.0,1.0,6.0,1.0
267,2020-10-26,1273658,361032.16,236000.00,HIDDEN,Sold to Plaintiff,238100.00,09:34 AM,1.0,1.0,1019.0,0.0,323903,60.0,16,14,2019,1.0,1.0,3.0,1.0
268,2020-10-26,1271277,226890.02,68899.00,226890.02,Sold to Plaintiff,125600.00,09:20 AM,3.0,2.0,1140.0,3754.0,216230,137.0,16,13,2019,1.0,0.0,9.0,1.0
270,2020-10-21,1272999,394080.40,308698.00,390000.00,Sold to Plaintiff,269100.00,09:54 AM,4.0,2.0,2223.0,3878.0,461361,123.0,27,18,2019,1.0,1.0,7.0,1.0
271,2020-10-21,1272998,460460.83,279753.00,HIDDEN,Sold to Plaintiff,140100.00,09:26 AM,3.0,2.0,1701.0,10041.72,525826,112.0,27,12,2018,1.0,0.0,13.0,1.0
272,2020-10-21,1270909,437671.77,264825.00,HIDDEN,Sold to Plaintiff,358100.00,09:22 AM,4.0,2.0,1300.0,7500.0,0,98.0,27,10,2018,1.0,0.0,6.0,3.0
273,2020-10-21,1270823,156020.92,74501.00,HIDDEN,Sold to 3rd Party,177100.00,09:17 AM,3.0,2.0,1716.0,0.0,229814,142.0,27,8,2017,1.0,1.0,6.0,5.0
276,2020-10-21,1270813,28873.16,268672.00,HIDDEN,Canceled per Bankruptcy,,,2.0,2.0,1464.0,0.0,385009,58.0,27,16,2019,0.0,1.0,1.0,3.0
277,2020-10-21,1272299,21782.35,698740.00,HIDDEN,Sold to 3rd Party,27100.00,10:24 AM,1.0,1.0,849.0,0.0,851701,55.0,27,25,2020,1.0,1.0,1.0,1.0
279,2020-10-21,1272705,149583.10,81200.00,HIDDEN,Sold to Plaintiff,81600.00,09:36 AM,2.0,2.0,809.0,0.0,105011,61.0,27,14,2019,1.0,1.0,3.0,1.0
280,2020-10-21,1270817,632286.50,742100.00,HIDDEN,Sold to Plaintiff,395100.00,09:58 AM,2.0,2.0,1152.0,0.0,0,77.0,27,19,2019,1.0,1.0,5.0,3.0
281,2020-10-21,1271189,13842.53,37677.00,13842.53,Sold to 3rd Party,38800.00,10:16 AM,0.0,0.0,112.0,0.0,0,62.0,27,22,2019,1.0,1.0,2.0,1.0
282,2020-10-21,1271165,167048.68,156798.00,HIDDEN,Canceled per Order,,,3.0,2.0,1482.0,5400.0,351889,93.0,27,5,2016,0.0,0.0,2.0,4.0
283,2020-10-21,1272092,185040.56,181528.00,HIDDEN,Canceled per Order,,,3.0,1.0,1350.0,7980.0,287631,125.0,27,11,2018,0.0,1.0,5.0,2.0
284,2020-10-21,1270818,976743.69,359894.00,HIDDEN,Canceled per County,,,3.0,2.0,3011.0,6300.0,591449,237.0,27,2,2012,0.0,0.0,2.0,8.0
285,2020-10-21,1271158,62641.99,684477.00,HIDDEN,Sold to 3rd Party,132100.00,09:53 AM,3.0,4.0,2670.0,0.0,754810,71.0,27,15,2019,1.0,1.0,2.0,2.0
286,2020-10-21,1272301,479806.16,209722.00,369000.00,Sold to Plaintiff,5100.00,09:59 AM,4.0,2.0,1330.0,5500.0,398971,71.0,27,20,2019,1.0,0.0,7.0,1.0
287,2020-10-21,1271152,305101.81,154123.00,249900.00,Sold to 3rd Party,281100.00,09:03 AM,3.0,2.0,1287.0,8800.0,398363,183.0,27,1,2010,1.0,0.0,1.0,2.0
288,2020-10-21,1271041,1146160.78,659751.00,713000.00,Canceled per Bankruptcy,,,4.0,3.0,2736.0,45738.0,955441,180.0,27,6,2016,0.0,0.0,7.0,4.0
289,2020-10-21,1268611,304835.25,151210.00,HIDDEN,Canceled per Order,,,3.0,2.0,1412.0,8475.0,565275,95.0,27,9,2018,0.0,1.0,6.0,3.0
290,2020-10-21,1271942,311495.06,130435.00,HIDDEN,Sold to Plaintiff,280200.00,09:10 AM,3.0,2.0,2165.0,10400.0,325049,252.0,27,3,2012,1.0,1.0,4.0,1.0
291,2020-10-21,1270691,493720.36,275962.00,493720.36,Sold to Plaintiff,169100.00,09:12 AM,2.0,2.0,2700.0,54450.0,559153,146.0,27,7,2017,1.0,0.0,19.0,5.0
292,2020-10-21,1271155,267260.59,147362.00,HIDDEN,Canceled per Bankruptcy,,,5.0,3.0,2614.0,8621.0,342771,95.0,27,13,2018,0.0,1.0,4.5,4.0
293,2020-10-21,1272992,8410.15,77596.00,8410.15,Sold to 3rd Party,65000.00,10:05 AM,2.0,2.0,1130.0,1485.0,230958,49.0,27,21,2019,1.0,1.0,1.0,1.0
294,2020-10-21,1270816,109746.10,20724.00,69900.00,Sold to Plaintiff,50100.00,09:11 AM,0.0,0.0,0.0,11374.0,0,102.0,27,4,2014,1.0,0.0,3.0,3.0
295,2020-10-21,1272300,192619.62,120750.00,148000.00,Sold to Plaintiff,78100.00,10:25 AM,2.0,1.0,800.0,0.0,171351,65.0,27,27,2020,1.0,1.0,3.0,1.0
296,2020-10-20,1273887,61134.87,52331.00,60723.00,Sold to 3rd Party,123600.00,09:05 AM,3.0,2.0,1125.0,0.0,163821,114.0,8,7,2019,1.0,1.0,9.0,1.0
297,2020-10-20,1273956,246578.50,177000.00,246578.50,Sold to Plaintiff,5100.00,09:01 AM,2.0,2.0,1130.0,0.0,235664,141.0,8,3,2018,1.0,1.0,11.0,1.0
298,2020-10-20,1269359,341979.04,230000.00,HIDDEN,Canceled per Order,,,2.0,2.0,1508.0,0.0,287929,57.0,8,5,2019,0.0,0.0,3.0,1.0
299,2020-10-20,1273432,249360.13,220000.00,250666.48,Sold to Plaintiff,5100.00,09:06 AM,1.0,1.0,852.0,0.0,263819,89.0,8,8,2020,1.0,1.0,9.0,1.0
300,2020-10-20,1270174,573512.05,223474.00,HIDDEN,Canceled per Order,,,4.0,2.0,1667.0,5000.0,326136,135.0,8,2,2017,0.0,0.0,5.0,2.0
301,2020-10-20,1270583,559079.39,573000.00,HIDDEN,Canceled per Order,,,2.0,2.0,1171.0,0.0,567426,62.0,8,6,2019,0.0,1.0,3.0,2.0
302,2020-10-20,1272170,516154.51,246042.00,HIDDEN,Canceled per Order,,,4.0,2.0,2856.0,7500.0,364485,165.0,8,1,2013,0.0,1.0,7.0,1.0
303,2020-10-20,1272427,503752.88,177710.00,HIDDEN,Canceled per Bankruptcy,,,4.0,2.0,1890.0,8172.0,404244,81.0,8,4,2018,0.0,1.0,6.0,3.0
304,2020-10-19,1268865,253243.57,48212.00,137000.00,Sold to Plaintiff,100.00,09:24 AM,2.0,2.0,919.0,0.0,164139,93.0,25,14,2019,1.0,1.0,7.0,3.0
305,2020-10-19,1268031,733932.75,267075.00,HIDDEN,Canceled per Order,,,3.0,2.0,1776.0,7950.0,411998,62.0,25,16,2019,0.0,0.0,1.0,3.0
306,2020-10-19,1271187,200900.53,93192.00,HIDDEN,Canceled per Order,,,3.0,2.0,1379.0,0.0,176239,170.0,25,19,2019,0.0,1.0,12.0,1.0
307,2020-10-19,1267735,255977.92,247213.00,259900.00,Sold to 3rd Party,260000.00,09:23 AM,3.0,2.0,1898.0,4243.0,339848,85.0,25,12,2019,1.0,1.0,2.5,2.0
310,2020-10-19,1271943,127645.05,74445.00,89000.00,Sold to 3rd Party,89300.00,09:29 AM,2.0,1.0,1075.0,0.0,113782,77.0,25,20,2019,1.0,1.0,3.0,1.0
312,2020-10-19,1267887,434733.78,248851.00,296700.00,Sold to 3rd Party,296800.00,09:27 AM,4.0,3.0,1874.0,6750.0,395808,75.0,25,18,2019,1.0,0.0,4.0,1.0
313,2020-10-19,1270512,165643.01,160284.00,165643.00,Canceled per Order,,,0.0,0.0,1513.0,9424.0,0,41.0,25,21,2019,0.0,0.0,3.0,1.0
314,2020-10-19,1270420,450619.45,410076.00,366000.00,Sold to Plaintiff,115100.00,09:25 AM,3.0,3.0,1702.0,0.0,389149,75.0,25,15,2019,1.0,1.0,5.0,2.0
315,2020-10-19,1270517,181595.32,73381.00,131250.00,Sold to 3rd Party,208100.00,09:16 AM,3.0,2.0,1591.0,6890.0,287539,113.0,25,5,2018,1.0,0.0,7.0,1.0
316,2020-10-19,1272090,22229.10,348550.00,HIDDEN,Canceled per Order,,,2.0,2.0,1464.0,0.0,446123,31.0,25,25,2020,0.0,1.0,1.0,3.0
318,2020-10-19,1270578,6131.06,149805.00,HIDDEN,Canceled per Order,,,2.0,2.0,1350.0,0.0,218408,30.0,25,10,2018,0.0,0.0,1.0,1.0
320,2020-10-19,1270509,525996.96,359164.00,525996.96,Sold to Plaintiff,5100.00,09:21 AM,0.0,0.0,3278.0,13400.0,0,76.0,25,8,2018,1.0,1.0,4.0,2.0
321,2020-10-19,1270238,416796.87,250368.00,328500.00,Canceled per Bankruptcy,,,4.0,2.0,2016.0,11061.0,450000,104.0,25,7,2018,0.0,1.0,4.0,2.0
322,2020-10-19,1269143,517499.88,272912.00,HIDDEN,Canceled per Order,,,4.0,2.0,2588.0,9675.0,297671,123.0,25,6,2018,0.0,0.0,7.0,1.0
323,2020-10-19,1267536,266990.90,252450.00,HIDDEN,Canceled per Order,,,1.0,2.0,1206.0,0.0,265448,108.0,25,4,2018,0.0,1.0,4.0,2.0
324,2020-10-19,1272496,237800.28,133944.00,HIDDEN,Sold to 3rd Party,211000.00,09:11 AM,4.0,2.0,1651.0,7676.0,284441,132.0,25,3,2016,1.0,1.0,13.0,3.0
325,2020-10-19,1267939,543455.54,262240.00,HIDDEN,Canceled per Bankruptcy,,,6.0,4.0,3572.0,6000.0,422203,143.0,25,1,2011,0.0,1.0,8.0,3.0
327,2020-10-19,1270591,232216.42,168176.00,HIDDEN,Canceled per Order,,,3.0,2.0,1526.0,7800.0,127841,59.0,25,11,2018,0.0,0.0,2.0,1.0
328,2020-10-19,1268030,558686.82,365131.00,HIDDEN,Sold to Plaintiff,436100.00,09:04 AM,4.0,3.0,2426.0,5251.0,508602,304.0,25,2,2012,1.0,1.0,7.0,5.0
329,2020-10-14,1271169,517018.07,284769.00,HIDDEN,Canceled per County,,,4.0,3.0,2231.0,2110.0,383876,106.0,5,2,2018,0.0,1.0,5.5,2.0
330,2020-10-14,1265412,145578.19,57194.00,145155.00,Canceled per Bankruptcy,,,2.0,1.0,1105.0,0.0,180580,174.0,5,1,2017,0.0,1.0,36.5,3.0
332,2020-10-14,1271870,102477.01,41089.00,HIDDEN,Canceled per Order,,,1.0,1.0,887.0,0.0,140028,47.0,5,5,2019,0.0,1.0,2.0,1.0
333,2020-10-14,1271863,24645.73,31088.00,24645.73,Sold to 3rd Party,31000.00,09:02 AM,0.0,0.0,0.0,4092.0,0,56.0,5,4,2019,1.0,0.0,2.0,1.0
334,2020-10-13,1269523,27175.16,369000.00,HIDDEN,Canceled per Bankruptcy,,,0.0,1.0,1169.0,0.0,427200,71.0,31,18,2019,0.0,1.0,1.0,1.0
335,2020-10-13,1271314,395618.49,161015.00,224000.00,Sold to Plaintiff,60100.00,09:05 AM,3.0,3.0,1347.0,3750.0,258880,176.0,31,13,2018,1.0,1.0,14.0,1.0
336,2020-10-13,1270128,749403.36,344404.00,399900.00,Sold to Plaintiff,169100.00,09:04 AM,3.0,2.0,2783.0,54450.0,512681,114.0,31,12,2018,1.0,1.0,2.0,6.0
337,2020-10-13,1269834,555577.40,375000.00,443500.00,Sold to Plaintiff,2100.00,09:23 AM,3.0,3.0,1684.0,0.0,447487,89.0,31,19,2019,1.0,1.0,5.0,2.0
338,2020-10-13,1258764,479968.76,428047.00,HIDDEN,Canceled per County,,,4.0,2.0,3704.0,15062.0,703321,116.0,31,9,2017,0.0,1.0,6.0,2.0
339,2020-10-13,1271181,275331.78,120407.00,275331.78,Canceled per Order,,,3.0,1.0,966.0,8025.0,344027,75.0,31,25,2019,0.0,1.0,3.0,2.0
340,2020-10-13,1270573,122327.13,86786.00,HIDDEN,Canceled per County,,,3.0,1.0,1000.0,7800.0,0,61.0,31,20,2019,0.0,0.0,5.0,1.0
341,2020-10-13,1268612,155540.88,331724.00,HIDDEN,Canceled per County,,,4.0,3.0,2272.0,7321.0,450464,145.0,31,8,2016,0.0,1.0,6.0,8.0
342,2020-10-13,1271311,581020.16,575448.00,581020.16,Canceled per Order,,,5.0,5.0,3113.0,4050.0,0,44.0,31,31,2020,0.0,0.0,3.0,1.0
343,2020-10-13,1271184,463966.58,264001.00,283300.00,Sold to Plaintiff,200100.00,09:03 AM,3.0,3.0,2206.0,0.0,345662,116.0,31,11,2018,1.0,1.0,6.0,1.0
344,2020-10-13,1267938,171115.52,105000.00,HIDDEN,Other,,,3.0,2.0,1509.0,1249.0,177056,89.0,31,28,2019,,1.0,9.0,2.0
345,2020-10-13,1270586,405172.49,140928.00,HIDDEN,Canceled per Order,,,3.0,2.0,1681.0,7178.08,287856,52.0,31,29,2019,0.0,0.0,3.0,1.0
347,2020-10-13,1271178,145990.28,209845.00,401287.59,Other,,,1.0,1.0,585.0,0.0,242934,66.0,31,17,2019,,1.0,4.0,1.0
348,2020-10-13,1268932,1947892.35,828977.00,HIDDEN,Sold to Plaintiff,892100.00,09:17 AM,0.0,0.0,0.0,12746.49,0,214.0,31,14,2018,1.0,0.0,5.0,2.0
349,2020-10-13,1270005,448559.41,258597.00,HIDDEN,Sold to 3rd Party,291400.00,09:34 AM,3.0,1.0,1206.0,5936.0,375439,70.0,31,26,2019,1.0,0.0,4.0,2.0
350,2020-10-13,1269524,537391.27,533000.00,537391.27,Sold to Plaintiff,100100.00,09:30 AM,3.0,2.0,1458.0,0.0,306719,60.0,31,23,2019,1.0,1.0,5.0,2.0
351,2020-10-13,1269619,226844.40,161438.00,226844.40,Sold to 3rd Party,230000.00,09:29 AM,3.0,2.0,1231.0,5121.0,260427,79.0,31,22,2019,1.0,0.0,2.0,3.0
352,2020-10-13,1269981,306604.53,200490.00,HIDDEN,Sold to 3rd Party,252400.00,09:47 AM,3.0,2.0,1708.0,4712.0,300639,102.0,31,27,2019,1.0,0.0,10.0,2.0
353,2020-10-13,1269612,480517.06,127189.00,HIDDEN,Canceled per Bankruptcy,,,2.0,2.0,1230.0,0.0,199276,41.0,31,24,2019,0.0,1.0,4.0,2.0
354,2020-10-13,1269980,4646365.70,1022676.00,HIDDEN,Other,,,4.0,4.0,3467.0,11376.25,0,172.0,31,15,2019,,0.0,5.0,3.0
355,2020-10-13,1269629,318057.56,86716.00,HIDDEN,Canceled per Order,,,2.0,1.0,1414.0,10726.0,339113,263.0,31,1,2007,0.0,0.0,5.0,8.0
356,2020-10-13,1258763,627665.34,282298.00,HIDDEN,Canceled per Bankruptcy,,,4.0,2.0,2333.0,8813.0,531686,135.0,31,2,2011,0.0,0.0,4.0,2.0
357,2020-10-13,1271188,305089.03,53502.00,HIDDEN,Canceled per Order,,,2.0,2.0,968.0,0.0,174395,139.0,31,6,2016,0.0,1.0,3.0,1.0
358,2020-10-13,1269679,55542.91,370186.00,HIDDEN,Canceled per Bankruptcy,,,3.0,2.0,1350.0,0.0,0,93.0,31,3,2015,0.0,1.0,4.0,3.0
359,2020-10-13,1268931,20426.12,32366.00,HIDDEN,Other,,,1.0,1.0,711.0,0.0,67695,198.0,31,7,2016,,1.0,8.0,1.0
360,2020-10-13,1268057,314474.96,134663.00,311797.00,Sold to 3rd Party,329200.00,09:27 AM,3.0,2.0,1292.0,7425.0,439247,72.0,31,21,2019,1.0,1.0,3.0,2.0
361,2020-10-13,1270127,2822758.47,1245023.00,1999900.00,Canceled per Order,,,5.0,6.0,5378.0,12352.0,0,189.0,31,5,2015,0.0,1.0,3.0,3.0
362,2020-10-13,1270012,186887.72,80465.00,HIDDEN,Sold to Plaintiff,92600.00,09:02 AM,3.0,2.0,1166.0,0.0,135442,102.0,31,4,2015,1.0,1.0,8.0,2.0
363,2020-10-13,1270865,312952.04,76707.00,HIDDEN,Canceled per Order,,,2.0,2.0,1395.0,8250.0,311939,122.0,31,10,2017,0.0,0.0,5.0,1.0
364,2020-10-13,1271182,400797.59,261006.00,401287.59,Sold to Plaintiff,50100.00,09:18 AM,2.0,2.0,1515.0,0.0,495602,72.0,31,16,2019,1.0,1.0,4.0,3.0
365,2020-10-07,1270022,189780.93,48415.00,HIDDEN,Sold to Plaintiff,150100.00,09:02 AM,0.0,0.0,0.0,5000.0,251894,96.0,10,5,2018,1.0,0.0,7.0,3.0
366,2020-10-07,1270596,38148.68,35781.00,HIDDEN,Canceled per Bankruptcy,,,1.0,1.0,1036.0,0.0,109987,41.0,10,10,2019,0.0,1.0,1.0,1.0
367,2020-10-07,1270176,148352.49,69879.00,HIDDEN,Sold to 3rd Party,265900.00,09:15 AM,3.0,2.0,1334.0,8025.0,311553,95.0,10,7,2019,1.0,1.0,6.0,3.0
368,2020-10-07,1270595,115146.00,129308.00,115146.00,Sold to Plaintiff,45100.00,09:16 AM,1.0,1.0,592.0,0.0,148810,39.0,10,9,2019,1.0,1.0,2.0,1.0
369,2020-10-07,1270597,388431.85,62156.00,289000.00,Sold to Plaintiff,200100.00,09:03 AM,2.0,1.0,1311.0,5500.0,388779,91.0,10,6,2019,1.0,1.0,9.0,1.0
370,2020-10-07,1269835,553864.21,321537.00,HIDDEN,Canceled per Bankruptcy,,,2.0,2.0,1330.0,9800.0,528975,200.0,10,3,2016,0.0,0.0,2.0,6.0
371,2020-10-07,1270009,547132.41,112419.00,HIDDEN,Canceled per Order,,,2.0,2.0,1563.0,6250.0,599561,81.0,10,8,2019,0.0,0.0,6.0,3.0
372,2020-10-07,1269930,85352.65,51558.00,HIDDEN,Canceled per Order,,,3.0,1.0,870.0,6750.0,0,124.0,10,4,2017,0.0,0.0,3.0,5.0
373,2020-10-07,1269121,491856.31,365136.00,HIDDEN,Canceled per Bankruptcy,,,2.0,1.0,2001.0,7875.0,0,162.0,10,1,2012,0.0,0.0,7.0,6.0
374,2020-10-07,1269833,281081.84,84431.00,220500.00,Canceled per Bankruptcy,,,3.0,2.0,1311.0,7439.0,314863,95.0,10,2,2016,0.0,1.0,2.0,5.0
375,2020-10-06,1267732,240075.09,122284.00,235000.00,Sold to 3rd Party,266100.00,09:08 AM,4.0,2.0,1512.0,8250.0,288631,137.0,2,1,2017,1.0,0.0,7.0,2.0
376,2020-10-06,1267733,371966.02,260917.00,HIDDEN,Sold to 3rd Party,275600.00,09:19 AM,4.0,3.0,1680.0,9583.0,371048,62.0,2,2,2019,1.0,0.0,3.0,2.0
377,2020-10-05,1267311,504431.91,222938.00,HIDDEN,Canceled per Order,,,3.0,3.0,2363.0,5582.0,491552,244.0,22,2,2012,0.0,1.0,6.0,1.0
378,2020-10-05,1267567,367222.75,186325.00,421229.68,Sold to Plaintiff,169100.00,09:41 AM,4.0,3.0,2003.0,4960.0,390206,58.0,22,21,2019,1.0,0.0,7.0,1.0
379,2020-10-05,1269668,603905.63,199353.00,HIDDEN,Canceled per Order,,,2.0,2.0,1145.0,0.0,0,48.0,22,20,2019,0.0,1.0,6.0,1.0
380,2020-10-05,1270574,537080.74,576628.00,537080.74,Sold to Plaintiff,369100.00,09:13 AM,3.0,2.0,2270.0,10650.0,0,126.0,22,13,2018,1.0,0.0,1.0,2.0
381,2020-10-05,1270123,269393.98,168698.00,HIDDEN,Sold to 3rd Party,195500.00,09:12 AM,2.0,1.0,1010.0,6000.0,274170,105.0,22,12,2018,1.0,0.0,8.0,1.0
382,2020-10-05,1268775,317543.80,139561.00,HIDDEN,Canceled per Order,,,3.0,2.0,1422.0,8132.0,329831,36.0,22,15,2019,0.0,1.0,3.0,1.0
383,2020-10-05,1270175,589732.65,563143.00,HIDDEN,Canceled per Bankruptcy,,,3.0,2.0,2115.0,40946.0,677942,53.0,22,18,2019,0.0,0.0,2.0,1.0
384,2020-10-05,1270575,237753.79,112482.00,238138.79,Sold to Plaintiff,130100.00,09:42 AM,2.0,1.0,842.0,8142.0,333943,67.0,22,22,2020,1.0,1.0,4.0,1.0
385,2020-10-05,1268771,942109.38,418526.00,433500.00,Sold to 3rd Party,452100.00,09:16 AM,5.0,4.0,2944.0,6304.0,552895,106.0,22,16,2019,1.0,0.0,9.0,4.0
386,2020-10-05,1269026,371712.38,486405.00,HIDDEN,Canceled per Bankruptcy,,,2.0,0.0,1570.0,0.0,613904,95.0,22,14,2019,0.0,1.0,3.0,4.0
387,2020-10-05,1267568,363047.54,133584.00,HIDDEN,Canceled per Bankruptcy,,,3.0,2.0,1339.0,2700.0,323683,95.0,22,11,2018,0.0,1.0,9.0,2.0
388,2020-10-05,1270904,799643.93,329840.00,HIDDEN,Canceled per Bankruptcy,,,4.0,3.0,1626.0,8648.1,445010,201.0,22,3,2015,0.0,0.0,8.0,1.0
389,2020-10-05,1269360,275301.69,218717.00,HIDDEN,Canceled per Bankruptcy,,,3.0,2.0,1146.0,2977.0,343142,328.0,22,1,2009,0.0,0.0,8.0,15.0
390,2020-10-05,1269665,1037122.11,360863.00,HIDDEN,Sold to Plaintiff,395200.00,09:01 AM,4.0,3.0,2169.0,7255.0,442001,159.0,22,4,2015,1.0,1.0,7.0,1.0
391,2020-10-05,1271494,79855.21,81117.00,79855.21,Sold to 3rd Party,201100.00,09:40 AM,3.0,2.0,1456.0,5300.0,254397,91.0,22,19,2019,1.0,0.0,3.0,3.0
392,2020-10-05,1268845,903787.96,573360.00,600000.00,Canceled per Bankruptcy,,,5.0,3.0,4380.0,11224.0,781012,103.0,22,6,2016,0.0,1.0,3.0,4.0
393,2020-10-05,1268939,344441.00,284376.00,275000.00,Sold to Plaintiff,1100.00,09:03 AM,2.0,2.0,1763.0,0.0,340492,119.0,22,7,2017,1.0,0.0,3.0,1.0
395,2020-10-05,1268834,702641.44,220000.00,HIDDEN,Canceled per Order,,,3.0,2.0,1564.0,2500.0,275067,110.0,22,8,2018,0.0,1.0,8.5,3.0
396,2020-10-05,1269032,576725.66,269806.00,HIDDEN,Canceled per County,,,3.0,1.0,1633.0,7500.0,401653,66.0,22,9,2018,0.0,0.0,4.0,5.0
397,2020-10-05,1268337,171019.64,89450.00,HIDDEN,Canceled per Order,,,2.0,2.0,1120.0,0.0,207272,82.0,22,10,2018,0.0,1.0,4.0,4.0
398,2020-10-05,1269125,411294.45,132928.00,HIDDEN,Sold to Plaintiff,222000.00,09:02 AM,4.0,2.0,1282.0,0.0,0,238.0,22,5,2016,1.0,1.0,28.0,2.0
399,2020-09-30,1270040,414390.90,180649.00,HIDDEN,Sold to Plaintiff,250200.00,09:08 AM,2.0,2.0,992.0,4077.0,313658,133.0,14,6,2018,1.0,1.0,4.0,1.0
400,2020-09-30,1268893,10097.97,13900.00,HIDDEN,Sold to 3rd Party,43100.00,10:18 AM,2.0,1.0,920.0,0.0,86176,57.0,14,13,2019,1.0,1.0,1.0,2.0
401,2020-09-30,1268774,153166.45,149562.00,HIDDEN,Sold to 3rd Party,210100.00,09:12 AM,3.0,2.0,1445.0,7500.0,295714,73.0,14,12,2019,1.0,0.0,2.0,3.0
403,2020-09-30,1268789,236276.27,76064.00,HIDDEN,Canceled per Order,,,3.0,2.0,1352.0,4834.0,300481,73.0,14,9,2018,0.0,0.0,4.0,2.0
404,2020-09-30,1269691,361431.55,216035.00,HIDDEN,Canceled per Order,,,2.0,1.0,1323.0,4657.0,455138,86.0,14,8,2018,0.0,0.0,3.0,5.0
405,2020-09-30,1270571,14129.69,117000.00,HIDDEN,Sold to 3rd Party,81100.00,10:24 AM,2.0,2.0,1197.0,0.0,170244,63.0,14,14,2020,1.0,1.0,1.0,1.0
406,2020-09-30,1269666,212431.97,98845.00,HIDDEN,Canceled per County,,,3.0,1.0,800.0,3750.0,350651,55.0,14,5,2016,0.0,0.0,1.0,2.0
407,2020-09-30,1268835,717387.56,343499.00,HIDDEN,Canceled per Order,,,4.0,2.0,2553.0,4700.0,435641,211.0,14,1,2013,0.0,1.0,3.0,5.0
408,2020-09-30,1269498,422116.35,91444.00,HIDDEN,Canceled per Order,,,3.0,1.0,1254.0,8250.0,284563,65.0,14,3,2016,0.0,0.0,1.0,2.0
409,2020-09-30,1269657,115467.57,104843.00,115467.57,Canceled per Order,,,3.0,2.0,1548.0,0.0,192518,117.0,14,7,2018,0.0,1.0,8.0,2.0
410,2020-09-30,1269111,323574.94,356459.00,323574.94,Canceled per Bankruptcy,,,2.0,1.0,2255.0,7100.0,548657,121.0,14,4,2016,0.0,0.0,6.0,4.0
411,2020-09-30,1268836,391112.80,165106.00,391112.80,Sold to Plaintiff,260100.00,09:01 AM,4.0,2.0,2321.0,8591.0,526748,138.0,14,2,2015,1.0,0.0,4.0,3.0
412,2020-09-30,1269110,463749.76,368100.00,HIDDEN,Sold to Plaintiff,265600.00,09:09 AM,1.0,1.0,788.0,0.0,405475,65.0,14,10,2019,1.0,1.0,5.0,3.0
413,2020-09-29,1269191,540160.17,430378.00,HIDDEN,Canceled per Bankruptcy,,,3.0,2.0,2488.0,10396.0,586105,100.0,20,6,2018,0.0,1.0,5.0,2.0
414,2020-09-29,1269628,131704.58,122278.00,141142.00,Sold to 3rd Party,192100.00,09:24 AM,3.0,2.0,2158.0,7875.0,326552,67.0,20,10,2018,1.0,0.0,2.0,2.0
415,2020-09-29,1267734,27764.99,128281.00,HIDDEN,Sold to 3rd Party,64100.00,09:22 AM,1.0,1.0,958.0,0.0,192519,103.0,20,4,2017,1.0,1.0,1.0,4.0
416,2020-09-29,1271276,442214.69,185000.00,HIDDEN,Canceled per Order,,,4.0,3.0,1712.0,1835.0,274236,252.0,20,2,2016,0.0,1.0,7.0,2.0
417,2020-09-29,1269620,197332.85,123601.00,121824.42,Sold to 3rd Party,146300.00,09:04 AM,2.0,2.0,996.0,0.0,0,137.0,20,3,2016,1.0,1.0,6.0,4.0
418,2020-09-29,1270570,109002.30,1410457.00,HIDDEN,Canceled per Bankruptcy,,,2.0,2.0,2040.0,0.0,1981151,37.0,20,9,2018,0.0,1.0,1.0,1.0
419,2020-09-29,1269626,31099.84,42524.00,HIDDEN,Canceled per County,,,2.0,2.0,890.0,0.0,152327,87.0,20,5,2017,0.0,0.0,2.0,2.0
420,2020-09-29,1269259,284218.52,99825.00,190000.00,Sold to Plaintiff,10600.00,09:47 AM,1.0,1.0,994.0,0.0,184829,88.0,20,13,2019,1.0,1.0,2.0,1.0
421,2020-09-29,1268056,43121.48,72931.00,44928.91,Sold to 3rd Party,180600.00,09:46 AM,3.0,2.0,1126.0,6950.0,257028,118.0,20,12,2019,1.0,0.0,8.0,2.0
422,2020-09-29,1268110,163997.28,21888.00,HIDDEN,Canceled per Bankruptcy,,,3.0,2.0,1527.0,5300.0,0,116.0,20,1,2012,0.0,0.0,5.0,1.0
423,2020-09-29,1269361,831906.59,645216.00,HIDDEN,Sold to Plaintiff,430300.00,09:49 AM,2.0,3.0,1223.0,0.0,648605,54.0,20,14,2019,1.0,1.0,3.0,2.0
424,2020-09-29,1267919,396171.34,364484.00,HIDDEN,Sold to 3rd Party,393700.00,10:14 AM,3.0,2.0,1563.0,9000.0,518142,86.0,20,18,2019,1.0,0.0,5.0,2.0
425,2020-09-29,1269686,35996.08,172497.00,39996.08,Canceled per Bankruptcy,,,3.0,2.0,1035.0,30100.0,289630,196.0,20,7,2018,0.0,0.0,3.0,4.0
426,2020-09-29,1269617,380408.79,300309.00,HIDDEN,Canceled per Order,,,3.0,2.0,2420.0,5000.0,299002,84.0,20,8,2018,0.0,0.0,5.0,1.0
427,2020-09-29,1269714,514103.28,732000.00,HIDDEN,Canceled per Bankruptcy,,,3.0,3.0,1761.0,0.0,312460,56.0,20,20,2020,0.0,1.0,4.0,1.0
428,2020-09-29,1269570,247009.72,190768.00,247009.72,Sold to Plaintiff,222100.00,09:50 AM,3.0,2.0,1686.0,7500.0,323952,58.0,20,16,2019,1.0,0.0,7.0,1.0
429,2020-09-29,1269537,305490.21,200360.00,HIDDEN,Sold to Plaintiff,267100.00,09:54 AM,3.0,2.0,1441.0,2520.0,306085,56.0,20,17,2019,1.0,1.0,3.0,2.0
430,2020-09-29,1269667,280405.08,241800.00,HIDDEN,Canceled per Order,,,3.0,2.0,1769.0,5000.0,347459,137.0,20,11,2018,0.0,0.0,12.0,1.0
431,2020-09-29,1267916,3897629.90,2991584.00,HIDDEN,Canceled per Order,,,5.0,5.0,6845.0,18905.0,3026099,81.0,20,15,2019,0.0,1.0,5.0,2.0
432,2020-09-29,1270518,174230.68,210400.00,174230.68,Sold to 3rd Party,174300.00,10:15 AM,2.0,2.0,1268.0,0.0,246117,112.0,20,19,2019,1.0,1.0,5.0,2.0
433,2020-09-23,1269262,261450.81,76982.00,HIDDEN,Sold to 3rd Party,215600.00,09:20 AM,3.0,2.0,1104.0,1.0,0,61.0,16,13,2019,1.0,1.0,4.0,1.0
434,2020-09-23,1268045,395630.39,183751.00,HIDDEN,Canceled per Order,,,3.0,2.0,1861.0,7620.0,0,103.0,16,8,2019,0.0,0.0,2.0,3.0
435,2020-09-23,1267736,3130249.54,1160473.00,HIDDEN,Sold to Plaintiff,821400.00,09:04 AM,7.0,5.0,3609.0,19710.0,1700146,181.0,16,5,2018,1.0,0.0,6.0,3.0
436,2020-09-23,1267893,1635728.88,877823.00,HIDDEN,Canceled per Bankruptcy,,,4.0,4.0,3764.0,435600.0,1553886,115.0,16,4,2017,0.0,0.0,5.0,4.0
437,2020-09-23,1267891,250702.90,183600.00,HIDDEN,Sold to Plaintiff,192600.00,09:33 AM,3.0,2.0,1462.0,0.0,253818,86.0,16,15,2019,1.0,1.0,8.0,2.0
438,2020-09-23,1269429,174230.68,210400.00,HIDDEN,Other,,,2.0,2.0,1268.0,0.0,246117,112.0,16,16,2019,,1.0,5.0,2.0
439,2020-09-23,1268588,334797.68,223396.00,HIDDEN,Sold to Plaintiff,233600.00,09:07 AM,3.0,2.0,2314.0,5000.0,301128,55.0,16,12,2019,1.0,1.0,6.0,3.0
440,2020-09-23,1267924,193014.95,93438.00,HIDDEN,Canceled per Order,,,2.0,2.0,1160.0,0.0,188748,70.0,16,11,2019,0.0,1.0,4.0,2.0
441,2020-09-23,1268044,15595.18,101700.00,HIDDEN,Sold to 3rd Party,24100.00,09:06 AM,1.0,1.0,714.0,0.0,135581,67.0,16,10,2019,1.0,1.0,1.0,2.0
442,2020-09-23,1268383,281159.89,268896.00,HIDDEN,Canceled per Bankruptcy,,,3.0,3.0,1440.0,7447.44,418189,85.0,16,6,2018,0.0,0.0,2.0,1.0
443,2020-09-23,1268752,333967.79,271204.00,HIDDEN,Canceled per Order,,,3.0,2.0,1524.0,7541.0,385151,136.0,16,3,2016,0.0,1.0,4.0,3.0
444,2020-09-23,1268578,458159.05,154916.00,HIDDEN,Canceled per County,,,3.0,2.0,2028.0,7600.0,413119,130.0,16,2,2015,0.0,1.0,5.0,4.0
445,2020-09-23,1268029,289679.85,116171.00,289140.00,Canceled per Bankruptcy,,,3.0,2.0,1232.0,11001.0,158097,159.0,16,1,2009,0.0,0.0,5.0,4.0
446,2020-09-23,1268028,258247.94,188500.00,HIDDEN,Canceled per Order,,,3.0,2.0,1270.0,1570.0,275107,64.0,16,7,2019,0.0,1.0,3.0,3.0
447,2020-09-23,1270400,10172.76,53209.00,10400.00,Sold to 3rd Party,69100.00,09:26 AM,1.0,1.0,546.0,0.0,144461,80.0,16,14,2019,1.0,1.0,3.0,2.0
448,2020-09-23,1267737,227964.22,205000.00,HIDDEN,Canceled per Bankruptcy,,,3.0,2.0,1364.0,0.0,283683,90.0,16,9,2019,0.0,1.0,4.0,2.0
449,2020-09-21,1268387,101250.00,145950.00,HIDDEN,Canceled per Order,,,3.0,2.0,1218.0,0.0,193037,41.0,13,12,2020,0.0,0.0,1.0,2.0
450,2020-09-21,1268933,34274.49,447032.00,HIDDEN,Canceled per Order,,,2.0,2.0,1707.0,0.0,552305,29.0,13,13,2020,0.0,1.0,1.0,2.0
451,2020-09-21,1268317,246007.44,124942.00,248952.87,Sold to 3rd Party,251600.00,09:43 AM,2.0,2.0,1275.0,1920.0,332443,73.0,13,10,2019,1.0,1.0,3.0,1.0
452,2020-09-21,1267561,59200.83,52642.00,62632.78,Sold to 3rd Party,140300.00,09:13 AM,2.0,2.0,812.0,0.0,166464,141.0,13,8,2019,1.0,1.0,15.0,2.0
453,2020-09-21,1267889,881277.03,757600.00,750000.00,Sold to Plaintiff,50100.00,09:44 AM,3.0,3.0,1334.0,0.0,684966,57.0,13,11,2019,1.0,1.0,2.0,3.0
454,2020-09-21,1268318,255943.98,149154.00,HIDDEN,Sold to Plaintiff,138200.00,09:35 AM,0.0,0.0,0.0,7100.0,0,47.0,13,9,2019,1.0,0.0,3.0,1.0
455,2020-09-21,1267728,325081.03,220000.00,HIDDEN,Canceled per Order,,,1.0,1.0,690.0,0.0,276808,72.0,13,6,2019,0.0,1.0,2.0,3.0
456,2020-09-21,1268382,387527.06,447397.00,438702.98,Sold to Plaintiff,25100.00,09:05 AM,0.0,0.0,0.0,11025.0,0,73.0,13,4,2018,1.0,0.0,3.0,2.0
458,2020-09-21,1267546,1515519.83,781462.00,HIDDEN,Canceled per Order,,,3.0,2.0,3020.0,11000.0,0,223.0,13,1,2008,0.0,0.0,6.0,2.0
459,2020-09-21,1268356,211494.68,225622.00,HIDDEN,Sold to 3rd Party,179900.00,09:09 AM,2.0,2.0,960.0,0.0,285253,151.0,13,5,2018,1.0,1.0,8.0,3.0
460,2020-09-21,1267892,307702.57,93563.00,HIDDEN,Canceled per Order,,,5.0,3.0,1639.0,5720.0,308201,134.0,13,3,2014,0.0,0.0,8.0,2.0
461,2020-09-21,1267729,278559.93,114139.00,HIDDEN,Canceled per Bankruptcy,,,2.0,1.0,1734.0,10575.0,370238,84.0,13,7,2019,0.0,0.0,6.0,4.0
462,2020-09-16,1267217,357136.36,108977.00,HIDDEN,Canceled per Order,,,3.0,2.0,1606.0,2068.0,289969,127.0,5,1,2017,0.0,1.0,4.0,2.0
464,2020-09-16,1267324,322912.19,160204.00,HIDDEN,Canceled per Order,,,3.0,2.0,1812.0,1540.0,330632,129.0,5,2,2017,0.0,1.0,2.0,6.0
465,2020-09-16,1267153,135174.33,162263.00,160791.42,Canceled per Bankruptcy,,,3.0,2.0,1380.0,6450.0,278263,58.0,5,4,2019,0.0,0.0,2.0,5.0
466,2020-09-16,1267151,193321.49,98542.00,187148.00,Sold to Plaintiff,700.00,09:01 AM,2.0,1.0,1201.0,6000.0,258870,67.0,5,3,2019,1.0,1.0,2.0,3.0
467,2020-09-15,1268376,187622.84,121051.00,HIDDEN,Canceled per County,,,4.0,2.0,1233.0,7102.0,0,103.0,5,1,2019,0.0,0.0,5.0,1.0
470,2020-09-15,1269261,347098.06,113683.00,206700.00,Canceled per Order,,,3.0,1.0,1244.0,7666.0,284802,39.0,5,3,2019,0.0,0.0,1.0,2.0
472,2020-09-14,1262009,986493.56,234132.00,HIDDEN,Sold to Plaintiff,349000.00,09:10 AM,3.0,2.0,2058.0,5225.0,486287,136.0,6,1,2014,1.0,0.0,2.0,3.0
473,2020-09-14,1267731,195352.48,176021.00,202992.46,Sold to 3rd Party,203000.00,09:20 AM,4.0,3.0,1500.0,0.0,234260,93.0,6,4,2018,1.0,1.0,3.0,2.0
474,2020-09-14,1268927,421463.57,281000.00,HIDDEN,Sold to Plaintiff,185100.00,09:19 AM,0.0,0.0,1813.0,7000.0,0,179.0,6,3,2017,1.0,0.0,7.0,1.0
475,2020-09-14,1268353,203330.64,180000.00,HIDDEN,Sold to Plaintiff,161300.00,09:15 AM,2.0,2.0,1240.0,0.0,230254,171.0,6,2,2016,1.0,1.0,9.5,1.0
476,2020-09-14,1268379,590108.98,405900.00,590108.98,Canceled per Order,,,2.0,2.0,926.0,0.0,498773,74.0,6,5,2019,0.0,1.0,4.0,2.0
477,2020-09-14,1268384,20685.82,2473947.00,590108.98,Other,,,6.0,4.0,5950.0,12492.48,4415834,41.0,6,6,2019,,0.0,2.0,1.0
479,2020-09-09,1267328,13276.75,238417.00,HIDDEN,Sold to 3rd Party,70100.00,09:01 AM,3.0,2.0,1464.0,3643.0,188982,102.0,2,1,2018,1.0,1.0,2.0,2.0
480,2020-09-08,1267256,36113.67,87660.00,36113.67,Canceled per Order,,,2.0,1.0,950.0,0.0,192769,85.0,1,1,2017,0.0,1.0,2.0,1.0
481,2020-09-02,1257178,575243.04,343058.00,HIDDEN,Canceled per Order,,,5.0,3.0,2312.0,6000.0,448313,110.0,1,1,2017,0.0,1.0,6.0,1.0
483,2020-08-17,1262292,386703.65,116043.00,HIDDEN,Canceled per Order,,,2.0,2.0,1458.0,0.0,186171,78.0,6,5,2019,0.0,1.0,2.0,1.0
484,2020-08-17,1259927,311674.00,194734.00,HIDDEN,Canceled per County,,,4.0,2.0,1987.0,6720.0,394564,104.0,6,4,2018,0.0,0.0,5.0,5.0
486,2020-08-17,1262290,277489.63,107720.00,HIDDEN,Canceled per County,,,2.0,1.0,1130.0,0.0,122102,127.0,6,1,2016,0.0,1.0,5.0,3.0
487,2020-08-17,1262286,474714.73,167425.00,HIDDEN,Canceled per Order,,,3.0,2.0,1763.0,5625.0,392934,87.0,6,6,2019,0.0,0.0,6.0,3.0
488,2020-08-17,1259930,919053.92,369363.00,HIDDEN,Canceled per Order,,,4.0,2.0,2925.0,22500.0,515039,122.0,6,2,2018,0.0,1.0,7.0,2.0
489,2020-08-12,1257276,1650673.11,518518.00,HIDDEN,Sold to Plaintiff,69000.00,09:01 AM,2.0,2.0,1460.0,0.0,605738,192.0,1,1,2016,1.0,0.0,10.0,1.0
490,2020-08-11,1262289,465219.53,137109.00,HIDDEN,Canceled per Bankruptcy,,,5.0,3.0,2501.0,5031.0,346656,100.0,3,2,2018,0.0,1.0,23.5,2.0
491,2020-08-11,1259933,370368.22,143643.00,HIDDEN,Canceled per Order,,,3.0,2.0,1012.0,7875.0,288884,67.0,3,1,2018,0.0,0.0,2.0,2.0
492,2020-08-11,1262288,733932.75,267075.00,HIDDEN,Canceled per County,,,3.0,2.0,1776.0,7950.0,411998,62.0,3,3,2019,0.0,0.0,1.0,3.0
493,2020-08-10,1257723,240081.51,378290.00,HIDDEN,Canceled per Order,,,4.0,4.0,2964.0,6330.0,504575,64.0,2,2,2019,0.0,1.0,3.5,1.0
494,2020-08-10,1257724,251133.42,102305.00,HIDDEN,Canceled per Order,,,2.0,2.0,1093.0,0.0,178674,111.0,2,1,2018,0.0,1.0,5.0,1.0
495,2020-08-04,1262016,186687.06,134112.00,143500.00,Canceled per Order,,,3.0,2.0,1070.0,0.0,173026,134.0,2,2,2016,0.0,1.0,4.5,3.0
496,2020-08-04,1263923,758630.04,329861.00,HIDDEN,Canceled per Order,,,3.0,2.0,2040.0,5919.0,456557,141.0,2,1,2016,0.0,0.0,8.0,2.0
498,2020-08-03,1260997,285271.49,201576.00,HIDDEN,Canceled per Order,,,3.0,1.0,1400.0,7500.0,275143,86.0,6,2,2018,0.0,0.0,5.0,2.0
499,2020-08-03,1255935,10391.22,132263.00,HIDDEN,Sold to 3rd Party,66400.00,09:31 AM,1.0,1.0,994.0,0.0,196059,58.0,6,5,2019,1.0,1.0,1.0,1.0
500,2020-08-03,1259567,249394.35,168870.00,HIDDEN,Canceled per Order,,,3.0,2.0,1706.0,7500.0,399304,43.0,6,6,2019,0.0,1.0,3.0,2.0
501,2020-08-03,1260501,15811.87,188371.00,HIDDEN,Other,,,3.0,2.0,1688.0,0.0,270391,51.0,6,3,2019,,1.0,1.0,2.0
502,2020-08-03,1260715,109746.10,20724.00,HIDDEN,Sold to Plaintiff,81600.00,09:05 AM,0.0,0.0,0.0,11374.0,0,102.0,6,1,2014,1.0,0.0,3.0,3.0
504,2020-07-27,1256351,139532.81,666497.00,HIDDEN,Canceled per County,,,2.0,3.0,2050.0,0.0,1112617,63.0,12,7,2018,0.0,0.0,5.0,1.0
505,2020-07-27,1262165,283124.82,103183.00,HIDDEN,Canceled per Order,,,1.0,1.0,763.0,0.0,0,85.0,12,8,2018,0.0,1.0,3.0,2.0
507,2020-07-27,1256517,358058.93,524618.00,HIDDEN,Canceled per Order,,,3.0,3.0,3653.0,27581.0,830326,55.0,12,11,2019,0.0,0.0,4.0,1.0
508,2020-07-27,1262171,437730.27,129391.00,HIDDEN,Canceled per Order,,,2.0,2.0,979.0,0.0,0,70.0,12,9,2019,0.0,1.0,7.0,3.0
509,2020-07-27,1259569,175648.61,198905.00,HIDDEN,Other,,,5.0,2.0,1734.0,7500.0,385150,137.0,12,10,2019,,0.0,3.0,6.0
510,2020-07-27,1262291,238934.66,46707.00,HIDDEN,Canceled per Order,,,4.0,2.0,1714.0,5617.8,309269,86.0,12,6,2018,0.0,0.0,2.0,3.0
511,2020-07-27,1256538,2010223.00,719957.00,HIDDEN,Canceled per Order,,,4.0,4.0,3476.0,12750.0,2571799,118.0,12,4,2018,0.0,1.0,2.0,1.0
512,2020-07-27,1259919,576725.66,269806.00,HIDDEN,Canceled per Order,,,3.0,1.0,1633.0,7500.0,401653,66.0,12,5,2018,0.0,0.0,4.0,5.0
513,2020-07-27,1259916,102020.97,146582.00,HIDDEN,Canceled per Order,,,2.0,1.0,1354.0,3045.0,265459,130.0,12,2,2015,0.0,1.0,4.0,7.0
515,2020-07-27,1259917,469665.83,210906.00,521407.81,Canceled per Order,,,3.0,2.0,2186.0,10969.0,445676,93.0,12,3,2017,0.0,1.0,3.0,2.0
516,2020-07-22,1258755,130453.21,102852.00,HIDDEN,Canceled per Order,,,1.0,1.0,888.0,0.0,0,55.0,1,1,2019,0.0,1.0,3.0,2.0
517,2020-07-14,1259053,144877.01,121081.00,HIDDEN,Canceled per Order,,,3.0,2.0,1580.0,2300.0,223586,84.0,6,5,2019,0.0,1.0,6.0,2.0
518,2020-07-14,1258419,193014.95,93438.00,HIDDEN,Canceled per Order,,,2.0,2.0,1160.0,0.0,188748,70.0,6,6,2019,0.0,1.0,4.0,2.0
519,2020-07-14,1259050,139499.32,140089.00,HIDDEN,Canceled per Order,,,3.0,2.0,1040.0,0.0,189119,131.0,6,3,2018,0.0,1.0,7.0,4.0
520,2020-07-14,1262108,203990.75,389759.00,HIDDEN,Canceled per Order,,,4.0,2.0,2560.0,15600.0,553293,209.0,6,1,2016,0.0,1.0,12.0,2.0
521,2020-07-14,1262107,202949.62,222926.00,HIDDEN,Canceled per Order,,,3.0,3.0,2031.0,7490.6,355266,111.0,6,2,2018,0.0,0.0,7.0,5.0
522,2020-07-14,1258422,317087.34,219887.00,HIDDEN,Canceled per Order,,,3.0,2.0,1301.0,3351.0,327483,97.0,6,4,2019,0.0,1.0,9.5,1.0
523,2020-07-13,1257522,511802.25,238663.00,HIDDEN,Canceled per Order,,,3.0,2.0,1524.0,4343.0,380139,159.0,7,1,2015,0.0,0.0,7.0,1.0
524,2020-07-13,1257523,450274.56,147849.00,HIDDEN,Canceled per Order,,,4.0,2.0,1680.0,6750.0,0,69.0,7,3,2017,0.0,1.0,2.0,1.0
525,2020-07-13,1257273,1534216.92,1706224.00,HIDDEN,Canceled per Order,,,3.0,3.0,2120.0,11250.0,0,187.0,7,2,2016,0.0,0.0,8.0,1.0
526,2020-07-13,1257274,189716.45,30287.00,HIDDEN,Canceled per Order,,,2.0,1.0,720.0,7200.0,0,50.0,7,6,2019,0.0,0.0,2.0,1.0
527,2020-07-13,1257743,347624.26,85920.00,HIDDEN,Canceled per Order,,,2.0,1.0,835.0,2459.0,249036,128.0,7,5,2019,0.0,1.0,13.0,1.0
528,2020-07-13,1259737,881277.03,757600.00,881277.03,Canceled per Order,,,3.0,3.0,1334.0,0.0,684966,57.0,7,7,2019,0.0,1.0,2.0,3.0
529,2020-07-13,1257749,413285.89,117111.00,HIDDEN,Canceled per Order,,,3.0,2.0,1369.0,8000.0,258760,81.0,7,4,2018,0.0,0.0,6.0,1.0
530,2020-07-08,1257329,110897.24,1160082.00,HIDDEN,Canceled per Order,,,3.0,3.0,3060.0,0.0,0,71.0,1,1,2019,0.0,0.0,7.0,1.0
531,2020-07-07,1259052,972242.47,483223.00,HIDDEN,Canceled per Order,,,4.0,3.0,2912.0,20366.0,576164,124.0,1,1,2018,0.0,1.0,30.0,2.0
532,2020-07-06,1258522,307459.04,201000.00,HIDDEN,Canceled per Order,,,3.0,2.0,1460.0,0.0,259751,135.0,13,5,2018,0.0,1.0,8.0,3.0
533,2020-07-06,1256943,92270.13,86788.00,HIDDEN,Canceled per County,,,2.0,1.0,1289.0,18252.0,268046,46.0,13,8,2019,0.0,0.0,2.0,1.0
534,2020-07-06,1257177,438129.47,83939.00,HIDDEN,Canceled per Order,,,4.0,2.0,1789.0,6362.0,326599,67.0,13,6,2019,0.0,1.0,1.0,2.0
535,2020-07-06,1258524,275301.69,218717.00,275301.69,Sold to 3rd Party,275400.00,09:01 AM,3.0,2.0,1146.0,2977.0,343142,328.0,13,1,2009,1.0,0.0,8.0,15.0
536,2020-07-06,1259557,247678.86,163179.00,HIDDEN,Sold to 3rd Party,252700.00,09:06 AM,2.0,2.0,1271.0,3840.0,344233,94.0,13,2,2015,1.0,1.0,4.0,3.0
537,2020-07-06,1255934,477470.80,182712.00,HIDDEN,Canceled per Order,,,4.0,2.0,3510.0,21150.0,503668,189.0,13,3,2017,0.0,0.0,2.0,1.0
538,2020-07-06,1257035,584741.37,258002.00,HIDDEN,Canceled per Order,,,2.0,1.0,1530.0,30720.0,602674,75.0,13,4,2018,0.0,0.0,3.0,1.0
539,2020-07-06,1259552,35663.00,124895.00,HIDDEN,Canceled per County,,,1.0,1.0,784.0,0.0,173007,54.0,13,11,2019,0.0,1.0,8.0,2.0
541,2020-07-06,1257209,340225.91,309784.00,HIDDEN,Canceled per Order,,,3.0,2.0,1730.0,9786.0,464097,62.0,13,7,2019,0.0,0.0,6.0,1.0
542,2020-07-06,1257027,5721.82,425518.00,HIDDEN,Other,,,4.0,4.0,3053.0,5500.0,556173,43.0,13,13,2019,,1.0,3.0,1.0
543,2020-07-06,1257037,344920.64,372050.00,HIDDEN,Canceled per Order,,,4.0,2.0,3040.0,7434.0,443789,54.0,13,12,2019,0.0,0.0,2.0,1.0
545,2020-07-01,1255932,314719.24,332737.00,HIDDEN,Canceled per Order,,,4.0,3.0,2690.0,4400.0,430407,215.0,4,1,2013,0.0,1.0,4.0,6.0
546,2020-07-01,1256290,799795.49,444901.00,HIDDEN,Canceled per Order,,,5.0,3.0,4744.0,24249.0,862515,221.0,4,2,2014,0.0,0.0,8.0,3.0
547,2020-07-01,1256876,168560.40,172148.00,HIDDEN,Canceled per County,,,3.0,2.0,1741.0,2543.0,270098,33.0,4,4,2019,0.0,1.0,4.0,1.0
548,2020-07-01,1256874,86902.14,584749.00,HIDDEN,Canceled per Order,,,4.0,2.0,2990.0,0.0,0,45.0,4,3,2018,0.0,1.0,2.0,1.0
549,2020-06-30,1256856,130438.88,183305.00,HIDDEN,Canceled per Order,,,3.0,2.0,1093.0,2205.0,250303,87.0,4,2,2019,0.0,1.0,4.0,1.0
550,2020-06-30,1256824,144683.37,81028.00,HIDDEN,Canceled per Order,,,3.0,2.0,1850.0,2921.0,231230,84.0,4,4,2019,0.0,1.0,4.5,1.0
551,2020-06-30,1257040,430681.56,288786.00,HIDDEN,Canceled per Order,,,3.0,2.0,1901.0,5000.0,441187,100.0,4,1,2017,0.0,1.0,3.0,1.0
552,2020-06-30,1256810,275583.56,111328.00,HIDDEN,Canceled per Order,,,3.0,2.0,1750.0,5358.0,289088,79.0,4,3,2019,0.0,1.0,6.0,1.0
554,2020-06-29,1257470,260234.39,243000.00,HIDDEN,Canceled per Order,,,1.0,1.0,750.0,0.0,0,99.0,14,4,2017,0.0,1.0,7.0,1.0
555,2020-06-29,1256520,238564.49,85513.00,HIDDEN,Canceled per Order,,,2.0,1.0,1113.0,6184.0,260633,75.0,14,5,2018,0.0,1.0,9.0,1.0
556,2020-06-29,1256537,443035.08,266061.00,HIDDEN,Canceled per Order,,,5.0,4.0,2202.0,7502.0,407386,100.0,14,6,2018,0.0,0.0,3.0,1.0
557,2020-06-29,1256535,496832.19,291516.00,HIDDEN,Canceled per Order,,,5.0,3.0,2310.0,7150.0,456327,104.0,14,10,2019,0.0,0.0,9.0,1.0
558,2020-06-29,1256536,267859.69,204513.00,HIDDEN,Canceled per Order,,,3.0,2.0,1642.0,1760.0,261606,45.0,14,14,2019,0.0,1.0,4.0,1.0
559,2020-06-29,1256519,717276.99,605472.00,HIDDEN,Canceled per Order,,,5.0,5.0,3113.0,4006.0,0,70.0,14,12,2019,0.0,1.0,6.0,2.0
560,2020-06-29,1256528,3352862.82,2642802.00,HIDDEN,Canceled per Order,,,4.0,4.0,6120.0,0.0,5784403,156.0,14,7,2018,0.0,1.0,10.0,1.0
561,2020-06-29,1256516,211730.61,123308.00,HIDDEN,Canceled per Order,,,3.0,2.0,1170.0,2833.0,323085,72.0,14,11,2019,0.0,1.0,4.0,1.0
562,2020-06-29,1252565,323072.38,256813.00,HIDDEN,Canceled per Order,,,3.0,2.0,1687.0,5060.0,383274,98.0,14,2,2017,0.0,1.0,6.0,1.0
563,2020-06-29,1256385,140133.94,163134.00,HIDDEN,Canceled per County,,,3.0,2.0,1225.0,8047.76,261273,82.0,14,1,2015,0.0,1.0,7.0,1.0
564,2020-06-29,1256524,283124.82,103183.00,HIDDEN,Canceled per Order,,,1.0,1.0,763.0,0.0,0,85.0,14,8,2018,0.0,1.0,3.0,2.0
565,2020-06-29,1256361,191244.66,156298.00,HIDDEN,Canceled per Order,,,0.0,0.0,1565.0,0.0,0,66.0,14,13,2019,0.0,1.0,4.0,1.0
566,2020-06-29,1255704,190510.64,5364051.00,HIDDEN,Canceled per Order,,,5.0,6.0,6300.0,0.0,0,115.0,14,3,2017,0.0,1.0,3.0,3.0
567,2020-06-24,1258793,96322.40,75650.00,HIDDEN,Canceled per Order,,,0.0,0.0,1075.0,3600.0,194283,38.0,31,31,2019,0.0,0.0,3.0,2.0
568,2020-06-24,1259041,942109.38,418526.00,HIDDEN,Canceled per Order,,,5.0,4.0,2944.0,6304.0,552895,106.0,31,27,2019,0.0,0.0,9.0,4.0
569,2020-06-24,1258791,224376.46,200000.00,HIDDEN,Canceled per Order,,,3.0,2.0,1284.0,0.0,253993,72.0,31,28,2019,0.0,1.0,4.0,2.0
570,2020-06-24,1256209,762207.47,304307.00,HIDDEN,Canceled per Order,,,4.0,2.0,1887.0,8925.0,423229,68.0,31,25,2019,0.0,1.0,8.0,1.0
571,2020-06-24,1256334,227964.22,205000.00,HIDDEN,Canceled per Order,,,3.0,2.0,1364.0,0.0,283683,90.0,31,23,2019,0.0,1.0,4.0,2.0
572,2020-06-24,1256331,119873.28,70603.00,HIDDEN,Canceled per Order,,,2.0,2.0,1065.0,0.0,159068,69.0,31,24,2019,0.0,1.0,5.0,1.0
573,2020-06-24,1259565,275170.23,194338.00,HIDDEN,Canceled per Order,,,2.0,2.0,948.0,0.0,252304,61.0,31,20,2018,0.0,1.0,3.0,2.0
574,2020-06-24,1259556,361092.54,143517.00,HIDDEN,Canceled per Order,,,3.0,2.0,1404.0,3320.0,345809,97.0,31,9,2018,0.0,1.0,2.0,8.0
575,2020-06-24,1255838,284028.23,43699.00,HIDDEN,Canceled per Order,,,2.0,1.0,715.0,9240.0,245205,42.0,31,29,2019,0.0,0.0,2.0,1.0
576,2020-06-24,1259033,345256.42,109183.00,HIDDEN,Canceled per Order,,,3.0,2.0,1566.0,7500.0,305335,83.0,31,26,2019,0.0,0.0,6.0,2.0
577,2020-06-24,1256208,430852.98,327912.00,HIDDEN,Canceled per Order,,,4.0,3.0,2847.0,6380.0,527823,114.0,31,14,2018,0.0,1.0,6.0,1.0
579,2020-06-24,1256338,191663.14,169000.00,HIDDEN,Canceled per Order,,,3.0,2.0,1850.0,2881.0,233262,69.0,31,30,2019,0.0,1.0,5.0,1.0
580,2020-06-24,1259049,231894.96,196493.00,HIDDEN,Canceled per County,,,4.0,2.0,2491.0,5736.0,351267,97.0,31,19,2018,0.0,1.0,6.0,5.0
581,2020-06-24,1259040,240497.91,162799.00,HIDDEN,Canceled per Order,,,2.0,2.0,1680.0,5494.0,227798,95.0,31,21,2019,0.0,1.0,7.0,3.0
582,2020-06-24,1255013,175016.97,82505.00,HIDDEN,Canceled per Order,,,1.0,1.0,676.0,0.0,130975,92.0,31,22,2019,0.0,1.0,4.0,2.0
583,2020-06-24,1256316,315333.36,162528.00,HIDDEN,Canceled per Order,,,3.0,1.0,1337.0,6480.0,308764,76.0,31,18,2018,0.0,0.0,5.0,1.0
584,2020-06-24,1256170,737119.84,150402.00,HIDDEN,Canceled per Order,,,4.0,2.0,1605.0,11024.0,341776,170.0,31,3,2014,0.0,0.0,7.0,1.0
585,2020-06-24,1258790,703345.01,214532.00,HIDDEN,Canceled per Order,,,5.0,3.0,2710.0,5250.0,380730,74.0,31,17,2018,0.0,1.0,5.0,4.0
586,2020-06-24,1259564,265544.93,158070.00,HIDDEN,Canceled per Order,,,3.0,2.0,1882.0,5300.0,305393,180.0,31,7,2017,0.0,0.0,10.0,4.0
587,2020-06-24,1259543,1633436.58,1410457.00,HIDDEN,Canceled per Order,,,2.0,2.0,2040.0,0.0,1981151,113.0,31,15,2018,0.0,1.0,8.0,2.0
588,2020-06-24,1259558,260575.76,103252.00,HIDDEN,Canceled per Order,,,1.0,1.0,710.0,0.0,169462,113.0,31,4,2014,0.0,1.0,9.0,3.0
589,2020-06-24,1259036,322912.19,160204.00,HIDDEN,Canceled per Order,,,3.0,2.0,1812.0,1540.0,330632,129.0,31,8,2017,0.0,1.0,2.0,6.0
590,2020-06-24,1259566,636095.64,140148.00,HIDDEN,Canceled per Order,,,2.0,2.0,922.0,0.0,213373,73.0,31,6,2017,0.0,1.0,4.0,4.0
591,2020-06-24,1259034,991297.35,529298.00,HIDDEN,Canceled per Order,,,5.0,3.0,4252.0,51500.0,827018,338.0,31,1,2010,0.0,0.0,13.0,7.0
592,2020-06-24,1259923,372607.27,292594.00,HIDDEN,Canceled per Bankruptcy,,,4.0,2.0,2188.0,21708.0,427220,166.0,31,5,2016,0.0,0.0,2.0,5.0
593,2020-06-24,1255860,342330.02,298424.00,HIDDEN,Canceled per Order,,,3.0,2.0,1665.0,7500.0,436177,120.0,31,11,2018,0.0,0.0,7.0,1.0
594,2020-06-24,1256214,293856.75,299279.00,HIDDEN,Canceled per Order,,,2.0,2.0,1447.0,0.0,0,105.0,31,13,2018,0.0,1.0,5.0,1.0
595,2020-06-24,1256207,413526.12,202499.00,HIDDEN,Canceled per Order,,,5.0,3.0,1722.0,6000.0,464595,134.0,31,12,2018,0.0,0.0,4.0,1.0
596,2020-06-24,1259518,312642.46,109148.00,HIDDEN,Canceled per Order,,,3.0,1.0,988.0,3700.0,0,100.0,31,16,2018,0.0,1.0,2.0,3.0
597,2020-06-24,1259922,283631.00,161048.00,HIDDEN,Canceled per Order,,,3.0,2.0,1676.0,7500.0,438191,87.0,31,10,2018,0.0,0.0,3.0,5.0
598,2020-06-23,1255455,211776.39,187646.00,HIDDEN,Canceled per Order,,,3.0,2.0,1650.0,7401.5,327875,64.0,1,1,2018,0.0,0.0,4.0,1.0
599,2020-06-22,1258761,267919.36,105286.00,HIDDEN,Canceled per Order,,,2.0,2.0,1090.0,0.0,190714,151.0,22,15,2019,0.0,1.0,16.0,2.0
600,2020-06-22,1258556,551347.12,313375.00,HIDDEN,Canceled per Order,,,3.0,1.0,2190.0,7875.0,438412,69.0,22,18,2019,0.0,0.0,7.0,3.0
601,2020-06-22,1258740,325081.03,220000.00,HIDDEN,Canceled per Order,,,1.0,1.0,690.0,0.0,276808,72.0,22,14,2019,0.0,1.0,2.0,3.0
602,2020-06-22,1259551,328063.12,209000.00,HIDDEN,Canceled per Order,,,3.0,2.0,1178.0,3598.0,289840,62.0,22,19,2019,0.0,1.0,5.0,3.0
603,2020-06-22,1258751,491856.31,365136.00,HIDDEN,Canceled per Order,,,2.0,1.0,2001.0,7875.0,0,162.0,22,2,2012,0.0,0.0,7.0,6.0
604,2020-06-22,1258760,281889.71,247444.00,HIDDEN,Canceled per Order,,,3.0,2.0,2043.0,6945.0,316092,65.0,22,21,2019,0.0,1.0,3.0,3.0
606,2020-06-22,1256332,262338.85,209000.00,HIDDEN,Canceled per Order,,,5.0,4.0,3120.0,2300.0,285792,64.0,22,17,2019,0.0,1.0,3.5,2.0
607,2020-06-22,1258511,253243.57,48212.00,HIDDEN,Canceled per Order,,,2.0,2.0,919.0,0.0,164139,93.0,22,20,2019,0.0,1.0,7.0,3.0
608,2020-06-22,1259035,340529.26,178919.00,HIDDEN,Canceled per County,,,3.0,2.0,1658.0,9000.0,0,138.0,22,10,2018,0.0,0.0,3.0,3.0
609,2020-06-22,1258759,345508.04,168317.00,HIDDEN,Canceled per Order,,,2.0,1.0,2181.0,6000.0,327509,118.0,22,4,2016,0.0,1.0,2.0,5.0
610,2020-06-22,1258742,183381.09,121572.00,HIDDEN,Canceled per County,,,3.0,1.0,1000.0,6000.0,239347,190.0,22,5,2016,0.0,0.0,10.0,4.0
611,2020-06-22,1251428,554776.30,277748.00,HIDDEN,Canceled per Order,,,4.0,3.0,2767.0,6004.0,367218,124.0,22,3,2016,0.0,1.0,7.0,1.0
612,2020-06-22,1259045,350952.59,353487.00,HIDDEN,Canceled per Order,,,5.0,3.0,2809.0,8370.0,0,74.0,22,12,2018,0.0,0.0,5.0,2.0
613,2020-06-22,1258745,350776.31,368208.00,HIDDEN,Canceled per Order,,,4.0,2.0,4896.0,21150.0,559801,158.0,22,7,2016,0.0,0.0,14.0,6.0
614,2020-06-22,1251427,664080.46,216026.00,HIDDEN,Canceled per Order,,,3.0,2.0,2163.0,7251.0,442328,109.0,22,8,2017,0.0,1.0,5.0,1.0
615,2020-06-22,1258525,380090.12,183000.00,HIDDEN,Canceled per Order,,,3.0,2.0,1109.0,0.0,246940,82.0,22,9,2018,0.0,1.0,6.0,2.0
616,2020-06-22,1259920,331613.49,350482.00,HIDDEN,Sold to Plaintiff,250100.00,09:01 AM,3.0,2.0,1920.0,9525.0,488930,104.0,22,11,2018,1.0,0.0,6.0,1.0
617,2020-06-22,1258780,455335.18,264627.00,HIDDEN,Canceled per Order,,,4.0,3.0,2042.0,14491.0,436299,229.0,22,1,2008,0.0,0.0,3.0,10.0
618,2020-06-22,1257739,21186.84,217870.00,HIDDEN,Canceled per Order,,,3.0,2.0,1212.0,4895.0,0,23.0,22,13,2019,0.0,1.0,1.0,1.0
619,2020-06-22,1258719,454810.74,33474.00,HIDDEN,Canceled per Order,,,2.0,1.0,923.0,5000.0,222737,48.0,22,22,2019,0.0,0.0,4.0,2.0
620,2020-06-22,1258744,183381.09,121572.00,HIDDEN,Canceled per Order,,,3.0,1.0,1000.0,6000.0,239347,190.0,22,6,2016,0.0,0.0,10.0,4.0
621,2020-06-15,1253854,259532.35,199818.00,HIDDEN,Canceled per Order,,,3.0,2.0,1234.0,2560.0,322281,66.0,28,17,2018,0.0,1.0,4.0,1.0
622,2020-06-15,1255876,464518.43,228000.00,HIDDEN,Canceled per Order,,,2.0,2.0,1423.0,0.0,291386,105.0,28,12,2018,0.0,1.0,4.0,1.0
623,2020-06-15,1255842,249361.84,72511.00,HIDDEN,Canceled per Order,,,3.0,2.0,1168.0,7500.0,275510,74.0,28,13,2018,0.0,0.0,2.0,1.0
624,2020-06-15,1255839,515375.85,310000.00,HIDDEN,Canceled per Order,,,4.0,3.0,2150.0,0.0,449368,112.0,28,8,2018,0.0,1.0,6.0,2.0
625,2020-06-15,1258792,334797.68,223396.00,HIDDEN,Canceled per Order,,,3.0,2.0,2314.0,5000.0,301128,55.0,28,26,2019,0.0,1.0,6.0,3.0
626,2020-06-15,1249460,358365.45,178000.00,HIDDEN,Canceled per Order,,,2.0,2.0,960.0,0.0,222667,133.0,28,5,2018,0.0,1.0,9.0,1.0
627,2020-06-15,1255856,396736.80,326158.00,HIDDEN,Canceled per Order,,,4.0,2.0,2274.0,8244.0,431031,103.0,28,21,2019,0.0,1.0,6.0,1.0
628,2020-06-15,1254828,355281.90,114643.00,HIDDEN,Canceled per Order,,,3.0,2.0,1534.0,6700.0,303911,105.0,28,9,2018,0.0,0.0,4.0,1.0
629,2020-06-15,1258508,211657.73,158293.00,HIDDEN,Canceled per Order,,,3.0,2.0,1567.0,10200.0,387712,107.0,28,19,2019,0.0,0.0,6.0,4.0
630,2020-06-15,1255859,185346.86,135000.00,HIDDEN,Canceled per Order,,,3.0,2.0,1165.0,0.0,164372,72.0,28,20,2019,0.0,1.0,9.0,2.0
631,2020-06-15,1255198,445506.64,421930.00,HIDDEN,Canceled per Order,,,4.0,2.0,2508.0,8545.0,634114,83.0,28,10,2018,0.0,0.0,9.0,1.0
632,2020-06-15,1259756,272160.93,52441.00,HIDDEN,Canceled per Order,,,2.0,1.0,640.0,6750.0,216945,66.0,28,28,2019,0.0,0.0,5.0,2.0
633,2020-06-15,1259038,177127.88,33852.00,HIDDEN,Canceled per County,,,3.0,1.0,750.0,5250.0,204345,56.0,28,11,2018,0.0,0.0,2.0,3.0
634,2020-06-15,1255874,395630.39,183751.00,HIDDEN,Canceled per Order,,,3.0,2.0,1861.0,7620.0,0,103.0,28,18,2019,0.0,0.0,2.0,3.0
635,2020-06-15,1259560,270922.04,139046.00,HIDDEN,Canceled per Order,,,2.0,2.0,1032.0,0.0,189566,96.0,28,23,2019,0.0,1.0,19.0,2.0
636,2020-06-15,1259757,202949.62,222926.00,HIDDEN,Canceled per Order,,,3.0,3.0,2031.0,7490.6,355266,111.0,28,14,2018,0.0,0.0,7.0,5.0
637,2020-06-15,1257036,177351.40,115941.00,HIDDEN,Canceled per Order,,,3.0,2.0,1402.0,3500.0,356735,54.0,28,24,2019,0.0,0.0,2.0,1.0
638,2020-06-15,1249817,415661.69,83480.00,HIDDEN,Sold to Plaintiff,208800.00,09:05 AM,3.0,2.0,1890.0,9042.0,349448,78.0,28,25,2019,1.0,0.0,2.0,1.0
639,2020-06-15,1255837,53188.46,30669.00,HIDDEN,Canceled per Order,,,4.0,1.0,975.0,5400.0,217642,91.0,28,6,2018,0.0,1.0,3.0,1.0
640,2020-06-15,1250790,97317.83,53907.00,HIDDEN,Canceled per Order,,,2.0,1.0,930.0,0.0,126312,69.0,28,4,2017,0.0,1.0,2.0,2.0
642,2020-06-15,1247628,369184.28,73275.00,HIDDEN,Canceled per Order,,,2.0,1.0,970.0,0.0,217757,155.0,28,3,2017,0.0,1.0,2.0,1.0
643,2020-06-15,1256849,284073.37,108025.00,HIDDEN,Canceled per Order,,,3.0,2.0,1431.0,4750.0,384736,80.0,28,22,2019,0.0,0.0,1.0,2.0
644,2020-06-15,1253894,302749.72,319479.00,HIDDEN,Canceled per Order,,,2.0,1.0,1637.0,17100.0,453017,79.0,28,16,2018,0.0,0.0,2.0,3.0
645,2020-06-15,1255023,364578.05,410411.00,HIDDEN,Canceled per Order,,,4.0,2.0,2418.0,7875.0,566807,78.0,28,15,2018,0.0,1.0,6.0,1.0
646,2020-06-15,1259926,439640.64,149076.00,HIDDEN,Canceled per Order,,,3.0,2.0,1501.0,2386.0,327772,88.0,28,7,2018,0.0,1.0,4.0,2.0
647,2020-06-15,1253364,1437957.57,1355718.00,HIDDEN,Canceled per Order,,,5.0,5.0,3910.0,7422.5,1733784,23.0,28,27,2019,0.0,0.0,2.0,1.0
648,2020-06-15,1258377,603585.25,248653.00,HIDDEN,Canceled per Order,,,1.0,1.0,1048.0,0.0,305072,170.0,28,1,2014,0.0,1.0,5.0,1.0
649,2020-06-10,1257641,19000.00,176921.00,HIDDEN,Canceled per Bankruptcy,,,4.0,2.0,1804.0,9505.0,356275,67.0,4,3,2018,0.0,1.0,2.0,1.0
650,2020-06-10,1253784,199873.25,153108.00,HIDDEN,Canceled per Order,,,3.0,1.0,936.0,7575.0,0,62.0,4,1,2017,0.0,0.0,4.0,1.0
651,2020-06-10,1253914,222673.01,211522.00,HIDDEN,Canceled per Order,,,4.0,2.0,1902.0,10764.0,328137,56.0,4,4,2019,0.0,0.0,3.0,1.0
652,2020-06-10,1253915,340140.87,67741.00,HIDDEN,Canceled per Order,,,3.0,2.0,1425.0,7500.0,305344,103.0,4,2,2017,0.0,0.0,5.0,1.0
653,2020-06-09,1253778,216915.45,171301.00,HIDDEN,Canceled per Order,,,3.0,1.0,1111.0,8850.0,0,111.0,5,1,2018,0.0,0.0,8.0,1.0
654,2020-06-09,1253764,687784.22,284586.00,HIDDEN,Canceled per Order,,,3.0,2.0,1659.0,7322.0,441184,73.0,5,2,2018,0.0,1.0,4.0,1.0
655,2020-06-09,1253780,427867.26,122763.00,HIDDEN,Canceled per Order,,,3.0,2.0,1347.0,5000.0,298015,42.0,5,5,2019,0.0,1.0,3.0,1.0
656,2020-06-09,1257472,240956.75,185000.00,HIDDEN,Canceled per Order,,,1.0,1.0,918.0,0.0,230496,97.0,5,3,2018,0.0,1.0,6.0,1.0
657,2020-06-09,1253772,229337.48,129394.00,HIDDEN,Canceled per Order,,,2.0,2.0,1600.0,2500.0,280329,88.0,5,4,2019,0.0,0.0,4.0,1.0
658,2020-06-08,1257339,115638.83,37114.00,HIDDEN,Canceled per Order,,,2.0,1.0,1165.0,6816.0,258649,50.0,32,29,2019,0.0,0.0,2.0,1.0
659,2020-06-08,1258373,903787.96,573360.00,HIDDEN,Canceled per Order,,,5.0,3.0,4380.0,11224.0,781012,103.0,32,6,2016,0.0,1.0,3.0,4.0
660,2020-06-08,1258376,210195.09,183363.00,HIDDEN,Canceled per County,,,4.0,2.0,2168.0,8002.5,246381,94.0,32,11,2018,0.0,0.0,2.0,3.0
661,2020-06-08,1249360,372471.44,206851.00,HIDDEN,Canceled per Order,,,2.0,2.0,891.0,0.0,0,137.0,32,10,2017,0.0,1.0,4.0,1.0
662,2020-06-08,1253518,202717.29,151936.00,HIDDEN,Canceled per Order,,,3.0,1.0,888.0,8100.0,147753,69.0,32,12,2018,0.0,0.0,9.0,2.0
664,2020-06-08,1257033,436934.72,318244.00,HIDDEN,Canceled per Order,,,6.0,4.0,3379.0,6443.0,448846,99.0,32,7,2017,0.0,1.0,3.0,6.0
665,2020-06-08,1259046,333547.50,321275.00,HIDDEN,Canceled per Order,,,4.0,3.0,2417.0,6020.0,443961,66.0,32,28,2019,0.0,0.0,2.0,4.0
666,2020-06-08,1249344,458607.51,204545.00,HIDDEN,Canceled per Order,,,4.0,3.0,2469.0,19554.0,447736,46.0,32,21,2018,0.0,1.0,3.0,1.0
667,2020-06-08,1259042,26750.06,136650.00,HIDDEN,Canceled per Order,,,3.0,1.0,960.0,11538.0,0,103.0,32,22,2019,0.0,0.0,10.0,2.0
668,2020-06-08,1258739,437730.27,129391.00,HIDDEN,Canceled per Order,,,2.0,2.0,979.0,0.0,0,70.0,32,23,2019,0.0,1.0,7.0,3.0
669,2020-06-08,1259550,174066.95,75970.00,HIDDEN,Canceled per Order,,,0.0,1.0,379.0,0.0,0,85.0,32,24,2019,0.0,1.0,4.0,3.0
670,2020-06-08,1257705,443543.95,345001.00,355000.00,Sold to Plaintiff,100.00,09:01 AM,3.0,2.0,1720.0,2734.0,431414,115.0,32,25,2019,1.0,1.0,10.0,1.0
671,2020-06-08,1262269,164747.62,63820.00,355000.00,Other,,,0.0,0.0,0.0,5400.0,347924,52.0,32,26,2019,,0.0,2.0,1.0
672,2020-06-08,1253049,285640.70,355867.00,HIDDEN,Canceled per Order,,,3.0,2.0,2199.0,11277.0,644217,63.0,32,27,2019,0.0,1.0,3.0,1.0
673,2020-06-08,1259559,391704.97,195773.00,HIDDEN,Canceled per Order,,,3.0,2.0,1450.0,7656.0,508394,88.0,32,13,2018,0.0,0.0,4.0,3.0
674,2020-06-08,1259051,363280.69,346971.00,HIDDEN,Canceled per Order,,,2.0,2.0,1410.0,7755.0,564764,144.0,32,5,2016,0.0,0.0,2.0,9.0
675,2020-06-08,1257343,328760.36,251145.00,HIDDEN,Canceled per Order,,,3.0,2.0,2023.0,4158.0,384321,49.0,32,31,2019,0.0,1.0,7.0,1.0
676,2020-06-08,1258785,573028.62,226888.00,306400.00,Canceled per Order,,,3.0,2.0,1657.0,7875.0,428110,192.0,32,3,2015,0.0,0.0,19.0,6.0
677,2020-06-08,1259563,345806.04,302331.00,HIDDEN,Canceled per County,,,3.0,2.0,1707.0,9300.0,432195,100.0,32,19,2018,0.0,1.0,3.0,2.0
678,2020-06-08,1257727,435258.66,198829.00,435258.66,Canceled per Order,,,5.0,3.0,2633.0,4915.68,521049,62.0,32,20,2018,0.0,0.0,1.0,1.0
679,2020-06-08,1257697,398100.35,97585.00,HIDDEN,Canceled per County,,,3.0,2.0,1268.0,9054.0,0,39.0,32,30,2019,0.0,0.0,3.0,1.0
680,2020-06-08,1258789,117697.13,143281.00,HIDDEN,Canceled per Order,,,2.0,2.0,1106.0,0.0,217509,83.0,32,32,2019,0.0,1.0,4.0,3.0
681,2020-06-08,1258794,277065.36,292956.00,HIDDEN,Canceled per Order,,,4.0,2.0,2781.0,7798.0,547970,65.0,32,18,2018,0.0,0.0,2.0,4.0
682,2020-06-08,1257340,588039.85,322899.00,HIDDEN,Canceled per Order,,,4.0,3.0,2547.0,8161.0,0,61.0,32,16,2018,0.0,1.0,4.5,1.0
683,2020-06-08,1259409,524490.55,266222.00,HIDDEN,Canceled per Order,,,2.0,2.0,1353.0,0.0,0,99.0,32,4,2016,0.0,1.0,5.0,2.0
684,2020-06-08,1251997,393808.59,301981.00,HIDDEN,Canceled per Order,,,3.0,2.0,2545.0,6215.0,425269,130.0,32,8,2017,0.0,1.0,2.0,5.0
685,2020-06-08,1259562,402685.14,332169.00,HIDDEN,Canceled per Order,,,4.0,3.0,2080.0,6008.0,456270,184.0,32,2,2015,0.0,0.0,6.0,3.0
686,2020-06-08,1257341,215494.77,305663.00,HIDDEN,Canceled per Order,,,3.0,2.0,1899.0,6377.0,260104,142.0,32,1,2014,0.0,0.0,3.0,1.0
687,2020-06-08,1256823,543826.03,163392.00,543826.03,Canceled per Order,,,3.0,2.0,1558.0,3785.0,315229,103.0,32,15,2018,0.0,1.0,8.0,1.0
688,2020-06-08,1259044,423227.78,291835.00,HIDDEN,Canceled per Order,,,5.0,3.0,2711.0,5910.0,404796,86.0,32,17,2018,0.0,1.0,5.0,2.0
689,2020-06-08,1259561,167970.78,156067.00,HIDDEN,Canceled per Order,,,3.0,1.0,1456.0,5000.0,257454,91.0,32,14,2018,0.0,0.0,2.0,7.0
